flight_id,ArrivalTerminal,baggageID,boardGate,checkinTable,DepartureTerminal,flight_arr_actual_date,flight_arr_actual_full,flight_arr_actual_time,flight_arr_actual_UTC,flight_arr_estimated_date,flight_arr_estimated_full,flight_arr_estimated_time,flight_arr_estimated_UTC,flight_arr_scheduled_date,flight_arr_scheduled_full,flight_arr_scheduled_time,flight_arr_scheduled_UTC,flight_dep_actual_date,flight_dep_actual_full,flight_dep_actual_time,flight_dep_actual_UTC,flight_dep_estimated_date,flight_dep_estimated_full,flight_dep_estimated_time,flight_dep_estimated_UTC,flight_dep_scheduled_date,flight_dep_scheduled_full,flight_dep_scheduled_time,flight_dep_scheduled_UTC,flight_map_flag,flightArr,flightCarrier,flightDate,flightDep,flightNumber,flightStatus,flightTDOWN_date,flightTDOWN_full,flightTDOWN_time,flightTDOWN_UTC,flightTKOFF_date,flightTKOFF_full,flightTKOFF_time,flightTKOFF_UTC,lastUpdatedCache,prev_arrivalstation,prev_ata,prev_atd,prev_carrierCode,prev_departurestation,prev_eta,prev_etd,prev_flightnumber,prev_legcode,prev_sta,prev_std,recordLocator,rego,utcFlightArrival,utcFlightDepart
AK889_2026-04-08_DMK_KUL,2,5,12,4,1,2025-06-03,2025-06-03 23:00:00,11:00 PM,2025-06-03 15:00:00,null,null,null,null,2025-06-03,2025-06-03 23:00:00,11:00 PM,2025-06-03 15:00:00,2025-06-03,2025-06-03 19:47:00,7:47 PM,2025-06-03 12:47:00,null,null,null,null,2025-06-03,2025-06-03 19:50:00,7:50 PM,2025-06-03 12:50:00,False,KUL,AK,2025-06-03,DMK,"""AK 889  """,Landed,null,null,null,null,null,null,null,null,2025-06-03 16:31:09,DMK,2025-06-03T12:17:00,2025-06-03T10:02:00,AK,KUL,2025-06-03T12:19:00,null,"""888  ""","""  """,2025-06-03T12:20:00,2025-06-03T10:00:00,null,9M-AJG,2025-06-03 03:00:00,2025-06-03 12:50:00
AK516_2025-12-27_KUL_HAN,2,8,P13,"""U,V,W,X,Y""",2,2025-06-02,2025-06-02 08:16:00,8:16 AM,2025-06-02 01:16:00,null,null,null,null,2025-06-02,2025-06-02 08:15:00,8:15 AM,2025-06-02 01:15:00,2025-06-02,2025-06-02 06:05:00,6:05 AM,2025-06-01 22:05:00,null,null,null,null,2025-06-02,2025-06-02 06:05:00,6:05 AM,2025-06-01 22:05:00,False,HAN,AK,2025-06-01,KUL,"""AK 516  """,Landed,null,null,null,null,null,null,null,null,2025-06-02 01:31:10,"""   """,null,null,"""  ""","""   """,null,null,"""     ""","""  """,null,null,null,9M-AHL,2025-06-02 01:15:00,2025-06-01 22:05:00
AK886_2025-01-22_KUL_DMK,1,6,L7,"""U,V,W,X,Y""",2,2025-06-03,2025-06-03 17:21:00,5:21 PM,2025-06-03 10:21:00,null,null,null,null,2025-06-03,2025-06-03 17:15:00,5:15 PM,2025-06-03 10:15:00,2025-06-03,2025-06-03 16:19:00,4:19 PM,2025-06-03 08:19:00,null,null,null,null,2025-06-03,2025-06-03 16:05:00,4:05 PM,2025-06-03 08:05:00,False,DMK,AK,2025-06-03,KUL,"""AK 886  """,Landed,null,null,null,null,null,null,null,null,2025-06-03 11:21:12,KUL,2025-06-03T07:41:00,2025-06-03T03:45:00,AK,SZX,2025-06-03T07:46:00,null,"""127  ""","""  """,2025-06-03T07:35:00,2025-06-03T03:25:00,null,9M-AGQ,2025-06-03 10:15:00,2025-06-03 08:05:00
AK4103_2025-01-03,1,,6,,""" """,2025-06-01,2025-06-01 22:50:00,10:50 PM,2025-06-01 14:50:00,null,null,null,null,2025-06-01,2025-06-01 23:00:00,11:00 PM,2025-06-01 15:00:00,2025-06-01,2025-06-01 20:12:00,8:12 PM,2025-06-01 12:12:00,null,null,null,null,2025-06-01,2025-06-01 20:30:00,8:30 PM,2025-06-01 12:30:00,False,BKI,AK,2025-06-01,SZB,"""AK 4103 """,Landed,null,null,null,null,null,null,null,null,2025-06-01 15:01:12,SZB,2025-06-01T11:10:00,2025-06-01T09:29:00,AK,KCH,2025-06-01T11:25:00,null,"""4236 ""","""  """,2025-06-01T11:30:00,2025-06-01T09:40:00,null,9M-RAA,2025-06-01 03:00:00,2025-06-01 12:30:00
AK6180_2025-04-19_KCH_MYY,""" """,,,,""" """,2025-06-02,2025-06-02 07:34:00,7:34 AM,2025-06-01 23:34:00,null,null,null,null,2025-06-02,2025-06-02 08:01:00,8:01 AM,2025-06-02 00:01:00,2025-06-02,2025-06-02 06:38:00,6:38 AM,2025-06-01 22:38:00,null,null,null,null,2025-06-02,2025-06-02 07:00:00,7:00 AM,2025-06-01 23:00:00,False,MYY,AK,2025-06-01,KCH,"""AK 6180 """,Landed,null,null,null,null,null,null,null,null,2025-06-01 23:51:12,"""   """,null,null,"""  ""","""   """,null,null,"""     ""","""  """,null,null,null,9M-AQF,2025-06-02 12:01:00,2025-06-01 23:00:00
AK881_2025-05-10_DMK_KUL,2,7,23,4,1,2025-06-01,2025-06-01 13:19:00,1:19 PM,2025-06-01 05:19:00,null,null,null,null,2025-06-01,2025-06-01 13:20:00,1:20 PM,2025-06-01 05:20:00,2025-06-01,2025-06-01 09:59:00,9:59 AM,2025-06-01 02:59:00,null,null,null,null,2025-06-01,2025-06-01 10:05:00,10:05 AM,2025-06-01 03:05:00,False,KUL,AK,2025-06-01,DMK,"""AK 881  """,Landed,null,null,null,null,null,null,null,null,2025-06-01 05:41:21,DMK,2025-06-01T02:26:00,2025-06-01T00:12:00,AK,KUL,2025-06-01T02:28:00,null,"""880  ""","""  """,2025-06-01T02:30:00,2025-06-01T00:20:00,null,9M-AGS,2025-06-01 05:20:00,2025-06-01 03:05:00
AK5648_2026-02-14_KUL_MYY,""" """,,K8,"""S,T""",2,2025-06-02,2025-06-02 23:43:00,11:43 PM,2025-06-02 15:43:00,null,null,null,null,2025-06-02,2025-06-02 22:10:00,10:10 PM,2025-06-02 14:10:00,2025-06-02,2025-06-02 21:25:00,9:25 PM,2025-06-02 13:25:00,null,null,null,null,2025-06-02,2025-06-02 19:50:00,7:50 PM,2025-06-02 11:50:00,False,MYY,AK,2025-06-02,KUL,"""AK 5648 """,LANDED,null,null,null,null,null,null,null,null,2025-06-02 16:51:12,KUL,2025-06-02T12:45:00,2025-06-02T10:34:00,AK,SGN,2025-06-02T12:35:00,2025-06-02T10:05:00,"""523  ""","""  """,2025-06-02T11:10:00,2025-06-02T09:10:00,null,9M-AFE,2025-06-02 02:10:00,2025-06-02 11:50:00
AK6119_2025-02-18_PEN_KUL,2,3,A1A,24-36,""" """,2025-06-01,2025-06-01 12:00:00,12:00 PM,2025-06-01 04:00:00,null,null,null,null,2025-06-01,2025-06-01 12:00:00,12:00 PM,2025-06-01 04:00:00,2025-06-01,2025-06-01 11:03:00,11:03 AM,2025-06-01 03:03:00,null,null,null,null,2025-06-01,2025-06-01 11:00:00,11:00 AM,2025-06-01 03:00:00,False,KUL,AK,2025-06-01,PEN,"""AK 6119 """,Landed,null,null,null,null,null,null,null,null,2025-06-01 04:51:14,PEN,2025-06-01T02:28:00,2025-06-01T01:30:00,AK,KUL,2025-06-01T02:24:00,null,"""6118 ""","""  """,2025-06-01T02:25:00,2025-06-01T01:30:00,null,9M-AJN,2025-06-01 04:00:00,2025-06-01 03:00:00
AK123_2024-12-09,,10,304,E,,2025-06-02,2025-06-02 02:31:00,2:31 AM,2025-06-01 18:31:00,null,null,null,null,2025-06-02,2025-06-02 01:55:00,1:55 AM,2025-06-01 17:55:00,2025-06-01,2025-06-01 22:21:00,10:21 PM,2025-06-01 14:21:00,null,null,null,null,2025-06-01,2025-06-01 21:50:00,9:50 PM,2025-06-01 13:50:00,False,KUL,AK,2025-06-01,SZX,"""AK 123  """,Landed,null,null,null,null,null,null,null,null,2025-06-01 18:41:12,SZX,2025-06-01T13:31:00,2025-06-01T09:00:00,AK,KUL,2025-06-01T13:24:00,2025-06-01T08:45:00,"""122  ""","""  """,2025-06-01T12:45:00,2025-06-01T08:30:00,null,9M-AGC,2025-06-01 05:55:00,2025-06-01 13:50:00
AK887_2026-01-08_DMK_KUL,2,6,23,4,1,2025-06-03,2025-06-03 20:12:00,8:12 PM,2025-06-03 12:12:00,null,null,null,null,2025-06-03,2025-06-03 20:05:00,8:05 PM,2025-06-03 12:05:00,2025-06-03,2025-06-03 16:54:00,4:54 PM,2025-06-03 09:54:00,null,null,null,null,2025-06-03,2025-06-03 16:50:00,4:50 PM,2025-06-03 09:50:00,False,KUL,AK,2025-06-03,DMK,"""AK 887  """,Landed,null,null,null,null,null,null,null,null,2025-06-03 12:41:12,DMK,2025-06-03T09:15:00,2025-06-03T06:47:00,AK,KUL,2025-06-03T08:56:00,null,"""886  ""","""  """,2025-06-03T09:20:00,2025-06-03T07:00:00,null,9M-RAJ,2025-06-03 12:05:00,2025-06-03 09:50:00
AK6091_2025-04-08_SBW_BKI,""" """,,,1-7,""" """,2025-06-02,2025-06-02 08:43:00,8:43 AM,2025-06-02 00:43:00,null,null,null,null,2025-06-02,2025-06-02 08:50:00,8:50 AM,2025-06-02 00:50:00,2025-06-02,2025-06-02 07:30:00,7:30 AM,2025-06-01 23:30:00,null,null,null,null,2025-06-02,2025-06-02 07:35:00,7:35 AM,2025-06-01 23:35:00,False,BKI,AK,2025-06-01,SBW,"""AK 6091 """,Landed,null,null,null,null,null,null,null,null,2025-06-02 00:51:11,SBW,2025-06-01T23:05:00,2025-06-01T21:53:00,AK,BKI,2025-06-01T23:07:00,null,"""6090 ""","""  """,2025-06-01T23:10:00,2025-06-01T22:00:00,null,9M-NEO,2025-06-02 12:50:00,2025-06-01 23:35:00
AK6044_2026-04-12_KUL_JHB,""" """,,K10,"""S,T""",2,2025-06-02,2025-06-02 17:27:00,5:27 PM,2025-06-02 09:27:00,null,null,null,null,2025-06-02,2025-06-02 17:15:00,5:15 PM,2025-06-02 09:15:00,2025-06-02,2025-06-02 16:34:00,4:34 PM,2025-06-02 08:34:00,null,null,null,null,2025-06-02,2025-06-02 16:25:00,4:25 PM,2025-06-02 08:25:00,False,JHB,AK,2025-06-02,KUL,"""AK 6044 """,Landed,null,null,null,null,null,null,null,null,2025-06-02 09:41:10,KUL,2025-06-02T08:04:00,2025-06-02T04:02:00,AK,HKG,2025-06-02T08:02:00,null,"""139  ""","""  """,2025-06-02T07:55:00,2025-06-02T03:55:00,null,9M-AHZ,2025-06-02 09:15:00,2025-06-02 08:25:00
AK6472_2025-10-23_KCH_SBW,""" """,,3,,""" """,2025-06-01,2025-06-01 10:08:00,10:08 AM,2025-06-01 02:08:00,null,null,null,null,2025-06-01,2025-06-01 10:10:00,10:10 AM,2025-06-01 02:10:00,2025-06-01,2025-06-01 09:29:00,9:29 AM,2025-06-01 01:29:00,null,null,null,null,2025-06-01,2025-06-01 09:35:00,9:35 AM,2025-06-01 01:35:00,False,SBW,AK,2025-06-01,KCH,"""AK 6472 """,Landed,null,null,null,null,null,null,null,null,2025-06-01 02:21:13,KCH,2025-06-01T01:04:00,2025-05-31T23:42:00,AK,BKI,2025-06-01T01:04:00,null,"""6351 ""","""  """,2025-06-01T01:10:00,2025-05-31T23:50:00,null,9M-DAE,2025-06-01 02:10:00,2025-06-01 01:35:00
AK380_2026-04-09_KUL_CGK,2,,P4,"""U,V,W,X,Y""",2,2025-06-06,2025-06-06 08:03:00,8:03 AM,2025-06-06 01:03:00,null,null,null,null,2025-06-06,2025-06-06 08:05:00,8:05 AM,2025-06-06 01:05:00,2025-06-06,2025-06-06 06:56:00,6:56 AM,2025-06-05 22:56:00,null,null,null,null,2025-06-06,2025-06-06 07:00:00,7:00 AM,2025-06-05 23:00:00,False,CGK,AK,2025-06-05,KUL,"""AK 380  """,Landed,null,null,null,null,null,null,null,null,2025-06-06 01:31:10,"""   """,null,null,"""  ""","""   """,null,null,"""     ""","""  """,null,null,null,9M-AQB,2025-06-06 01:05:00,2025-06-05 23:00:00
AK348_2025-09-28_KUL_YIA,""" """,,L14,"""U,V,W,X,Y""",2,2025-06-02,2025-06-02 17:26:00,5:26 PM,2025-06-02 10:26:00,null,null,null,null,2025-06-02,2025-06-02 17:05:00,5:05 PM,2025-06-02 10:05:00,2025-06-02,2025-06-02 16:08:00,4:08 PM,2025-06-02 08:08:00,null,null,null,null,2025-06-02,2025-06-02 15:30:00,3:30 PM,2025-06-02 07:30:00,False,YIA,AK,2025-06-02,KUL,"""AK 348  """,Landed,null,null,null,null,null,null,null,null,2025-06-02 10:31:10,KUL,2025-06-02T07:28:00,2025-06-02T06:24:00,AK,PEN,2025-06-02T07:30:00,2025-06-02T06:20:00,"""6154 ""","""  """,2025-06-02T07:00:00,2025-06-02T06:00:00,null,9M-AHE,2025-06-02 10:05:00,2025-06-02 07:30:00
AK6145_2026-03-12_PEN_KUL,2,3,B3,24-36,""" """,2025-06-06,2025-06-06 07:40:00,7:40 AM,2025-06-05 23:40:00,null,null,null,null,2025-06-06,2025-06-06 07:55:00,7:55 AM,2025-06-05 23:55:00,2025-06-06,2025-06-06 06:37:00,6:37 AM,2025-06-05 22:37:00,null,null,null,null,2025-06-06,2025-06-06 06:55:00,6:55 AM,2025-06-05 22:55:00,False,KUL,AK,2025-06-05,PEN,"""AK 6145 """,Landed,null,null,null,null,null,null,null,null,2025-06-06 00:11:15,"""   """,null,null,"""  ""","""   """,null,null,"""     ""","""  """,null,null,null,9M-DAG,2025-06-05 11:55:00,2025-06-05 22:55:00
AK1574_2026-03-10_BKI_HGH,4,28,B6,D,1,2025-06-01,2025-06-01 19:41:00,7:41 PM,2025-06-01 11:41:00,null,null,null,null,2025-06-01,2025-06-01 19:30:00,7:30 PM,2025-06-01 11:30:00,2025-06-01,2025-06-01 15:05:00,3:05 PM,2025-06-01 07:05:00,null,null,null,null,2025-06-01,2025-06-01 15:05:00,3:05 PM,2025-06-01 07:05:00,False,HGH,AK,2025-06-01,BKI,"""AK 1574 """,Landed,null,null,null,null,null,null,null,null,2025-06-01 12:41:11,BKI,2025-06-01T06:25:00,2025-06-01T00:55:00,AK,ICN,2025-06-01T06:35:00,null,"""1624 ""","""  """,2025-06-01T06:30:00,2025-06-01T01:15:00,null,9M-RAK,2025-06-01 11:30:00,2025-06-01 07:05:00
AK5208_2025-10-14_KUL_KCH,""" """,C,J11,"""S,T""",2,2025-06-02,2025-06-02 14:04:00,2:04 PM,2025-06-02 06:04:00,null,null,null,null,2025-06-02,2025-06-02 14:10:00,2:10 PM,2025-06-02 06:10:00,2025-06-02,2025-06-02 12:19:00,12:19 PM,2025-06-02 04:19:00,null,null,null,null,2025-06-02,2025-06-02 12:25:00,12:25 PM,2025-06-02 04:25:00,False,KCH,AK,2025-06-02,KUL,"""AK 5208 """,Landed,null,null,null,null,null,null,null,null,2025-06-02 06:11:12,KUL,2025-06-02T03:48:00,2025-06-02T02:45:00,AK,PEN,2025-06-02T03:56:00,null,"""6119 ""","""  """,2025-06-02T03:55:00,2025-06-02T02:55:00,null,9M-AJN,2025-06-02 06:10:00,2025-06-02 04:25:00
AK1582_2025-07-22_KNO_PEN,""" """,C,,B,""" """,2025-06-02,2025-06-02 15:35:00,3:35 PM,2025-06-02 07:35:00,null,null,null,null,2025-06-02,2025-06-02 15:10:00,3:10 PM,2025-06-02 07:10:00,2025-06-02,2025-06-02 13:55:00,1:55 PM,2025-06-02 06:55:00,null,null,null,null,2025-06-02,2025-06-02 13:25:00,1:25 PM,2025-06-02 06:25:00,False,PEN,AK,2025-06-02,KNO,"""AK 1582 """,Landed,null,null,null,null,null,null,null,null,2025-06-02 07:51:16,KNO,2025-06-02T06:15:00,2025-06-02T05:14:00,AK,PEN,2025-06-02T06:18:00,null,"""1583 ""","""  """,2025-06-02T06:00:00,2025-06-02T05:10:00,null,9M-AJS,2025-06-02 07:10:00,2025-06-02 06:25:00
AK1506_2024-12-18,""" """,,B6B,D,""" """,null,null,null,null,2025-06-01,2025-06-01 11:26:00,11:26 AM,2025-06-01 03:26:00,2025-06-01,2025-06-01 11:15:00,11:15 AM,2025-06-01 03:15:00,2025-06-01,2025-06-01 08:15:00,8:15 AM,2025-06-01 00:15:00,null,null,null,null,2025-06-01,2025-06-01 08:20:00,8:20 AM,2025-06-01 00:20:00,False,KHH,AK,2025-06-01,BKI,"""AK 1506 """,Departed On Time,null,null,null,null,null,null,null,null,2025-06-01 00:41:15,BKI,2025-05-31T20:55:00,2025-05-31T15:42:00,AK,ICN,2025-05-31T21:13:00,null,"""1624 ""","""  """,2025-05-31T21:35:00,2025-05-31T16:05:00,null,9M-RAP,2025-06-01 03:15:00,2025-06-01 00:20:00
AK6188_2026-03-16_KCH_MYY,""" """,,3,,""" """,2025-06-01,2025-06-01 19:17:00,7:17 PM,2025-06-01 11:17:00,null,null,null,null,2025-06-01,2025-06-01 19:30:00,7:30 PM,2025-06-01 11:30:00,2025-06-01,2025-06-01 18:18:00,6:18 PM,2025-06-01 10:18:00,null,null,null,null,2025-06-01,2025-06-01 18:30:00,6:30 PM,2025-06-01 10:30:00,False,MYY,AK,2025-06-01,KCH,"""AK 6188 """,Landed,null,null,null,null,null,null,null,null,2025-06-01 11:21:20,KCH,2025-06-01T09:50:00,2025-06-01T08:51:00,AK,MYY,2025-06-01T09:54:00,2025-06-01T08:43:00,"""6183 ""","""  """,2025-06-01T09:30:00,2025-06-01T08:30:00,null,9M-AQN,2025-06-01 11:30:00,2025-06-01 10:30:00
AK387_2026-01-20_CGK_KUL,2,8,F2,91-98,2,null,null,null,null,null,null,null,null,2025-06-03,2025-06-03 22:50:00,10:50 PM,2025-06-03 14:50:00,null,null,null,null,null,null,null,null,2025-06-03,2025-06-03 19:25:00,7:25 PM,2025-06-03 12:25:00,False,KUL,AK,2025-06-03,CGK,"""AK 387  """,Landed,null,null,null,null,null,null,null,null,2025-06-03 17:51:09,CGK,null,null,AK,KUL,null,null,"""386  ""","""  """,2025-06-03T11:20:00,2025-06-03T09:10:00,null,9M-AFD,2025-06-03 02:50:00,2025-06-03 12:25:00
AK5143_2025-05-01_BKI_KUL,2,,A9,D01-D16,""" """,2025-06-01,2025-06-01 23:19:00,11:19 PM,2025-06-01 15:19:00,null,null,null,null,2025-06-01,2025-06-01 22:20:00,10:20 PM,2025-06-01 14:20:00,2025-06-01,2025-06-01 20:44:00,8:44 PM,2025-06-01 12:44:00,null,null,null,null,2025-06-01,2025-06-01 19:45:00,7:45 PM,2025-06-01 11:45:00,False,KUL,AK,2025-06-01,BKI,"""AK 5143 """,Landed,null,null,null,null,null,null,null,null,2025-06-01 15:41:19,BKI,2025-06-01T12:15:00,2025-06-01T09:14:00,AK,KUL,2025-06-01T12:13:00,2025-06-01T09:05:00,"""5142 ""","""  """,2025-06-01T11:10:00,2025-06-01T08:35:00,null,9M-RAB,2025-06-01 02:20:00,2025-06-01 11:45:00
AK856_2026-02-15_KUL_CNX,2,4,L16,"""U,V,W,X,Y""",2,2025-06-03,2025-06-03 15:13:00,3:13 PM,2025-06-03 08:13:00,null,null,null,null,2025-06-03,2025-06-03 14:45:00,2:45 PM,2025-06-03 07:45:00,2025-06-03,2025-06-03 13:32:00,1:32 PM,2025-06-03 05:32:00,null,null,null,null,2025-06-03,2025-06-03 13:00:00,1:00 PM,2025-06-03 05:00:00,False,CNX,AK,2025-06-03,KUL,"""AK 856  """,Landed,null,null,null,null,null,null,null,null,2025-06-03 09:11:10,KUL,2025-06-03T04:50:00,2025-06-03T03:36:00,AK,LGK,2025-06-03T04:55:00,null,"""6335 ""","""  """,2025-06-03T04:30:00,2025-06-03T03:30:00,null,9M-AJP,2025-06-03 07:45:00,2025-06-03 05:00:00
AK5031_2025-02-09_SBW_JHB,""" """,,,1-7,""" """,2025-06-01,2025-06-01 13:06:00,1:06 PM,2025-06-01 05:06:00,null,null,null,null,2025-06-01,2025-06-01 13:20:00,1:20 PM,2025-06-01 05:20:00,2025-06-01,2025-06-01 11:32:00,11:32 AM,2025-06-01 03:32:00,null,null,null,null,2025-06-01,2025-06-01 11:45:00,11:45 AM,2025-06-01 03:45:00,False,JHB,AK,2025-06-01,SBW,"""AK 5031 """,Landed,null,null,null,null,null,null,null,null,2025-06-01 05:21:11,SBW,2025-06-01T03:04:00,2025-06-01T01:33:00,AK,JHB,2025-06-01T03:08:00,null,"""5030 ""","""  """,2025-06-01T03:20:00,2025-06-01T01:45:00,null,9M-AQB,2025-06-01 05:20:00,2025-06-01 03:45:00
AK6130_2025-01-26_KUL_PEN,""" """,F,J1,"""S,T""",2,2025-06-01,2025-06-01 22:46:00,10:46 PM,2025-06-01 14:46:00,null,null,null,null,2025-06-01,2025-06-01 19:15:00,7:15 PM,2025-06-01 11:15:00,2025-06-01,2025-06-01 21:42:00,9:42 PM,2025-06-01 13:42:00,null,null,null,null,2025-06-01,2025-06-01 18:15:00,6:15 PM,2025-06-01 10:15:00,False,PEN,AK,2025-06-01,KUL,"""AK 6130 """,Landed,null,null,null,null,null,null,null,null,2025-06-01 15:51:14,KUL,2025-06-01T13:03:00,2025-06-01T12:01:00,AK,PEN,2025-06-01T12:57:00,2025-06-01T11:50:00,"""6131 ""","""  """,2025-06-01T09:45:00,2025-06-01T08:40:00,null,9M-DAE,2025-06-01 11:15:00,2025-06-01 10:15:00
AK1502_2025-01-17_PEN_SGN,2,,A1A,24-36,""" """,2025-06-02,2025-06-02 12:58:00,12:58 PM,2025-06-02 05:58:00,null,null,null,null,2025-06-02,2025-06-02 13:05:00,1:05 PM,2025-06-02 06:05:00,2025-06-02,2025-06-02 12:10:00,12:10 PM,2025-06-02 04:10:00,null,null,null,null,2025-06-02,2025-06-02 12:15:00,12:15 PM,2025-06-02 04:15:00,False,SGN,AK,2025-06-02,PEN,"""AK 1502 """,Landed,null,null,null,null,null,null,null,null,2025-06-02 06:01:13,PEN,2025-06-02T03:38:00,2025-06-02T02:44:00,AK,KUL,2025-06-02T03:41:00,null,"""6142 ""","""  """,2025-06-02T03:40:00,2025-06-02T02:45:00,null,9M-AQZ,2025-06-02 06:05:00,2025-06-02 04:15:00
AK1723_2025-08-02_PEN_SIN,4,2,A1A,24-36,""" """,2025-06-02,2025-06-02 15:29:00,3:29 PM,2025-06-02 07:29:00,null,null,null,null,2025-06-02,2025-06-02 13:20:00,1:20 PM,2025-06-02 05:20:00,2025-06-02,2025-06-02 13:55:00,1:55 PM,2025-06-02 05:55:00,null,null,null,null,2025-06-02,2025-06-02 11:50:00,11:50 AM,2025-06-02 03:50:00,False,SIN,AK,2025-06-02,PEN,"""AK 1723 """,Landed,null,null,null,null,null,null,null,null,2025-06-02 08:51:18,PEN,2025-06-02T03:54:00,2025-06-02T01:24:00,AK,BKI,2025-06-02T04:05:00,null,"""5323 ""","""  """,2025-06-02T04:00:00,2025-06-02T01:20:00,null,9M-AQQ,2025-06-02 05:20:00,2025-06-02 03:50:00
AK5740_2026-03-23_KUL_TWU,""" """,B,K14,"""S,T""",2,2025-06-03,2025-06-03 13:02:00,1:02 PM,2025-06-03 05:02:00,null,null,null,null,2025-06-03,2025-06-03 13:10:00,1:10 PM,2025-06-03 05:10:00,2025-06-03,2025-06-03 10:11:00,10:11 AM,2025-06-03 02:11:00,null,null,null,null,2025-06-03,2025-06-03 10:15:00,10:15 AM,2025-06-03 02:15:00,False,TWU,AK,2025-06-03,KUL,"""AK 5740 """,Landed,null,null,null,null,null,null,null,null,2025-06-03 05:21:13,"""   """,null,null,"""  ""","""   """,null,null,"""     ""","""  """,null,null,null,9M-VAF,2025-06-03 05:10:00,2025-06-03 02:15:00
AK6352_2025-04-23_KCH_BKI,1,,,,""" """,2025-06-01,2025-06-01 17:39:00,5:39 PM,2025-06-01 09:39:00,null,null,null,null,2025-06-01,2025-06-01 17:30:00,5:30 PM,2025-06-01 09:30:00,2025-06-01,2025-06-01 16:14:00,4:14 PM,2025-06-01 08:14:00,null,null,null,null,2025-06-01,2025-06-01 16:00:00,4:00 PM,2025-06-01 08:00:00,False,BKI,AK,2025-06-01,KCH,"""AK 6352 """,Landed,null,null,null,null,null,null,null,null,2025-06-01 09:41:13,KCH,2025-06-01T07:43:00,2025-06-01T05:56:00,AK,KUL,2025-06-01T07:48:00,null,"""5210 ""","""  """,2025-06-01T07:35:00,2025-06-01T05:55:00,null,9M-AQH,2025-06-01 09:30:00,2025-06-01 08:00:00
AK118_2026-04-02_KUL_CAN,3,71,L10,"""U,V,W,X,Y""",2,2025-06-03,2025-06-03 00:38:00,12:38 AM,2025-06-02 16:38:00,null,null,null,null,2025-06-03,2025-06-03 00:30:00,12:30 AM,2025-06-02 16:30:00,2025-06-02,2025-06-02 20:21:00,8:21 PM,2025-06-02 12:21:00,null,null,null,null,2025-06-02,2025-06-02 20:15:00,8:15 PM,2025-06-02 12:15:00,False,CAN,AK,2025-06-02,KUL,"""AK 118  """,Landed,null,null,null,null,null,null,null,null,2025-06-02 16:51:09,KUL,2025-06-02T11:28:00,2025-06-02T10:18:00,AK,LGK,2025-06-02T11:31:00,null,"""6311 ""","""  """,2025-06-02T11:20:00,2025-06-02T10:20:00,null,9M-VAH,2025-06-02 04:30:00,2025-06-02 12:15:00
AK1534_2025-08-01_BKI_CAN,1,3,B2,D,1,null,null,null,null,2025-06-02,2025-06-02 00:46:00,12:46 AM,2025-06-01 16:46:00,2025-06-01,2025-06-01 23:20:00,11:20 PM,2025-06-01 15:20:00,2025-06-01,2025-06-01 21:33:00,9:33 PM,2025-06-01 13:33:00,null,null,null,null,2025-06-01,2025-06-01 20:05:00,8:05 PM,2025-06-01 12:05:00,False,CAN,AK,2025-06-01,BKI,"""AK 1534 """,Departed,null,null,null,null,null,null,null,null,2025-06-01 14:01:11,BKI,2025-06-01T10:14:00,2025-06-01T09:16:00,AK,MYY,2025-06-01T10:09:00,null,"""6074 ""","""  """,2025-06-01T10:05:00,2025-06-01T09:15:00,null,9M-RAI,2025-06-01 03:20:00,2025-06-01 12:05:00
AK483_2026-04-05_KUL_BPN,""" """,2,L5,"""U,V,W,X,Y""",2,2025-06-02,2025-06-02 18:27:00,6:27 PM,2025-06-02 10:27:00,null,null,null,null,2025-06-02,2025-06-02 18:50:00,6:50 PM,2025-06-02 10:50:00,2025-06-02,2025-06-02 15:48:00,3:48 PM,2025-06-02 07:48:00,null,null,null,null,2025-06-02,2025-06-02 15:55:00,3:55 PM,2025-06-02 07:55:00,False,BPN,AK,2025-06-02,KUL,"""AK 483  """,Landed,null,null,null,null,null,null,null,null,2025-06-02 11:41:09,KUL,2025-06-02T07:13:00,2025-06-02T06:05:00,AK,SIN,2025-06-02T07:20:00,null,"""712  ""","""  """,2025-06-02T07:20:00,2025-06-02T06:10:00,null,9M-DAB,2025-06-02 10:50:00,2025-06-02 07:55:00
AK1381_2026-02-19_KMG_JHB,""" """,,68,"""J,K""",""" """,2025-06-02,2025-06-02 06:33:00,6:33 AM,2025-06-01 22:33:00,null,null,null,null,2025-06-02,2025-06-02 06:45:00,6:45 AM,2025-06-01 22:45:00,2025-06-02,2025-06-02 02:30:00,2:30 AM,2025-06-01 18:30:00,null,null,null,null,2025-06-02,2025-06-02 02:30:00,2:30 AM,2025-06-01 18:30:00,False,JHB,AK,2025-06-01,KMG,"""AK 1381 """,Landed,null,null,null,null,null,null,null,null,2025-06-01 22:51:10,"""   """,null,null,"""  ""","""   """,null,null,"""     ""","""  """,null,null,null,9M-AFE,2025-06-01 10:45:00,2025-06-01 18:30:00
AK6305_2025-04-21_LGK_KUL,2,2,,1-9,""" """,2025-06-01,2025-06-01 14:34:00,2:34 PM,2025-06-01 06:34:00,null,null,null,null,2025-06-01,2025-06-01 14:45:00,2:45 PM,2025-06-01 06:45:00,2025-06-01,2025-06-01 13:21:00,1:21 PM,2025-06-01 05:21:00,null,null,null,null,2025-06-01,2025-06-01 13:35:00,1:35 PM,2025-06-01 05:35:00,False,KUL,AK,2025-06-01,LGK,"""AK 6305 """,Landed,null,null,null,null,null,null,null,null,2025-06-01 06:41:13,LGK,2025-06-01T04:52:00,2025-06-01T03:51:00,AK,KUL,2025-06-01T04:58:00,null,"""6304 ""","""  """,2025-06-01T05:05:00,2025-06-01T04:00:00,null,9M-AHL,2025-06-01 06:45:00,2025-06-01 05:35:00
AK705_2026-02-02_KUL_SIN,4,2,P4,"""U,V,W,X,Y""",2,2025-06-03,2025-06-03 09:07:00,9:07 AM,2025-06-03 01:07:00,null,null,null,null,2025-06-03,2025-06-03 09:05:00,9:05 AM,2025-06-03 01:05:00,2025-06-03,2025-06-03 07:56:00,7:56 AM,2025-06-02 23:56:00,null,null,null,null,2025-06-03,2025-06-03 07:55:00,7:55 AM,2025-06-02 23:55:00,False,SIN,AK,2025-06-02,KUL,"""AK 705  """,Landed,null,null,null,null,null,null,null,null,2025-06-03 01:31:21,"""   """,null,null,"""  ""","""   """,null,null,"""     ""","""  """,null,null,null,9M-VAH,2025-06-03 01:05:00,2025-06-02 23:55:00
AK640_2026-03-27_KUL_DAD,2,4,Q3,"""U,V,W,X,Y""",2,2025-06-03,2025-06-03 15:20:00,3:20 PM,2025-06-03 08:20:00,null,null,null,null,2025-06-03,2025-06-03 15:15:00,3:15 PM,2025-06-03 08:15:00,2025-06-03,2025-06-03 13:44:00,1:44 PM,2025-06-03 05:44:00,null,null,null,null,2025-06-03,2025-06-03 13:40:00,1:40 PM,2025-06-03 05:40:00,False,DAD,AK,2025-06-03,KUL,"""AK 640  """,Landed,null,null,null,null,null,null,null,null,2025-06-03 08:31:12,KUL,2025-06-03T05:03:00,2025-06-03T02:55:00,AK,DMK,2025-06-03T05:09:00,null,"""881  ""","""  """,2025-06-03T05:10:00,2025-06-03T02:55:00,null,9M-AGV,2025-06-03 08:15:00,2025-06-03 05:40:00
AK825_2025-05-25_HKT_KUL,2,4,15,D2-D5,""" """,2025-06-01,2025-06-01 16:00:00,4:00 PM,2025-06-01 08:00:00,null,null,null,null,2025-06-01,2025-06-01 16:10:00,4:10 PM,2025-06-01 08:10:00,2025-06-01,2025-06-01 13:28:00,1:28 PM,2025-06-01 06:28:00,null,null,null,null,2025-06-01,2025-06-01 13:35:00,1:35 PM,2025-06-01 06:35:00,False,KUL,AK,2025-06-01,HKT,"""AK 825  """,Landed,null,null,null,null,null,null,null,null,2025-06-01 08:11:11,HKT,2025-06-01T05:58:00,2025-06-01T04:18:00,AK,KUL,2025-06-01T05:55:00,null,"""824  ""","""  """,2025-06-01T06:00:00,2025-06-01T04:30:00,null,9M-AGU,2025-06-01 08:10:00,2025-06-01 06:35:00
AK6447_2025-04-16_KBR_KUL,2,1,,12-15,""" """,2025-06-02,2025-06-02 23:04:00,11:04 PM,2025-06-02 15:04:00,null,null,null,null,2025-06-02,2025-06-02 22:35:00,10:35 PM,2025-06-02 14:35:00,2025-06-02,2025-06-02 21:52:00,9:52 PM,2025-06-02 13:52:00,null,null,null,null,2025-06-02,2025-06-02 21:30:00,9:30 PM,2025-06-02 13:30:00,False,KUL,AK,2025-06-02,KBR,"""AK 6447 """,Landed,null,null,null,null,null,null,null,null,2025-06-02 15:11:10,KBR,2025-06-02T13:26:00,2025-06-02T12:18:00,AK,KUL,2025-06-02T13:29:00,2025-06-02T12:25:00,"""6446 ""","""  """,2025-06-02T13:00:00,2025-06-02T11:55:00,null,9M-RAC,2025-06-02 02:35:00,2025-06-02 13:30:00
AK5211_2025-05-17_KCH_KUL,2,1,1,,""" """,2025-06-03,2025-06-03 23:07:00,11:07 PM,2025-06-03 15:07:00,null,null,null,null,2025-06-03,2025-06-03 22:50:00,10:50 PM,2025-06-03 14:50:00,2025-06-03,2025-06-03 21:33:00,9:33 PM,2025-06-03 13:33:00,null,null,null,null,2025-06-03,2025-06-03 21:00:00,9:00 PM,2025-06-03 13:00:00,False,KUL,AK,2025-06-03,KCH,"""AK 5211 """,Landed,null,null,null,null,null,null,null,null,2025-06-03 15:21:12,KCH,2025-06-03T13:05:00,2025-06-03T10:57:00,AK,KUL,2025-06-03T13:06:00,2025-06-03T10:49:00,"""5220 ""","""  """,2025-06-03T12:35:00,2025-06-03T10:45:00,null,9M-AJY,2025-06-03 02:50:00,2025-06-03 13:00:00
AK640_2024-12-03,,B4,Q13,"""U,V,W,X,Y""",,2025-06-01,2025-06-01 15:39:00,3:39 PM,2025-06-01 08:39:00,null,null,null,null,2025-06-01,2025-06-01 15:15:00,3:15 PM,2025-06-01 08:15:00,2025-06-01,2025-06-01 14:02:00,2:02 PM,2025-06-01 06:02:00,null,null,null,null,2025-06-01,2025-06-01 13:40:00,1:40 PM,2025-06-01 05:40:00,False,DAD,AK,2025-06-01,KUL,"""AK 640  """,Landed,null,null,null,null,null,null,null,null,2025-06-01 09:11:15,KUL,2025-06-01T05:18:00,2025-06-01T02:02:00,AK,HAN,2025-06-01T05:27:00,null,"""517  ""","""  """,2025-06-01T05:15:00,2025-06-01T02:00:00,null,9M-AJT,2025-06-01 08:15:00,2025-06-01 05:40:00
AK1794_2025-04-19_SIN_BKI,1,,G10,"""4,5""",4,2025-06-02,2025-06-02 14:28:00,2:28 PM,2025-06-02 06:28:00,null,null,null,null,2025-06-02,2025-06-02 14:40:00,2:40 PM,2025-06-02 06:40:00,2025-06-02,2025-06-02 12:08:00,12:08 PM,2025-06-02 04:08:00,null,null,null,null,2025-06-02,2025-06-02 12:10:00,12:10 PM,2025-06-02 04:10:00,False,BKI,AK,2025-06-02,SIN,"""AK 1794 """,Landed,null,null,null,null,null,null,null,null,2025-06-02 06:31:12,SIN,2025-06-02T03:05:00,2025-06-02T00:47:00,AK,BKI,2025-06-02T03:00:00,null,"""1793 ""","""  """,2025-06-02T03:30:00,2025-06-02T01:05:00,null,9M-RAK,2025-06-02 06:40:00,2025-06-02 04:10:00
AK6422_2025-09-12_JHB_PEN,""" """,F,G5,17-24,""" """,2025-06-02,2025-06-02 22:11:00,10:11 PM,2025-06-02 14:11:00,null,null,null,null,2025-06-02,2025-06-02 22:15:00,10:15 PM,2025-06-02 14:15:00,2025-06-02,2025-06-02 21:05:00,9:05 PM,2025-06-02 13:05:00,null,null,null,null,2025-06-02,2025-06-02 21:05:00,9:05 PM,2025-06-02 13:05:00,False,PEN,AK,2025-06-02,JHB,"""AK 6422 """,Landed,null,null,null,null,null,null,null,null,2025-06-02 14:21:22,JHB,2025-06-02T12:34:00,2025-06-02T11:03:00,AK,SBW,2025-06-02T12:36:00,null,"""5033 ""","""  """,2025-06-02T12:40:00,2025-06-02T11:05:00,null,9M-AGP,2025-06-02 02:15:00,2025-06-02 13:05:00
AK127_2025-11-10_SZX_KUL,2,5,315,E,3,2025-06-02,2025-06-02 15:45:00,3:45 PM,2025-06-02 07:45:00,null,null,null,null,2025-06-02,2025-06-02 15:30:00,3:30 PM,2025-06-02 07:30:00,2025-06-02,2025-06-02 11:42:00,11:42 AM,2025-06-02 03:42:00,null,null,null,null,2025-06-02,2025-06-02 11:25:00,11:25 AM,2025-06-02 03:25:00,False,KUL,AK,2025-06-02,SZX,"""AK 127  """,Landed,null,null,null,null,null,null,null,null,2025-06-02 08:01:54,SZX,2025-06-02T02:19:00,2025-06-01T22:11:00,AK,KUL,2025-06-02T02:20:00,null,"""126  ""","""  """,2025-06-02T02:20:00,2025-06-01T22:10:00,null,9M-AGI,2025-06-02 07:30:00,2025-06-02 03:25:00
AK6310_2025-02-08_KUL_LGK,""" """,1,K8,"""S,T""",""" """,2025-06-02,2025-06-02 17:42:00,5:42 PM,2025-06-02 09:42:00,null,null,null,null,2025-06-02,2025-06-02 17:20:00,5:20 PM,2025-06-02 09:20:00,2025-06-02,2025-06-02 16:32:00,4:32 PM,2025-06-02 08:32:00,null,null,null,null,2025-06-02,2025-06-02 16:15:00,4:15 PM,2025-06-02 08:15:00,False,LGK,AK,2025-06-02,KUL,"""AK 6310 """,Landed,null,null,null,null,null,null,null,null,2025-06-02 09:51:14,KUL,2025-06-02T07:51:00,2025-06-02T03:49:00,AK,KWL,2025-06-02T07:47:00,null,"""157  ""","""  """,2025-06-02T07:55:00,2025-06-02T03:50:00,null,9M-AGF,2025-06-02 09:20:00,2025-06-02 08:15:00
AK5745_2025-04-24_TWU_KUL,2,1,,6-9,""" """,2025-06-01,2025-06-01 12:22:00,12:22 PM,2025-06-01 04:22:00,null,null,null,null,2025-06-01,2025-06-01 12:15:00,12:15 PM,2025-06-01 04:15:00,2025-06-01,2025-06-01 09:42:00,9:42 AM,2025-06-01 01:42:00,null,null,null,null,2025-06-01,2025-06-01 09:30:00,9:30 AM,2025-06-01 01:30:00,False,KUL,AK,2025-06-01,TWU,"""AK 5745 """,Landed,null,null,null,null,null,null,null,null,2025-06-01 04:31:12,TWU,2025-06-01T01:09:00,2025-05-31T22:17:00,AK,KUL,2025-06-01T01:09:00,null,"""5744 ""","""  """,2025-06-01T00:55:00,2025-05-31T22:05:00,null,9M-AQQ,2025-06-01 04:15:00,2025-06-01 01:30:00
AK5142_2025-09-05_KUL_BKI,1,D,J5,"""S,T""",2,2025-06-02,2025-06-02 19:12:00,7:12 PM,2025-06-02 11:12:00,null,null,null,null,2025-06-02,2025-06-02 19:15:00,7:15 PM,2025-06-02 11:15:00,2025-06-02,2025-06-02 16:36:00,4:36 PM,2025-06-02 08:36:00,null,null,null,null,2025-06-02,2025-06-02 16:40:00,4:40 PM,2025-06-02 08:40:00,False,BKI,AK,2025-06-02,KUL,"""AK 5142 """,Landed,null,null,null,null,null,null,null,null,2025-06-02 11:21:10,KUL,2025-06-02T07:50:00,2025-06-02T06:40:00,AK,LGK,2025-06-02T07:56:00,null,"""6319 ""","""  """,2025-06-02T08:00:00,2025-06-02T06:55:00,null,9M-RAV,2025-06-02 11:15:00,2025-06-02 08:40:00
AK525_2025-11-30_SGN_KUL,2,8,8,"""I,J""",2,2025-06-03,2025-06-03 00:10:00,12:10 AM,2025-06-02 16:10:00,null,null,null,null,2025-06-02,2025-06-02 23:10:00,11:10 PM,2025-06-02 15:10:00,2025-06-02,2025-06-02 21:18:00,9:18 PM,2025-06-02 14:18:00,null,null,null,null,2025-06-02,2025-06-02 20:15:00,8:15 PM,2025-06-02 13:15:00,False,KUL,AK,2025-06-02,SGN,"""AK 525  """,Landed,null,null,null,null,null,null,null,null,2025-06-02 16:21:11,SGN,2025-06-02T13:35:00,2025-06-02T11:22:00,AK,KUL,2025-06-02T13:41:00,null,"""524  ""","""  """,2025-06-02T12:45:00,2025-06-02T10:45:00,null,9M-AFF,2025-06-02 03:10:00,2025-06-02 13:15:00
AK406_2025-10-30_KUL_PDG,""" """,,L8,"""U,V,W,X,Y""",2,2025-06-01,2025-06-01 11:41:00,11:41 AM,2025-06-01 04:41:00,null,null,null,null,2025-06-01,2025-06-01 11:25:00,11:25 AM,2025-06-01 04:25:00,2025-06-01,2025-06-01 11:37:00,11:37 AM,2025-06-01 03:37:00,null,null,null,null,2025-06-01,2025-06-01 11:15:00,11:15 AM,2025-06-01 03:15:00,False,PDG,AK,2025-06-01,KUL,"""AK 406  """,Landed,null,null,null,null,null,null,null,null,2025-06-01 04:51:10,KUL,2025-06-01T03:00:00,2025-06-01T00:47:00,AK,BTU,2025-06-01T02:51:00,2025-06-01T00:42:00,"""5247 ""","""  """,2025-06-01T02:40:00,2025-06-01T00:35:00,null,9M-AFE,2025-06-01 04:25:00,2025-06-01 03:15:00
AK5653_2025-03-28_KUL_MYY,""" """,,J7,"""S,T""",2,2025-06-02,2025-06-02 10:10:00,10:10 AM,2025-06-02 02:10:00,null,null,null,null,2025-06-02,2025-06-02 10:25:00,10:25 AM,2025-06-02 02:25:00,2025-06-02,2025-06-02 07:50:00,7:50 AM,2025-06-01 23:50:00,null,null,null,null,2025-06-02,2025-06-02 08:00:00,8:00 AM,2025-06-02 00:00:00,False,MYY,AK,2025-06-02,KUL,"""AK 5653 """,landed,null,null,null,null,null,null,null,null,2025-06-02 03:51:14,"""   """,null,null,"""  ""","""   """,null,null,"""     ""","""  """,null,null,null,9M-AGZ,2025-06-02 02:25:00,2025-06-02 00:00:00
AK1572_2026-03-02_CGK_PEN,""" """,C,F2,91-98,2,2025-06-02,2025-06-02 13:43:00,1:43 PM,2025-06-02 05:43:00,null,null,null,null,2025-06-02,2025-06-02 13:20:00,1:20 PM,2025-06-02 05:20:00,2025-06-02,2025-06-02 10:28:00,10:28 AM,2025-06-02 03:28:00,null,null,null,null,2025-06-02,2025-06-02 10:00:00,10:00 AM,2025-06-02 03:00:00,False,PEN,AK,2025-06-02,CGK,"""AK 1572 """,Landed,null,null,null,null,null,null,null,null,2025-06-02 05:51:11,CGK,2025-06-02T02:48:00,2025-06-02T00:23:00,AK,PEN,2025-06-02T02:45:00,null,"""1573 ""","""  """,2025-06-02T02:30:00,2025-06-02T00:10:00,null,9M-AHE,2025-06-02 05:20:00,2025-06-02 03:00:00
AK6438_2025-06-28_KUL_KBR,""" """,2,J9,"""S,T""",2,2025-06-04,2025-06-04 20:23:00,8:23 PM,2025-06-04 12:23:00,null,null,null,null,2025-06-04,2025-06-04 20:05:00,8:05 PM,2025-06-04 12:05:00,2025-06-04,2025-06-04 19:13:00,7:13 PM,2025-06-04 11:13:00,null,null,null,null,2025-06-04,2025-06-04 19:00:00,7:00 PM,2025-06-04 11:00:00,False,KBR,AK,2025-06-04,KUL,"""AK 6438 """,Landed,null,null,null,null,null,null,null,null,2025-06-04 12:41:11,KUL,2025-06-04T08:31:00,2025-06-04T06:13:00,AK,BTU,2025-06-04T08:14:00,2025-06-04T06:00:00,"""5245 ""","""  """,2025-06-04T07:10:00,2025-06-04T05:05:00,null,9M-AFD,2025-06-04 12:05:00,2025-06-04 11:00:00
AK1781_2026-03-06_KCH_PNK,""" """,,8,"""C,D""",""" """,2025-06-02,2025-06-02 08:44:00,8:44 AM,2025-06-02 01:44:00,null,null,null,null,2025-06-02,2025-06-02 08:50:00,8:50 AM,2025-06-02 01:50:00,2025-06-02,2025-06-02 08:58:00,8:58 AM,2025-06-02 00:58:00,null,null,null,null,2025-06-02,2025-06-02 09:05:00,9:05 AM,2025-06-02 01:05:00,False,PNK,AK,2025-06-02,KCH,"""AK 1781 """,Landed,null,null,null,null,null,null,null,null,2025-06-02 01:51:14,KCH,2025-06-02T00:27:00,2025-06-01T23:49:00,AK,SBW,null,null,"""6463 ""","""  """,2025-06-02T00:40:00,2025-06-02T00:05:00,null,9M-RAU,2025-06-02 01:50:00,2025-06-02 01:05:00
AK5113_2025-11-22_BKI_KUL,2,1,,D01-D16,1,2025-06-05,2025-06-05 15:39:00,3:39 PM,2025-06-05 07:39:00,null,null,null,null,2025-06-05,2025-06-05 15:35:00,3:35 PM,2025-06-05 07:35:00,2025-06-05,2025-06-05 13:13:00,1:13 PM,2025-06-05 05:13:00,null,null,null,null,2025-06-05,2025-06-05 13:05:00,1:05 PM,2025-06-05 05:05:00,False,KUL,AK,2025-06-05,BKI,"""AK 5113 """,Landed,null,null,null,null,null,null,null,null,2025-06-05 08:11:20,BKI,2025-06-05T04:35:00,2025-06-05T01:57:00,AK,KUL,2025-06-05T04:36:00,null,"""5112 ""","""  """,2025-06-05T04:30:00,2025-06-05T02:00:00,null,9M-VAF,2025-06-05 07:35:00,2025-06-05 05:05:00
AK6091_2026-04-06_SBW_BKI,1,D,2B,1-7,""" """,2025-06-03,2025-06-03 13:51:00,1:51 PM,2025-06-03 05:51:00,null,null,null,null,2025-06-03,2025-06-03 13:35:00,1:35 PM,2025-06-03 05:35:00,2025-06-03,2025-06-03 12:39:00,12:39 PM,2025-06-03 04:39:00,null,null,null,null,2025-06-03,2025-06-03 12:20:00,12:20 PM,2025-06-03 04:20:00,False,BKI,AK,2025-06-03,SBW,"""AK 6091 """,Landed,null,null,null,null,null,null,null,null,2025-06-03 06:01:14,SBW,2025-06-03T04:10:00,2025-06-03T02:29:00,AK,JHB,2025-06-03T04:09:00,2025-06-03T02:23:00,"""5030 ""","""  """,2025-06-03T03:55:00,2025-06-03T02:20:00,null,9M-AGF,2025-06-03 05:35:00,2025-06-03 04:20:00
AK6153_2025-07-16_KUL_PEN,""" """,F,J4,"""S,T""",2,2025-06-01,2025-06-01 13:29:00,1:29 PM,2025-06-01 05:29:00,null,null,null,null,2025-06-01,2025-06-01 13:40:00,1:40 PM,2025-06-01 05:40:00,2025-06-01,2025-06-01 12:35:00,12:35 PM,2025-06-01 04:35:00,null,null,null,null,2025-06-01,2025-06-01 12:35:00,12:35 PM,2025-06-01 04:35:00,False,PEN,AK,2025-06-01,KUL,"""AK 6153 """,Landed,null,null,null,null,null,null,null,null,2025-06-01 08:51:20,KUL,2025-06-01T04:01:00,2025-06-01T02:14:00,AK,KCH,2025-06-01T03:58:00,null,"""5227 ""","""  """,2025-06-01T04:05:00,2025-06-01T02:15:00,null,9M-RAB,2025-06-01 05:40:00,2025-06-01 04:35:00
AK72_2026-03-10_KUL_MLE,1,,Q9,"""U,V,W,X,Y""",2,2025-06-01,2025-06-01 20:24:00,8:24 PM,2025-06-01 15:24:00,null,null,null,null,2025-06-01,2025-06-01 20:10:00,8:10 PM,2025-06-01 15:10:00,2025-06-01,2025-06-01 18:58:00,6:58 PM,2025-06-01 10:58:00,null,null,null,null,2025-06-01,2025-06-01 19:00:00,7:00 PM,2025-06-01 11:00:00,False,MLE,AK,2025-06-01,KUL,"""AK 72   """,Landed,null,null,null,null,null,null,null,null,2025-06-01 15:31:12,KUL,2025-06-01T08:24:00,2025-06-01T07:20:00,AK,PEN,2025-06-01T08:30:00,null,"""6154 ""","""  """,2025-06-01T08:15:00,2025-06-01T07:15:00,null,9M-AGN,2025-06-01 03:10:00,2025-06-01 11:00:00
AK141_2025-06-25_SWA_KUL,2,,122,43-50,""" """,null,null,null,null,2025-06-01,2025-06-01 22:26:00,10:26 PM,2025-06-01 14:26:00,2025-06-01,2025-06-01 20:10:00,8:10 PM,2025-06-01 12:10:00,2025-06-01,2025-06-01 18:17:00,6:17 PM,2025-06-01 10:17:00,null,null,null,null,2025-06-01,2025-06-01 15:55:00,3:55 PM,2025-06-01 07:55:00,False,KUL,AK,2025-06-01,SWA,"""AK 141  """,Departed,null,null,null,null,null,null,null,null,2025-06-01 10:51:15,SWA,2025-06-01T09:23:00,2025-06-01T05:06:00,AK,KUL,2025-06-01T09:25:00,2025-06-01T04:30:00,"""140  ""","""  """,2025-06-01T07:10:00,2025-06-01T02:55:00,null,9M-AGS,2025-06-01 12:10:00,2025-06-01 07:55:00
AK1380_2026-04-12_JHB_KMG,""" """,4,1,17-24,""" """,2025-06-02,2025-06-02 00:50:00,12:50 AM,2025-06-01 16:50:00,null,null,null,null,2025-06-02,2025-06-02 01:25:00,1:25 AM,2025-06-01 17:25:00,2025-06-01,2025-06-01 21:08:00,9:08 PM,2025-06-01 13:08:00,null,null,null,null,2025-06-01,2025-06-01 21:20:00,9:20 PM,2025-06-01 13:20:00,False,KMG,AK,2025-06-01,JHB,"""AK 1380 """,Landed,null,null,null,null,null,null,null,null,2025-06-01 18:51:10,JHB,2025-06-01T09:43:00,2025-06-01T07:18:00,AK,TWU,2025-06-01T09:47:00,null,"""5597 ""","""  """,2025-06-01T09:55:00,2025-06-01T07:30:00,null,9M-AFE,2025-06-01 05:25:00,2025-06-01 13:20:00
AK6274_2025-04-12_BKI_TWU,""" """,,,D01-D16,""" """,2025-06-01,2025-06-01 20:14:00,8:14 PM,2025-06-01 12:14:00,null,null,null,null,2025-06-01,2025-06-01 20:25:00,8:25 PM,2025-06-01 12:25:00,2025-06-01,2025-06-01 19:22:00,7:22 PM,2025-06-01 11:22:00,null,null,null,null,2025-06-01,2025-06-01 19:35:00,7:35 PM,2025-06-01 11:35:00,False,TWU,AK,2025-06-01,BKI,"""AK 6274 """,Landed,null,null,null,null,null,null,null,null,2025-06-01 13:21:11,BKI,2025-06-01T07:29:00,2025-06-01T06:46:00,AK,SDK,2025-06-01T07:33:00,null,"""6497 ""","""  """,2025-06-01T07:25:00,2025-06-01T06:40:00,null,9M-RAE,2025-06-01 12:25:00,2025-06-01 11:35:00
AK6436_2024-11-14,,1,J13,"""S,T""",,null,null,null,null,null,null,null,null,2025-06-01,2025-06-01 15:30:00,3:30 PM,2025-06-01 07:30:00,null,null,null,null,null,null,null,null,2025-06-01,2025-06-01 14:25:00,2:25 PM,2025-06-01 06:25:00,False,KBR,AK,2025-06-01,KUL,"""AK 6436 """,Landed,null,null,null,null,null,null,null,null,2025-06-01 11:51:12,"""   """,null,null,"""  ""","""   """,null,null,"""     ""","""  """,null,null,null,9M-AGE,2025-06-01 07:30:00,2025-06-01 06:25:00
AK605_2025-11-08_PER_KUL,2,4,53,,1,2025-06-03,2025-06-03 11:14:00,11:14 AM,2025-06-03 03:14:00,null,null,null,null,2025-06-03,2025-06-03 10:50:00,10:50 AM,2025-06-03 02:50:00,2025-06-03,2025-06-03 05:42:00,5:42 AM,2025-06-02 21:42:00,null,null,null,null,2025-06-03,2025-06-03 05:15:00,5:15 AM,2025-06-02 21:15:00,False,KUL,AK,2025-06-02,PER,"""AK 605  """,Landed,null,null,null,null,null,null,null,null,2025-06-03 03:31:11,"""   """,null,null,"""  ""","""   """,null,null,"""     ""","""  """,null,null,null,9M-VAG,2025-06-03 02:50:00,2025-06-02 21:15:00
AK5303_2024-11-29,,,A9,D01-D16,,null,null,null,null,2025-06-02,2025-06-02 07:21:00,7:21 AM,2025-06-01 23:21:00,2025-06-01,2025-06-01 23:55:00,11:55 PM,2025-06-01 15:55:00,null,null,null,null,2025-06-02,2025-06-02 05:00:00,5:00 AM,2025-06-01 21:00:00,2025-06-01,2025-06-01 21:40:00,9:40 PM,2025-06-01 13:40:00,False,JHB,AK,2025-06-01,BKI,"""AK 5303 """,Delayed,null,null,null,null,null,null,null,null,2025-06-01 18:51:13,BKI,2025-06-01T15:12:00,2025-06-01T12:52:00,AK,JHB,2025-06-01T15:19:00,2025-06-01T13:15:00,"""5304 ""","""  """,2025-06-01T13:15:00,2025-06-01T10:55:00,null,9M-AQM,2025-06-01 03:55:00,2025-06-01 13:40:00
AK29_2025-01-17_KUL_TRZ,""" """,,P3,"""U,V,W,X,Y""",2,null,null,null,null,2025-06-02,2025-06-02 00:34:00,12:34 AM,2025-06-01 19:04:00,2025-06-01,2025-06-01 23:40:00,11:40 PM,2025-06-01 18:10:00,2025-06-01,2025-06-01 23:22:00,11:22 PM,2025-06-01 15:22:00,null,null,null,null,2025-06-01,2025-06-01 22:25:00,10:25 PM,2025-06-01 14:25:00,False,TRZ,AK,2025-06-01,KUL,"""AK 29   """,Departed,null,null,null,null,null,null,null,null,2025-06-01 18:41:13,KUL,2025-06-01T14:35:00,2025-06-01T11:30:00,AK,UPG,2025-06-01T14:50:00,2025-06-01T11:11:00,"""335  ""","""  """,2025-06-01T13:05:00,2025-06-01T09:55:00,null,9M-AJH,2025-06-01 06:10:00,2025-06-01 14:25:00
AK6467_2025-05-28_SBW_KCH,""" """,A,,1-7,""" """,2025-06-01,2025-06-01 11:43:00,11:43 AM,2025-06-01 03:43:00,null,null,null,null,2025-06-01,2025-06-01 11:10:00,11:10 AM,2025-06-01 03:10:00,2025-06-01,2025-06-01 11:06:00,11:06 AM,2025-06-01 03:06:00,null,null,null,null,2025-06-01,2025-06-01 10:35:00,10:35 AM,2025-06-01 02:35:00,False,KCH,AK,2025-06-01,SBW,"""AK 6467 """,Landed,null,null,null,null,null,null,null,null,2025-06-01 03:51:16,SBW,2025-06-01T02:42:00,2025-06-01T01:56:00,AK,KCH,2025-06-01T02:40:00,null,"""6466 ""","""  """,2025-06-01T02:10:00,2025-06-01T01:35:00,null,9M-AQQ,2025-06-01 03:10:00,2025-06-01 02:35:00
AK521_2025-01-24_SGN_KUL,2,10,,"""I,J""",2,2025-06-01,2025-06-01 12:28:00,12:28 PM,2025-06-01 04:28:00,null,null,null,null,2025-06-01,2025-06-01 12:25:00,12:25 PM,2025-06-01 04:25:00,2025-06-01,2025-06-01 09:29:00,9:29 AM,2025-06-01 02:29:00,null,null,null,null,2025-06-01,2025-06-01 09:25:00,9:25 AM,2025-06-01 02:25:00,False,KUL,AK,2025-06-01,SGN,"""AK 521  """,Landed,null,null,null,null,null,null,null,null,2025-06-01 04:41:13,SGN,2025-06-01T01:52:00,2025-05-31T23:55:00,AK,KUL,2025-06-01T01:59:00,null,"""520  ""","""  """,2025-06-01T01:50:00,2025-05-31T23:50:00,null,9M-RAR,2025-06-01 04:25:00,2025-06-01 02:25:00
AK5106_2025-05-02_KUL_BKI,""" """,D,J13,"""S,T""",2,null,null,null,null,null,null,null,null,2025-06-01,2025-06-01 10:30:00,10:30 AM,2025-06-01 02:30:00,null,null,null,null,null,null,null,null,2025-06-01,2025-06-01 08:00:00,8:00 AM,2025-06-01 00:00:00,False,BKI,AK,2025-06-01,KUL,"""AK 5106 """,Landed,null,null,null,null,null,null,null,null,2025-06-01 05:51:11,"""   """,null,null,"""  ""","""   """,null,null,"""     ""","""  """,null,null,null,9M-AQG,2025-06-01 02:30:00,2025-06-01 00:00:00
AK5193_2025-09-08_SDK_KUL,2,,C,1-5,""" """,null,null,null,null,2025-06-01,2025-06-01 18:50:00,6:50 PM,2025-06-01 10:50:00,2025-06-01,2025-06-01 12:40:00,12:40 PM,2025-06-01 04:40:00,null,null,null,null,2025-06-01,2025-06-01 16:00:00,4:00 PM,2025-06-01 08:00:00,2025-06-01,2025-06-01 09:50:00,9:50 AM,2025-06-01 01:50:00,False,KUL,AK,2025-06-01,SDK,"""AK 5193 """,Delayed,null,null,null,null,null,null,null,null,2025-06-01 03:31:17,SDK,2025-06-01T01:05:00,2025-05-31T22:22:00,AK,KUL,2025-06-01T01:09:00,null,"""5192 ""","""  """,2025-06-01T01:15:00,2025-05-31T22:25:00,null,9M-AQM,2025-06-01 04:40:00,2025-06-01 01:50:00
AK6493_2024-11-29,,,,1-5,,2025-06-02,2025-06-02 08:15:00,8:15 AM,2025-06-02 00:15:00,null,null,null,null,2025-06-02,2025-06-02 08:20:00,8:20 AM,2025-06-02 00:20:00,2025-06-02,2025-06-02 07:35:00,7:35 AM,2025-06-01 23:35:00,null,null,null,null,2025-06-02,2025-06-02 07:35:00,7:35 AM,2025-06-01 23:35:00,False,BKI,AK,2025-06-01,SDK,"""AK 6493 """,Landed,null,null,null,null,null,null,null,null,2025-06-02 01:41:21,SDK,2025-06-01T22:58:00,2025-06-01T22:13:00,AK,BKI,2025-06-01T23:01:00,null,"""6492 ""","""  """,2025-06-01T23:10:00,2025-06-01T22:25:00,null,9M-RAE,2025-06-02 12:20:00,2025-06-01 23:35:00
AK405_2026-04-09_KUL_PDG,""" """,,P11,"""U,V,W,X,Y""",2,2025-06-02,2025-06-02 15:45:00,3:45 PM,2025-06-02 08:45:00,null,null,null,null,2025-06-02,2025-06-02 16:00:00,4:00 PM,2025-06-02 09:00:00,2025-06-02,2025-06-02 15:40:00,3:40 PM,2025-06-02 07:40:00,null,null,null,null,2025-06-02,2025-06-02 15:50:00,3:50 PM,2025-06-02 07:50:00,False,PDG,AK,2025-06-02,KUL,"""AK 405  """,Landed,null,null,null,null,null,null,null,null,2025-06-02 08:51:24,KUL,2025-06-02T06:47:00,2025-06-02T04:26:00,AK,SRG,2025-06-02T07:01:00,null,"""451  ""","""  """,2025-06-02T06:45:00,2025-06-02T04:20:00,null,9M-AQN,2025-06-02 09:00:00,2025-06-02 07:50:00
AK6115_2025-09-28_PEN_KUL,2,1,A1A,24-36,""" """,2025-06-03,2025-06-03 06:52:00,6:52 AM,2025-06-02 22:52:00,null,null,null,null,2025-06-03,2025-06-03 07:00:00,7:00 AM,2025-06-02 23:00:00,2025-06-03,2025-06-03 05:49:00,5:49 AM,2025-06-02 21:49:00,null,null,null,null,2025-06-03,2025-06-03 06:00:00,6:00 AM,2025-06-02 22:00:00,False,KUL,AK,2025-06-02,PEN,"""AK 6115 """,Landed,null,null,null,null,null,null,null,null,2025-06-02 23:01:33,"""   """,null,null,"""  ""","""   """,null,null,"""     ""","""  """,null,null,null,9M-AQE,2025-06-02 11:00:00,2025-06-02 22:00:00
AK8_2025-02-04_TRV_KUL,2,,,,2,null,null,null,null,2025-06-02,2025-06-02 08:50:00,8:50 AM,2025-06-02 00:50:00,2025-06-02,2025-06-02 07:05:00,7:05 AM,2025-06-01 23:05:00,2025-06-02,2025-06-02 01:53:00,1:53 AM,2025-06-01 20:23:00,null,null,null,null,2025-06-02,2025-06-02 00:25:00,12:25 AM,2025-06-01 18:55:00,False,KUL,AK,2025-06-01,TRV,"""AK 8    """,Departed,null,null,null,null,null,null,null,null,2025-06-01 23:11:14,"""   """,null,null,"""  ""","""   """,null,null,"""     ""","""  """,null,null,null,9M-AJZ,2025-06-01 11:05:00,2025-06-01 18:55:00
AK572_2025-11-26_DLI_KUL,2,4,2,,""" """,2025-06-01,2025-06-01 15:44:00,3:44 PM,2025-06-01 07:44:00,null,null,null,null,2025-06-01,2025-06-01 15:55:00,3:55 PM,2025-06-01 07:55:00,2025-06-01,2025-06-01 12:35:00,12:35 PM,2025-06-01 05:35:00,null,null,null,null,2025-06-01,2025-06-01 12:40:00,12:40 PM,2025-06-01 05:40:00,False,KUL,AK,2025-06-01,DLI,"""AK 572  """,Landed,null,null,null,null,null,null,null,null,2025-06-01 07:51:21,DLI,2025-06-01T05:09:00,2025-06-01T02:57:00,AK,KUL,2025-06-01T05:22:00,null,"""571  ""","""  """,2025-06-01T05:10:00,2025-06-01T03:00:00,null,9M-AFE,2025-06-01 07:55:00,2025-06-01 05:40:00
AK584_2026-03-25_KUL_MNL,3,,L3,"""U,V,W,X,Y""",2,2025-06-05,2025-06-05 00:43:00,12:43 AM,2025-06-04 16:43:00,null,null,null,null,2025-06-05,2025-06-05 00:35:00,12:35 AM,2025-06-04 16:35:00,2025-06-04,2025-06-04 20:59:00,8:59 PM,2025-06-04 12:59:00,null,null,null,null,2025-06-04,2025-06-04 20:25:00,8:25 PM,2025-06-04 12:25:00,False,MNL,AK,2025-06-04,KUL,"""AK 584  """,Landed,null,null,null,null,null,null,null,null,2025-06-04 17:21:11,KUL,2025-06-04T12:12:00,2025-06-04T11:13:00,AK,KNO,2025-06-04T12:20:00,2025-06-04T10:58:00,"""392  ""","""  """,2025-06-04T11:50:00,2025-06-04T10:45:00,null,9M-AQQ,2025-06-04 04:35:00,2025-06-04 12:25:00
AK6439_2025-03-20_KBR_KUL,2,3,8,12-15,""" """,2025-06-01,2025-06-01 22:03:00,10:03 PM,2025-06-01 14:03:00,null,null,null,null,2025-06-01,2025-06-01 21:30:00,9:30 PM,2025-06-01 13:30:00,2025-06-01,2025-06-01 20:48:00,8:48 PM,2025-06-01 12:48:00,null,null,null,null,2025-06-01,2025-06-01 20:25:00,8:25 PM,2025-06-01 12:25:00,False,KUL,AK,2025-06-01,KBR,"""AK 6439 """,Landed,null,null,null,null,null,null,null,null,2025-06-01 14:11:11,KBR,2025-06-01T12:23:00,2025-06-01T11:17:00,AK,KUL,2025-06-01T12:16:00,2025-06-01T11:15:00,"""6438 ""","""  """,2025-06-01T12:00:00,2025-06-01T10:55:00,null,9M-RAG,2025-06-01 01:30:00,2025-06-01 12:25:00
AK6187_2025-08-07_MYY_KCH,""" """,A,,12-15,""" """,2025-06-04,2025-06-04 14:49:00,2:49 PM,2025-06-04 06:49:00,null,null,null,null,2025-06-04,2025-06-04 15:00:00,3:00 PM,2025-06-04 07:00:00,2025-06-04,2025-06-04 13:47:00,1:47 PM,2025-06-04 05:47:00,null,null,null,null,2025-06-04,2025-06-04 14:00:00,2:00 PM,2025-06-04 06:00:00,False,KCH,AK,2025-06-04,MYY,"""AK 6187 """,Landed,null,null,null,null,null,null,null,null,2025-06-04 07:01:11,MYY,2025-06-04T05:14:00,2025-06-04T04:16:00,AK,KCH,2025-06-04T05:20:00,null,"""6186 ""","""  """,2025-06-04T05:35:00,2025-06-04T04:30:00,null,9M-RAU,2025-06-04 07:00:00,2025-06-04 06:00:00
AK886_2025-06-24_KUL_DMK,1,3,L13,"""U,V,W,X,Y""",2,2025-06-04,2025-06-04 16:29:00,4:29 PM,2025-06-04 09:29:00,null,null,null,null,2025-06-04,2025-06-04 16:15:00,4:15 PM,2025-06-04 09:15:00,2025-06-04,2025-06-04 15:05:00,3:05 PM,2025-06-04 07:05:00,null,null,null,null,2025-06-04,2025-06-04 15:00:00,3:00 PM,2025-06-04 07:00:00,False,DMK,AK,2025-06-04,KUL,"""AK 886  """,Landed,null,null,null,null,null,null,null,null,2025-06-04 09:51:10,"""   """,null,null,"""  ""","""   """,null,null,"""     ""","""  """,null,null,null,9M-AHE,2025-06-04 09:15:00,2025-06-04 07:00:00
AK5228_2025-03-13_KUL_KCH,""" """,,,,2,2025-06-03,2025-06-03 00:19:00,12:19 AM,2025-06-02 16:19:00,null,null,null,null,2025-06-03,2025-06-03 00:00:00,12:00 AM,2025-06-02 16:00:00,2025-06-02,2025-06-02 22:25:00,10:25 PM,2025-06-02 14:25:00,null,null,null,null,2025-06-02,2025-06-02 22:10:00,10:10 PM,2025-06-02 14:10:00,False,KCH,AK,2025-06-02,KUL,"""AK 5228 """,Landed,null,null,null,null,null,null,null,null,2025-06-02 16:31:13,KUL,2025-06-02T13:50:00,2025-06-02T12:02:00,AK,KCH,2025-06-02T13:51:00,null,"""5229 ""","""  """,2025-06-02T13:40:00,2025-06-02T11:55:00,null,9M-AQQ,2025-06-02 04:00:00,2025-06-02 14:10:00
AK6432_2025-11-21_KUL_KBR,""" """,,,,2,2025-06-03,2025-06-03 19:50:00,7:50 PM,2025-06-03 11:50:00,null,null,null,null,2025-06-03,2025-06-03 18:00:00,6:00 PM,2025-06-03 10:00:00,2025-06-03,2025-06-03 18:43:00,6:43 PM,2025-06-03 10:43:00,null,null,null,null,2025-06-03,2025-06-03 16:55:00,4:55 PM,2025-06-03 08:55:00,False,KBR,AK,2025-06-03,KUL,"""AK 6432 """,Landed,null,null,null,null,null,null,null,null,2025-06-03 12:51:10,KUL,2025-06-03T09:51:00,2025-06-03T08:41:00,AK,LGK,2025-06-03T09:57:00,2025-06-03T08:50:00,"""6321 ""","""  """,2025-06-03T08:05:00,2025-06-03T06:55:00,null,9M-RAB,2025-06-03 10:00:00,2025-06-03 08:55:00
AK719_2025-11-29_KUL_SIN,4,4,L8,"""U,V,W,X,Y""",2,2025-06-02,2025-06-02 21:49:00,9:49 PM,2025-06-02 13:49:00,null,null,null,null,2025-06-02,2025-06-02 19:40:00,7:40 PM,2025-06-02 11:40:00,2025-06-02,2025-06-02 20:36:00,8:36 PM,2025-06-02 12:36:00,null,null,null,null,2025-06-02,2025-06-02 18:30:00,6:30 PM,2025-06-02 10:30:00,False,SIN,AK,2025-06-02,KUL,"""AK 719  """,Landed,null,null,null,null,null,null,null,null,2025-06-02 14:01:34,KUL,2025-06-02T11:37:00,2025-06-02T10:40:00,AK,JHB,2025-06-02T11:39:00,2025-06-02T10:35:00,"""6045 ""","""  """,2025-06-02T10:00:00,2025-06-02T09:10:00,null,9M-RCB,2025-06-02 11:40:00,2025-06-02 10:30:00
AK452_2025-10-09_KUL_SRG,""" """,,Q3,"""U,V,W,X,Y""",2,2025-06-01,2025-06-01 11:09:00,11:09 AM,2025-06-01 04:09:00,null,null,null,null,2025-06-01,2025-06-01 10:35:00,10:35 AM,2025-06-01 03:35:00,2025-06-01,2025-06-01 09:43:00,9:43 AM,2025-06-01 01:43:00,null,null,null,null,2025-06-01,2025-06-01 09:25:00,9:25 AM,2025-06-01 01:25:00,False,SRG,AK,2025-06-01,KUL,"""AK 452  """,Landed,null,null,null,null,null,null,null,null,2025-06-01 05:51:15,KUL,2025-05-31T22:00:00,2025-05-31T18:00:00,AK,CAN,2025-05-31T21:59:00,null,"""119  ""","""  """,2025-05-31T21:40:00,2025-05-31T17:35:00,null,9M-AFF,2025-06-01 03:35:00,2025-06-01 01:25:00
AK65_2025-08-21_KUL_CCU,2,,L3,"""U,V,W,X,Y""",2,2025-06-01,2025-06-01 23:42:00,11:42 PM,2025-06-01 18:12:00,null,null,null,null,2025-06-01,2025-06-01 22:20:00,10:20 PM,2025-06-01 16:50:00,2025-06-01,2025-06-01 22:01:00,10:01 PM,2025-06-01 14:01:00,null,null,null,null,2025-06-01,2025-06-01 20:45:00,8:45 PM,2025-06-01 12:45:00,False,CCU,AK,2025-06-01,KUL,"""AK 65   """,Landed,null,null,null,null,null,null,null,null,2025-06-01 18:21:11,KUL,2025-06-01T13:11:00,2025-06-01T10:56:00,AK,DMK,2025-06-01T13:11:00,2025-06-01T10:25:00,"""887  ""","""  """,2025-06-01T12:05:00,2025-06-01T09:45:00,null,9M-AJT,2025-06-01 04:50:00,2025-06-01 12:45:00
AK1723_2025-01-05,4,1,A1A,24-36,""" """,2025-06-01,2025-06-01 13:07:00,1:07 PM,2025-06-01 05:07:00,null,null,null,null,2025-06-01,2025-06-01 13:20:00,1:20 PM,2025-06-01 05:20:00,2025-06-01,2025-06-01 11:43:00,11:43 AM,2025-06-01 03:43:00,null,null,null,null,2025-06-01,2025-06-01 11:55:00,11:55 AM,2025-06-01 03:55:00,False,SIN,AK,2025-06-01,PEN,"""AK 1723 """,Landed,null,null,null,null,null,null,null,null,2025-06-01 06:21:12,PEN,2025-06-01T03:08:00,2025-06-01T02:34:00,AK,LGK,2025-06-01T03:08:00,null,"""6240 ""","""  """,2025-06-01T03:15:00,2025-06-01T02:40:00,null,9M-AJS,2025-06-01 05:20:00,2025-06-01 03:55:00
AK1724_2026-03-17_SIN_PEN,""" """,C,G1,"""4,5""",4,2025-06-03,2025-06-03 20:03:00,8:03 PM,2025-06-03 12:03:00,null,null,null,null,2025-06-03,2025-06-03 19:35:00,7:35 PM,2025-06-03 11:35:00,2025-06-03,2025-06-03 18:52:00,6:52 PM,2025-06-03 10:52:00,null,null,null,null,2025-06-03,2025-06-03 18:20:00,6:20 PM,2025-06-03 10:20:00,False,PEN,AK,2025-06-03,SIN,"""AK 1724 """,Landed,null,null,null,null,null,null,null,null,2025-06-03 12:11:12,SIN,2025-06-03T10:23:00,2025-06-03T08:56:00,AK,PEN,2025-06-03T10:21:00,2025-06-03T08:40:00,"""1725 ""","""  """,2025-06-03T09:55:00,2025-06-03T08:25:00,null,9M-AQB,2025-06-03 11:35:00,2025-06-03 10:20:00
AK392_2025-07-08_KNO_KUL,2,9,,B,""" """,2025-06-01,2025-06-01 18:49:00,6:49 PM,2025-06-01 10:49:00,null,null,null,null,2025-06-01,2025-06-01 19:05:00,7:05 PM,2025-06-01 11:05:00,2025-06-01,2025-06-01 16:53:00,4:53 PM,2025-06-01 09:53:00,null,null,null,null,2025-06-01,2025-06-01 17:00:00,5:00 PM,2025-06-01 10:00:00,False,KUL,AK,2025-06-01,KNO,"""AK 392  """,Landed,null,null,null,null,null,null,null,null,2025-06-01 11:31:13,KNO,2025-06-01T09:06:00,2025-06-01T08:11:00,AK,KUL,2025-06-01T09:05:00,null,"""393  ""","""  """,2025-06-01T09:20:00,2025-06-01T08:20:00,null,9M-AHZ,2025-06-01 11:05:00,2025-06-01 10:00:00
AK6241_2025-04-23_PEN_LGK,""" """,,,24-36,""" """,2025-06-02,2025-06-02 10:09:00,10:09 AM,2025-06-02 02:09:00,null,null,null,null,2025-06-02,2025-06-02 10:10:00,10:10 AM,2025-06-02 02:10:00,2025-06-02,2025-06-02 09:39:00,9:39 AM,2025-06-02 01:39:00,null,null,null,null,2025-06-02,2025-06-02 09:35:00,9:35 AM,2025-06-02 01:35:00,False,LGK,AK,2025-06-02,PEN,"""AK 6241 """,Landed,null,null,null,null,null,null,null,null,2025-06-02 02:21:13,PEN,2025-06-02T01:13:00,2025-06-02T00:06:00,AK,KUL,null,null,"""6144 ""","""  """,2025-06-02T01:05:00,2025-06-02T00:10:00,null,9M-DAE,2025-06-02 02:10:00,2025-06-02 01:35:00
AK6115_2025-10-17_PEN_KUL,2,2,B3,24-36,""" """,2025-06-04,2025-06-04 06:37:00,6:37 AM,2025-06-03 22:37:00,null,null,null,null,2025-06-04,2025-06-04 07:00:00,7:00 AM,2025-06-03 23:00:00,2025-06-04,2025-06-04 05:43:00,5:43 AM,2025-06-03 21:43:00,null,null,null,null,2025-06-04,2025-06-04 06:00:00,6:00 AM,2025-06-03 22:00:00,False,KUL,AK,2025-06-03,PEN,"""AK 6115 """,Landed,null,null,null,null,null,null,null,null,2025-06-03 22:41:12,"""   """,null,null,"""  ""","""   """,null,null,"""     ""","""  """,null,null,null,9M-AQB,2025-06-03 11:00:00,2025-06-03 22:00:00
AK890_2025-11-29_KUL_DMK,1,4,L1,"""U,V,W,X,Y""",2,2025-06-02,2025-06-02 07:34:00,7:34 AM,2025-06-02 00:34:00,null,null,null,null,2025-06-02,2025-06-02 07:50:00,7:50 AM,2025-06-02 00:50:00,2025-06-02,2025-06-02 06:31:00,6:31 AM,2025-06-01 22:31:00,null,null,null,null,2025-06-02,2025-06-02 06:35:00,6:35 AM,2025-06-01 22:35:00,False,DMK,AK,2025-06-01,KUL,"""AK 890  """,Landed,null,null,null,null,null,null,null,null,2025-06-02 00:51:10,"""   """,null,null,"""  ""","""   """,null,null,"""     ""","""  """,null,null,null,9M-AJP,2025-06-02 12:50:00,2025-06-01 22:35:00
AK28_2026-03-26_TRZ_KUL,2,9,6,,""" """,2025-06-02,2025-06-02 06:26:00,6:26 AM,2025-06-01 22:26:00,null,null,null,null,2025-06-02,2025-06-02 06:50:00,6:50 AM,2025-06-01 22:50:00,2025-06-02,2025-06-02 00:07:00,12:07 AM,2025-06-01 18:37:00,null,null,null,null,2025-06-02,2025-06-02 00:10:00,12:10 AM,2025-06-01 18:40:00,False,KUL,AK,2025-06-01,TRZ,"""AK 28   """,Landed,null,null,null,null,null,null,null,null,2025-06-01 22:31:12,"""   """,null,null,"""  ""","""   """,null,null,"""     ""","""  """,null,null,null,9M-AGV,2025-06-01 10:50:00,2025-06-01 18:40:00
AK5124_2026-03-13_KUL_BKI,1,D,J9,"""S,T""",2,2025-06-03,2025-06-03 01:44:00,1:44 AM,2025-06-02 17:44:00,null,null,null,null,2025-06-02,2025-06-02 23:00:00,11:00 PM,2025-06-02 15:00:00,2025-06-02,2025-06-02 23:00:00,11:00 PM,2025-06-02 15:00:00,null,null,null,null,2025-06-02,2025-06-02 20:30:00,8:30 PM,2025-06-02 12:30:00,False,BKI,AK,2025-06-02,KUL,"""AK 5124 """,Landed,null,null,null,null,null,null,null,null,2025-06-02 17:51:10,KUL,2025-06-02T14:30:00,2025-06-02T13:17:00,AK,KBR,2025-06-02T14:25:00,2025-06-02T13:23:00,"""6441 ""","""  """,2025-06-02T11:15:00,2025-06-02T10:10:00,null,9M-AGF,2025-06-02 03:00:00,2025-06-02 12:30:00
AK6032_2026-02-12_KUL_JHB,""" """,,K10,"""S,T""",2,2025-06-02,2025-06-02 19:55:00,7:55 PM,2025-06-02 11:55:00,null,null,null,null,2025-06-02,2025-06-02 19:50:00,7:50 PM,2025-06-02 11:50:00,2025-06-02,2025-06-02 18:54:00,6:54 PM,2025-06-02 10:54:00,null,null,null,null,2025-06-02,2025-06-02 18:55:00,6:55 PM,2025-06-02 10:55:00,False,JHB,AK,2025-06-02,KUL,"""AK 6032 """,Landed,null,null,null,null,null,null,null,null,2025-06-02 12:01:15,KUL,2025-06-02T10:15:00,2025-06-02T08:02:00,AK,CGK,2025-06-02T10:29:00,null,"""385  ""","""  """,2025-06-02T10:15:00,2025-06-02T08:10:00,null,9M-AQQ,2025-06-02 11:50:00,2025-06-02 10:55:00
AK545_2025-11-01_KUL_PQC,""" """,4,Q5,"""U,V,W,X,Y""",2,2025-06-02,2025-06-02 13:46:00,1:46 PM,2025-06-02 06:46:00,null,null,null,null,2025-06-02,2025-06-02 13:35:00,1:35 PM,2025-06-02 06:35:00,2025-06-02,2025-06-02 12:59:00,12:59 PM,2025-06-02 04:59:00,null,null,null,null,2025-06-02,2025-06-02 12:50:00,12:50 PM,2025-06-02 04:50:00,False,PQC,AK,2025-06-02,KUL,"""AK 545  """,Landed,null,null,null,null,null,null,null,null,2025-06-02 07:21:16,KUL,2025-06-02T04:26:00,2025-06-02T02:34:00,AK,SGN,2025-06-02T04:26:00,null,"""521  ""","""  """,2025-06-02T04:25:00,2025-06-02T02:25:00,null,9M-RAI,2025-06-02 06:35:00,2025-06-02 04:50:00
AK33_2026-02-09_KUL_CCJ,""" """,,P19,"""U,V,W,X,Y""",2,2025-06-02,2025-06-02 23:54:00,11:54 PM,2025-06-02 18:24:00,null,null,null,null,2025-06-02,2025-06-02 23:25:00,11:25 PM,2025-06-02 17:55:00,2025-06-02,2025-06-02 22:08:00,10:08 PM,2025-06-02 14:08:00,null,null,null,null,2025-06-02,2025-06-02 21:55:00,9:55 PM,2025-06-02 13:55:00,False,CCJ,AK,2025-06-02,KUL,"""AK 33   """,Landed,null,null,null,null,null,null,null,null,2025-06-02 18:31:22,KUL,2025-06-02T12:05:00,2025-06-02T07:43:00,AK,SWA,2025-06-02T11:57:00,null,"""141  ""","""  """,2025-06-02T12:10:00,2025-06-02T07:55:00,null,9M-AJJ,2025-06-02 05:55:00,2025-06-02 13:55:00
AK6115_2025-04-12_PEN_KUL,2,1,,24-36,""" """,2025-06-02,2025-06-02 06:46:00,6:46 AM,2025-06-01 22:46:00,null,null,null,null,2025-06-02,2025-06-02 07:00:00,7:00 AM,2025-06-01 23:00:00,2025-06-02,2025-06-02 05:46:00,5:46 AM,2025-06-01 21:46:00,null,null,null,null,2025-06-02,2025-06-02 06:00:00,6:00 AM,2025-06-01 22:00:00,False,KUL,AK,2025-06-01,PEN,"""AK 6115 """,Landed,null,null,null,null,null,null,null,null,2025-06-01 23:01:13,"""   """,null,null,"""  ""","""   """,null,null,"""     ""","""  """,null,null,null,9M-AGU,2025-06-01 11:00:00,2025-06-01 22:00:00
AK394_2025-06-25_KNO_KUL,2,8,,B,""" """,2025-06-02,2025-06-02 22:04:00,10:04 PM,2025-06-02 14:04:00,null,null,null,null,2025-06-02,2025-06-02 21:45:00,9:45 PM,2025-06-02 13:45:00,2025-06-02,2025-06-02 20:06:00,8:06 PM,2025-06-02 13:06:00,null,null,null,null,2025-06-02,2025-06-02 19:40:00,7:40 PM,2025-06-02 12:40:00,False,KUL,AK,2025-06-02,KNO,"""AK 394  """,Landed,null,null,null,null,null,null,null,null,2025-06-02 14:21:11,KNO,2025-06-02T12:29:00,2025-06-02T11:25:00,AK,KUL,2025-06-02T12:31:00,null,"""395  ""","""  """,2025-06-02T12:15:00,2025-06-02T11:15:00,null,9M-AGE,2025-06-02 01:45:00,2025-06-02 12:40:00
AK1729_2026-03-03_PEN_SIN,4,2,A1A,24-36,""" """,2025-06-02,2025-06-02 20:06:00,8:06 PM,2025-06-02 12:06:00,null,null,null,null,2025-06-02,2025-06-02 20:20:00,8:20 PM,2025-06-02 12:20:00,2025-06-02,2025-06-02 18:37:00,6:37 PM,2025-06-02 10:37:00,null,null,null,null,2025-06-02,2025-06-02 18:55:00,6:55 PM,2025-06-02 10:55:00,False,SIN,AK,2025-06-02,PEN,"""AK 1729 """,Landed,null,null,null,null,null,null,null,null,2025-06-02 13:01:15,PEN,2025-06-02T10:08:00,2025-06-02T09:38:00,AK,LGK,2025-06-02T10:10:00,null,"""6247 ""","""  """,2025-06-02T10:30:00,2025-06-02T09:55:00,null,9M-DAG,2025-06-02 12:20:00,2025-06-02 10:55:00
AK5246_2026-03-08_KUL_BTU,""" """,,K20,"""S,T""",2,2025-06-03,2025-06-03 08:10:00,8:10 AM,2025-06-03 00:10:00,null,null,null,null,2025-06-03,2025-06-03 08:10:00,8:10 AM,2025-06-03 00:10:00,2025-06-03,2025-06-03 05:55:00,5:55 AM,2025-06-02 21:55:00,null,null,null,null,2025-06-03,2025-06-03 06:00:00,6:00 AM,2025-06-02 22:00:00,False,BTU,AK,2025-06-02,KUL,"""AK 5246 """,Landed,null,null,null,null,null,null,null,null,2025-06-03 00:21:11,"""   """,null,null,"""  ""","""   """,null,null,"""     ""","""  """,null,null,null,9M-AJD,2025-06-03 12:10:00,2025-06-02 22:00:00
AK427_2025-02-17_KUL_PKU,""" """,5,P11,"""U,V,W,X,Y""",2,2025-06-02,2025-06-02 07:21:00,7:21 AM,2025-06-02 00:21:00,null,null,null,null,2025-06-02,2025-06-02 07:35:00,7:35 AM,2025-06-02 00:35:00,2025-06-02,2025-06-02 07:34:00,7:34 AM,2025-06-01 23:34:00,null,null,null,null,2025-06-02,2025-06-02 07:40:00,7:40 AM,2025-06-01 23:40:00,False,PKU,AK,2025-06-01,KUL,"""AK 427  """,Landed,null,null,null,null,null,null,null,null,2025-06-02 01:21:17,"""   """,null,null,"""  ""","""   """,null,null,"""     ""","""  """,null,null,null,9M-AQP,2025-06-02 12:35:00,2025-06-01 23:40:00
AK347_2025-08-27_YIA_KUL,2,10,,B13-B17,""" """,2025-06-01,2025-06-01 15:24:00,3:24 PM,2025-06-01 07:24:00,null,null,null,null,2025-06-01,2025-06-01 15:15:00,3:15 PM,2025-06-01 07:15:00,2025-06-01,2025-06-01 11:50:00,11:50 AM,2025-06-01 04:50:00,null,null,null,null,2025-06-01,2025-06-01 11:45:00,11:45 AM,2025-06-01 04:45:00,False,KUL,AK,2025-06-01,YIA,"""AK 347  """,Landed,null,null,null,null,null,null,null,null,2025-06-01 07:31:10,YIA,2025-06-01T04:15:00,2025-06-01T01:42:00,AK,KUL,2025-06-01T04:29:00,null,"""346  ""","""  """,2025-06-01T04:20:00,2025-06-01T01:35:00,null,9M-AQM,2025-06-01 07:15:00,2025-06-01 04:45:00
AK1730_2026-02-19_SIN_PEN,""" """,C,G1,"""4,5""",4,2025-06-02,2025-06-02 22:24:00,10:24 PM,2025-06-02 14:24:00,null,null,null,null,2025-06-02,2025-06-02 22:05:00,10:05 PM,2025-06-02 14:05:00,2025-06-02,2025-06-02 21:10:00,9:10 PM,2025-06-02 13:10:00,null,null,null,null,2025-06-02,2025-06-02 20:50:00,8:50 PM,2025-06-02 12:50:00,False,PEN,AK,2025-06-02,SIN,"""AK 1730 """,Landed,null,null,null,null,null,null,null,null,2025-06-02 14:31:14,SIN,2025-06-02T12:39:00,2025-06-02T10:38:00,AK,PEN,2025-06-02T12:07:00,null,"""1729 ""","""  """,2025-06-02T12:20:00,2025-06-02T10:55:00,null,9M-AQH,2025-06-02 02:05:00,2025-06-02 12:50:00
AK6020_2025-03-14_KUL_AOR,""" """,B,J17,"""S,T""",2,2025-06-02,2025-06-02 08:17:00,8:17 AM,2025-06-02 00:17:00,null,null,null,null,2025-06-02,2025-06-02 08:20:00,8:20 AM,2025-06-02 00:20:00,2025-06-02,2025-06-02 07:15:00,7:15 AM,2025-06-01 23:15:00,null,null,null,null,2025-06-02,2025-06-02 07:15:00,7:15 AM,2025-06-01 23:15:00,False,AOR,AK,2025-06-01,KUL,"""AK 6020 """,Landed,null,null,null,null,null,null,null,null,2025-06-02 00:21:28,"""   """,null,null,"""  ""","""   """,null,null,"""     ""","""  """,null,null,null,9M-AGU,2025-06-02 12:20:00,2025-06-01 23:15:00
AK1723_2025-12-18_PEN_SIN,4,6,A1A,24-36,""" """,2025-06-03,2025-06-03 13:08:00,1:08 PM,2025-06-03 05:08:00,null,null,null,null,2025-06-03,2025-06-03 13:20:00,1:20 PM,2025-06-03 05:20:00,2025-06-03,2025-06-03 11:43:00,11:43 AM,2025-06-03 03:43:00,null,null,null,null,2025-06-03,2025-06-03 11:55:00,11:55 AM,2025-06-03 03:55:00,False,SIN,AK,2025-06-03,PEN,"""AK 1723 """,Landed,null,null,null,null,null,null,null,null,2025-06-03 05:31:11,PEN,2025-06-03T03:11:00,2025-06-03T02:40:00,AK,LGK,null,null,"""6240 ""","""  """,2025-06-03T03:20:00,2025-06-03T02:45:00,null,9M-RAW,2025-06-03 05:20:00,2025-06-03 03:55:00
AK543_2025-08-02_KUL_PQC,""" """,3,L12,"""U,V,W,X,Y""",2,2025-06-02,2025-06-02 08:53:00,8:53 AM,2025-06-02 01:53:00,null,null,null,null,2025-06-02,2025-06-02 09:10:00,9:10 AM,2025-06-02 02:10:00,2025-06-02,2025-06-02 08:13:00,8:13 AM,2025-06-02 00:13:00,null,null,null,null,2025-06-02,2025-06-02 08:20:00,8:20 AM,2025-06-02 00:20:00,False,PQC,AK,2025-06-02,KUL,"""AK 543  """,Landed,null,null,null,null,null,null,null,null,2025-06-02 05:01:25,KUL,2025-06-01T23:40:00,2025-06-01T22:44:00,AK,JHB,2025-06-01T23:41:00,null,"""6052 ""","""  """,2025-06-01T23:50:00,2025-06-01T23:00:00,null,9M-AFF,2025-06-02 02:10:00,2025-06-02 00:20:00
AK6466_2026-03-06_KCH_SBW,""" """,,2,,""" """,2025-06-03,2025-06-03 10:20:00,10:20 AM,2025-06-03 02:20:00,null,null,null,null,2025-06-03,2025-06-03 10:10:00,10:10 AM,2025-06-03 02:10:00,2025-06-03,2025-06-03 09:40:00,9:40 AM,2025-06-03 01:40:00,null,null,null,null,2025-06-03,2025-06-03 09:35:00,9:35 AM,2025-06-03 01:35:00,False,SBW,AK,2025-06-03,KCH,"""AK 6466 """,Landed,null,null,null,null,null,null,null,null,2025-06-03 02:31:13,KCH,2025-06-03T01:09:00,2025-06-02T23:44:00,AK,BKI,2025-06-03T01:10:00,null,"""6351 ""","""  """,2025-06-03T01:10:00,2025-06-02T23:50:00,null,9M-AQH,2025-06-03 02:10:00,2025-06-03 01:35:00
AK833_2026-01-05_HKT_KUL,2,9,15,D2-D5,""" """,2025-06-01,2025-06-01 14:35:00,2:35 PM,2025-06-01 06:35:00,null,null,null,null,2025-06-01,2025-06-01 14:05:00,2:05 PM,2025-06-01 06:05:00,2025-06-01,2025-06-01 11:55:00,11:55 AM,2025-06-01 04:55:00,null,null,null,null,2025-06-01,2025-06-01 11:30:00,11:30 AM,2025-06-01 04:30:00,False,KUL,AK,2025-06-01,HKT,"""AK 833  """,LANDED,null,null,null,null,null,null,null,null,2025-06-01 06:51:18,HKT,2025-06-01T04:14:00,2025-06-01T02:34:00,AK,KUL,2025-06-01T04:04:00,null,"""832  ""","""  """,2025-06-01T03:50:00,2025-06-01T02:20:00,null,9M-AGV,2025-06-01 06:05:00,2025-06-01 04:30:00
AK886_2025-09-02_KUL_DMK,1,6,L16,"""U,V,W,X,Y""",2,2025-06-05,2025-06-05 18:15:00,6:15 PM,2025-06-05 11:15:00,null,null,null,null,2025-06-05,2025-06-05 16:15:00,4:15 PM,2025-06-05 09:15:00,2025-06-05,2025-06-05 17:04:00,5:04 PM,2025-06-05 09:04:00,null,null,null,null,2025-06-05,2025-06-05 15:00:00,3:00 PM,2025-06-05 07:00:00,False,DMK,AK,2025-06-05,KUL,"""AK 886  """,Landed,null,null,null,null,null,null,null,null,2025-06-05 11:51:16,KUL,2025-06-05T08:30:00,2025-06-05T06:44:00,AK,KCH,2025-06-05T08:31:00,null,"""5209 ""","""  """,2025-06-05T08:35:00,2025-06-05T06:50:00,null,9M-AQH,2025-06-05 09:15:00,2025-06-05 07:00:00
AK5229_2025-10-22_KCH_KUL,2,,3,,""" """,2025-06-01,2025-06-01 22:39:00,10:39 PM,2025-06-01 14:39:00,null,null,null,null,2025-06-01,2025-06-01 20:00:00,8:00 PM,2025-06-01 12:00:00,2025-06-01,2025-06-01 20:55:00,8:55 PM,2025-06-01 12:55:00,null,null,null,null,2025-06-01,2025-06-01 18:30:00,6:30 PM,2025-06-01 10:30:00,False,KUL,AK,2025-06-01,KCH,"""AK 5229 """,Landed,null,null,null,null,null,null,null,null,2025-06-01 14:51:07,KCH,2025-06-01T12:25:00,2025-06-01T10:27:00,AK,KUL,2025-06-01T12:20:00,2025-06-01T10:20:00,"""5228 ""","""  """,2025-06-01T10:00:00,2025-06-01T08:20:00,null,9M-DAG,2025-06-01 12:00:00,2025-06-01 10:30:00
AK9152_2024-12-26,2,,,,""" """,2025-06-01,2025-06-01 22:19:00,10:19 PM,2025-06-01 14:19:00,null,null,null,null,2025-06-01,2025-06-01 21:20:00,9:20 PM,2025-06-01 13:20:00,2025-06-01,2025-06-01 20:36:00,8:36 PM,2025-06-01 12:36:00,null,null,null,null,2025-06-01,2025-06-01 19:30:00,7:30 PM,2025-06-01 11:30:00,False,KUL,AK,2025-06-01,KCH,"""AK 9152 """,Landed,null,null,null,null,null,null,null,null,2025-06-01 14:31:15,KCH,2025-06-01T12:11:00,2025-06-01T09:59:00,AK,KUL,2025-06-01T12:13:00,2025-06-01T09:45:00,"""9151 ""","""  """,2025-06-01T11:05:00,2025-06-01T09:20:00,null,9M-RAA,2025-06-01 01:20:00,2025-06-01 11:30:00
AK6014_2025-11-08_KUL_AOR,""" """,,,,2,2025-06-01,2025-06-01 19:47:00,7:47 PM,2025-06-01 11:47:00,null,null,null,null,2025-06-01,2025-06-01 19:35:00,7:35 PM,2025-06-01 11:35:00,2025-06-01,2025-06-01 18:40:00,6:40 PM,2025-06-01 10:40:00,null,null,null,null,2025-06-01,2025-06-01 18:30:00,6:30 PM,2025-06-01 10:30:00,False,AOR,AK,2025-06-01,KUL,"""AK 6014 """,On time,null,null,null,null,null,null,null,null,2025-06-01 12:11:17,KUL,2025-06-01T08:33:00,2025-06-01T04:55:00,AK,MNL,2025-06-01T08:43:00,null,"""583  ""","""  """,2025-06-01T08:55:00,2025-06-01T04:55:00,null,9M-VAF,2025-06-01 11:35:00,2025-06-01 10:30:00
AK6057_2025-07-13_BTU_KCH,""" """,A,,7-10,""" """,2025-06-02,2025-06-02 07:51:00,7:51 AM,2025-06-01 23:51:00,null,null,null,null,2025-06-02,2025-06-02 08:10:00,8:10 AM,2025-06-02 00:10:00,2025-06-02,2025-06-02 07:05:00,7:05 AM,2025-06-01 23:05:00,null,null,null,null,2025-06-02,2025-06-02 07:20:00,7:20 AM,2025-06-01 23:20:00,False,KCH,AK,2025-06-01,BTU,"""AK 6057 """,Landed,null,null,null,null,null,null,null,null,2025-06-02 00:11:15,BTU,2025-06-01T22:31:00,2025-06-01T21:43:00,AK,KCH,2025-06-01T22:42:00,null,"""6056 ""","""  """,2025-06-01T22:55:00,2025-06-01T22:00:00,null,9M-AJY,2025-06-02 12:10:00,2025-06-01 23:20:00
AK719_2026-01-12_KUL_SIN,4,3,Q15,"""U,V,W,X,Y""",2,2025-06-03,2025-06-03 20:02:00,8:02 PM,2025-06-03 12:02:00,null,null,null,null,2025-06-03,2025-06-03 19:40:00,7:40 PM,2025-06-03 11:40:00,2025-06-03,2025-06-03 18:46:00,6:46 PM,2025-06-03 10:46:00,null,null,null,null,2025-06-03,2025-06-03 18:30:00,6:30 PM,2025-06-03 10:30:00,False,SIN,AK,2025-06-03,KUL,"""AK 719  """,Landed,null,null,null,null,null,null,null,null,2025-06-03 13:41:33,KUL,2025-06-03T10:11:00,2025-06-03T09:22:00,AK,PKU,2025-06-03T10:21:00,2025-06-03T09:14:00,"""428  ""","""  """,2025-06-03T09:50:00,2025-06-03T09:00:00,null,9M-AGI,2025-06-03 11:40:00,2025-06-03 10:30:00
AK6190_2024-12-20,""" """,,,,""" """,2025-06-01,2025-06-01 09:55:00,9:55 AM,2025-06-01 01:55:00,null,null,null,null,2025-06-01,2025-06-01 10:15:00,10:15 AM,2025-06-01 02:15:00,2025-06-01,2025-06-01 08:58:00,8:58 AM,2025-06-01 00:58:00,null,null,null,null,2025-06-01,2025-06-01 09:10:00,9:10 AM,2025-06-01 01:10:00,False,MYY,AK,2025-06-01,KCH,"""AK 6190 """,Landed,null,null,null,null,null,null,null,null,2025-06-01 02:51:12,KCH,2025-06-01T00:25:00,2025-05-31T23:52:00,AK,SBW,null,null,"""6463 ""","""  """,2025-06-01T00:40:00,2025-06-01T00:05:00,null,9M-AQQ,2025-06-01 02:15:00,2025-06-01 01:10:00
AK1535_2025-10-02_CAN_BKI,1,B,A107,G,1,2025-06-05,2025-06-05 05:23:00,5:23 AM,2025-06-04 21:23:00,null,null,null,null,2025-06-05,2025-06-05 05:30:00,5:30 AM,2025-06-04 21:30:00,2025-06-05,2025-06-05 02:00:00,2:00 AM,2025-06-04 18:00:00,null,null,null,null,2025-06-05,2025-06-05 02:20:00,2:20 AM,2025-06-04 18:20:00,False,BKI,AK,2025-06-04,CAN,"""AK 1535 """,Landed,null,null,null,null,null,null,null,null,2025-06-04 21:31:10,"""   """,null,null,"""  ""","""   """,null,null,"""     ""","""  """,null,null,null,9M-RAE,2025-06-04 09:30:00,2025-06-04 18:20:00
AK6051_2025-05-18_KUL_JHB,""" """,,J1,"""S,T""",2,2025-06-02,2025-06-02 09:14:00,9:14 AM,2025-06-02 01:14:00,null,null,null,null,2025-06-02,2025-06-02 09:20:00,9:20 AM,2025-06-02 01:20:00,2025-06-02,2025-06-02 08:20:00,8:20 AM,2025-06-02 00:20:00,null,null,null,null,2025-06-02,2025-06-02 08:25:00,8:25 AM,2025-06-02 00:25:00,False,JHB,AK,2025-06-02,KUL,"""AK 6051 """,Landed,null,null,null,null,null,null,null,null,2025-06-02 04:41:11,KUL,2025-06-01T23:39:00,2025-06-01T22:49:00,AK,JHB,2025-06-01T23:49:00,null,"""6052 ""","""  """,2025-06-01T23:50:00,2025-06-01T23:00:00,null,9M-AQI,2025-06-02 01:20:00,2025-06-02 00:25:00
AK5303_2025-01-25_BKI_JHB,""" """,,A9,D01-D16,1,2025-06-03,2025-06-03 00:19:00,12:19 AM,2025-06-02 16:19:00,null,null,null,null,2025-06-02,2025-06-02 23:55:00,11:55 PM,2025-06-02 15:55:00,2025-06-02,2025-06-02 22:10:00,10:10 PM,2025-06-02 14:10:00,null,null,null,null,2025-06-02,2025-06-02 21:40:00,9:40 PM,2025-06-02 13:40:00,False,JHB,AK,2025-06-02,BKI,"""AK 5303 """,Landed,null,null,null,null,null,null,null,null,2025-06-02 16:21:29,BKI,2025-06-02T13:33:00,2025-06-02T11:20:00,AK,JHB,2025-06-02T13:45:00,null,"""5304 ""","""  """,2025-06-02T13:15:00,2025-06-02T10:55:00,null,9M-AQH,2025-06-02 03:55:00,2025-06-02 13:40:00
AK39_2026-01-27_KUL_COK,3,3,L16,"""U,V,W,X,Y""",2,2025-06-02,2025-06-02 21:55:00,9:55 PM,2025-06-02 16:25:00,null,null,null,null,2025-06-02,2025-06-02 22:00:00,10:00 PM,2025-06-02 16:30:00,2025-06-02,2025-06-02 20:27:00,8:27 PM,2025-06-02 12:27:00,null,null,null,null,2025-06-02,2025-06-02 20:25:00,8:25 PM,2025-06-02 12:25:00,False,COK,AK,2025-06-02,KUL,"""AK 39   """,Landed,null,null,null,null,null,null,null,null,2025-06-02 16:31:14,KUL,2025-06-02T10:40:00,2025-06-02T08:38:00,AK,MYY,2025-06-02T10:47:00,null,"""5645 ""","""  """,2025-06-02T10:40:00,2025-06-02T08:25:00,null,9M-RAH,2025-06-02 04:30:00,2025-06-02 12:25:00
AK6433_2026-01-15_KBR_KUL,2,3,7,12-15,""" """,2025-06-02,2025-06-02 17:53:00,5:53 PM,2025-06-02 09:53:00,null,null,null,null,2025-06-02,2025-06-02 17:50:00,5:50 PM,2025-06-02 09:50:00,2025-06-02,2025-06-02 16:55:00,4:55 PM,2025-06-02 08:55:00,null,null,null,null,2025-06-02,2025-06-02 16:50:00,4:50 PM,2025-06-02 08:50:00,False,KUL,AK,2025-06-02,KBR,"""AK 6433 """,Landed,null,null,null,null,null,null,null,null,2025-06-02 11:51:13,KBR,2025-06-02T08:30:00,2025-06-02T07:05:00,AK,KUL,2025-06-02T08:35:00,null,"""6432 ""","""  """,2025-06-02T08:20:00,2025-06-02T07:15:00,null,9M-AGU,2025-06-02 09:50:00,2025-06-02 08:50:00
AK6357_2025-08-01_BKI_KCH,""" """,,A9,D01-D16,1,2025-06-01,2025-06-01 13:53:00,1:53 PM,2025-06-01 05:53:00,null,null,null,null,2025-06-01,2025-06-01 14:00:00,2:00 PM,2025-06-01 06:00:00,2025-06-01,2025-06-01 12:31:00,12:31 PM,2025-06-01 04:31:00,null,null,null,null,2025-06-01,2025-06-01 12:40:00,12:40 PM,2025-06-01 04:40:00,False,KCH,AK,2025-06-01,BKI,"""AK 6357 """,Landed,null,null,null,null,null,null,null,null,2025-06-01 06:31:11,BKI,2025-06-01T03:52:00,2025-06-01T01:21:00,AK,KUL,2025-06-01T04:01:00,null,"""5136 ""","""  """,2025-06-01T03:55:00,2025-06-01T01:15:00,null,9M-AGB,2025-06-01 06:00:00,2025-06-01 04:40:00
AK6183_2025-05-15_MYY_KCH,""" """,A,,12-15,""" """,2025-06-01,2025-06-01 19:03:00,7:03 PM,2025-06-01 11:03:00,null,null,null,null,2025-06-01,2025-06-01 19:20:00,7:20 PM,2025-06-01 11:20:00,2025-06-01,2025-06-01 18:08:00,6:08 PM,2025-06-01 10:08:00,null,null,null,null,2025-06-01,2025-06-01 18:20:00,6:20 PM,2025-06-01 10:20:00,False,KCH,AK,2025-06-01,MYY,"""AK 6183 """,Landed,null,null,null,null,null,null,null,null,2025-06-01 11:11:18,MYY,2025-06-01T09:35:00,2025-06-01T08:36:00,AK,KCH,2025-06-01T09:40:00,null,"""6182 ""","""  """,2025-06-01T09:50:00,2025-06-01T08:50:00,null,9M-AQS,2025-06-01 11:20:00,2025-06-01 10:20:00
AK1793_2025-04-15_BKI_SIN,4,1,,D,1,2025-06-01,2025-06-01 12:34:00,12:34 PM,2025-06-01 04:34:00,null,null,null,null,2025-06-01,2025-06-01 11:30:00,11:30 AM,2025-06-01 03:30:00,2025-06-01,2025-06-01 10:18:00,10:18 AM,2025-06-01 02:18:00,null,null,null,null,2025-06-01,2025-06-01 09:05:00,9:05 AM,2025-06-01 01:05:00,False,SIN,AK,2025-06-01,BKI,"""AK 1793 """,On time,null,null,null,null,null,null,null,null,2025-06-01 06:51:14,BKI,null,2025-05-31T18:34:00,AK,KMG,2025-05-31T22:39:00,null,"""1483 ""","""  """,2025-05-31T22:25:00,2025-05-31T18:30:00,null,9M-RAK,2025-06-01 03:30:00,2025-06-01 01:05:00
AK1395_2024-12-20,""" """,,A111,G,1,2025-06-02,2025-06-02 06:56:00,6:56 AM,2025-06-01 22:56:00,null,null,null,null,2025-06-02,2025-06-02 07:00:00,7:00 AM,2025-06-01 23:00:00,2025-06-02,2025-06-02 03:02:00,3:02 AM,2025-06-01 19:02:00,null,null,null,null,2025-06-02,2025-06-02 03:05:00,3:05 AM,2025-06-01 19:05:00,False,JHB,AK,2025-06-01,CAN,"""AK 1395 """,Landed,null,null,null,null,null,null,null,null,2025-06-01 23:01:13,"""   """,null,null,"""  ""","""   """,null,null,"""     ""","""  """,null,null,null,9M-AQP,2025-06-01 11:00:00,2025-06-01 19:05:00
AK6186_2025-12-07_KCH_MYY,""" """,,8,,""" """,2025-06-03,2025-06-03 14:25:00,2:25 PM,2025-06-03 06:25:00,null,null,null,null,2025-06-03,2025-06-03 14:45:00,2:45 PM,2025-06-03 06:45:00,2025-06-03,2025-06-03 13:26:00,1:26 PM,2025-06-03 05:26:00,null,null,null,null,2025-06-03,2025-06-03 13:40:00,1:40 PM,2025-06-03 05:40:00,False,SING,AK,2025-06-03,KCH,"""AK 6186 """,Landed,null,null,null,null,null,null,null,null,2025-06-03 06:31:10,KCH,2025-06-03T04:51:00,2025-06-03T03:35:00,AK,SIN,2025-06-03T04:58:00,null,"""1776 ""","""  """,2025-06-03T05:10:00,2025-06-03T03:45:00,null,9M-AGZ,2025-06-03 06:45:00,2025-06-03 05:40:00
AK1491_2025-03-03_SGN_JHB,""" """,,,"""I,J""",2,2025-06-01,2025-06-01 11:13:00,11:13 AM,2025-06-01 03:13:00,null,null,null,null,2025-06-01,2025-06-01 11:20:00,11:20 AM,2025-06-01 03:20:00,2025-06-01,2025-06-01 08:25:00,8:25 AM,2025-06-01 01:25:00,null,null,null,null,2025-06-01,2025-06-01 08:30:00,8:30 AM,2025-06-01 01:30:00,False,JHB,AK,2025-06-01,SGN,"""AK 1491 """,Landed,null,null,null,null,null,null,null,null,2025-06-01 03:21:18,SGN,2025-06-01T00:48:00,2025-05-31T22:51:00,AK,JHB,2025-06-01T00:57:00,null,"""1490 ""","""  """,2025-06-01T01:00:00,2025-05-31T23:05:00,null,9M-AGP,2025-06-01 03:20:00,2025-06-01 01:30:00
AK5130_2025-01-09_KUL_BKI,""" """,,J5,"""S,T""",2,2025-06-01,2025-06-01 16:23:00,4:23 PM,2025-06-01 08:23:00,null,null,null,null,2025-06-01,2025-06-01 16:20:00,4:20 PM,2025-06-01 08:20:00,2025-06-01,2025-06-01 13:43:00,1:43 PM,2025-06-01 05:43:00,null,null,null,null,2025-06-01,2025-06-01 13:45:00,1:45 PM,2025-06-01 05:45:00,False,BKI,AK,2025-06-01,KUL,"""AK 5130 """,Landed,null,null,null,null,null,null,null,null,2025-06-01 08:41:18,KUL,2025-06-01T04:56:00,2025-06-01T02:02:00,AK,SDK,2025-06-01T04:50:00,2025-06-01T02:02:00,"""5193 ""","""  """,2025-06-01T04:40:00,2025-06-01T01:50:00,null,9M-VAF,2025-06-01 08:20:00,2025-06-01 05:45:00
AK522_2025-12-31_KUL_SGN,2,,L3,"""U,V,W,X,Y""",2,2025-06-03,2025-06-03 16:42:00,4:42 PM,2025-06-03 09:42:00,null,null,null,null,2025-06-03,2025-06-03 15:40:00,3:40 PM,2025-06-03 08:40:00,2025-06-03,2025-06-03 15:08:00,3:08 PM,2025-06-03 07:08:00,null,null,null,null,2025-06-03,2025-06-03 14:35:00,2:35 PM,2025-06-03 06:35:00,False,SGN,AK,2025-06-03,KUL,"""AK 522  """,Landed,null,null,null,null,null,null,null,null,2025-06-03 09:51:11,KUL,2025-06-03T06:17:00,2025-06-03T05:10:00,AK,PDG,2025-06-03T06:29:00,null,"""407  ""","""  """,2025-06-03T05:55:00,2025-06-03T04:50:00,null,9M-AJP,2025-06-03 08:40:00,2025-06-03 06:35:00
AK5413_2025-10-19_KCH_JHB,""" """,,3,,""" """,2025-06-02,2025-06-02 07:05:00,7:05 AM,2025-06-01 23:05:00,null,null,null,null,2025-06-02,2025-06-02 07:20:00,7:20 AM,2025-06-01 23:20:00,2025-06-02,2025-06-02 05:46:00,5:46 AM,2025-06-01 21:46:00,null,null,null,null,2025-06-02,2025-06-02 06:00:00,6:00 AM,2025-06-01 22:00:00,False,JHB,AK,2025-06-01,KCH,"""AK 5413 """,Landed,null,null,null,null,null,null,null,null,2025-06-01 23:11:10,"""   """,null,null,"""  ""","""   """,null,null,"""     ""","""  """,null,null,null,9M-AQO,2025-06-01 11:20:00,2025-06-01 22:00:00
AK888_2025-09-03_KUL_DMK,1,1,L5,"""U,V,W,X,Y""",2,null,null,null,null,2025-06-02,2025-06-02 20:50:00,8:50 PM,2025-06-02 13:50:00,2025-06-02,2025-06-02 19:20:00,7:20 PM,2025-06-02 12:20:00,2025-06-02,2025-06-02 19:29:00,7:29 PM,2025-06-02 11:29:00,null,null,null,null,2025-06-02,2025-06-02 18:00:00,6:00 PM,2025-06-02 10:00:00,False,DMK,AK,2025-06-02,KUL,"""AK 888  """,Landed,null,null,null,null,null,null,null,null,2025-06-02 15:51:16,KUL,2025-06-02T10:50:00,2025-06-02T08:31:00,AK,BWN,2025-06-02T10:50:00,2025-06-02T08:40:00,"""279  ""","""  """,2025-06-02T10:35:00,2025-06-02T08:10:00,null,9M-AJK,2025-06-02 12:20:00,2025-06-02 10:00:00
AK5137_2025-11-11_BKI_KUL,2,1,A10,D01-D16,1,2025-06-01,2025-06-01 21:27:00,9:27 PM,2025-06-01 13:27:00,null,null,null,null,2025-06-01,2025-06-01 21:10:00,9:10 PM,2025-06-01 13:10:00,2025-06-01,2025-06-01 18:33:00,6:33 PM,2025-06-01 10:33:00,null,null,null,null,2025-06-01,2025-06-01 18:35:00,6:35 PM,2025-06-01 10:35:00,False,KUL,AK,2025-06-01,BKI,"""AK 5137 """,Landed,null,null,null,null,null,null,null,null,2025-06-01 13:41:11,BKI,2025-06-01T10:07:00,2025-06-01T07:26:00,AK,KUL,2025-06-01T10:07:00,null,"""5138 ""","""  """,2025-06-01T10:10:00,2025-06-01T07:35:00,null,9M-AGN,2025-06-01 01:10:00,2025-06-01 10:35:00
AK5137_2025-12-06_BKI_KUL,2,3,A10,D01-D16,1,2025-06-02,2025-06-02 19:15:00,7:15 PM,2025-06-02 11:15:00,null,null,null,null,2025-06-02,2025-06-02 18:30:00,6:30 PM,2025-06-02 10:30:00,2025-06-02,2025-06-02 16:23:00,4:23 PM,2025-06-02 08:23:00,null,null,null,null,2025-06-02,2025-06-02 15:55:00,3:55 PM,2025-06-02 07:55:00,False,KUL,AK,2025-06-02,BKI,"""AK 5137 """,Landed,null,null,null,null,null,null,null,null,2025-06-02 12:51:14,BKI,2025-06-02T07:50:00,2025-06-02T05:15:00,AK,KUL,2025-06-02T07:51:00,2025-06-02T05:10:00,"""5138 ""","""  """,2025-06-02T07:30:00,2025-06-02T04:55:00,null,9M-AGK,2025-06-02 10:30:00,2025-06-02 07:55:00
AK6446_2026-03-26_KUL_KBR,""" """,2,J10,"""S,T""",2,2025-06-01,2025-06-01 20:56:00,8:56 PM,2025-06-01 12:56:00,null,null,null,null,2025-06-01,2025-06-01 21:00:00,9:00 PM,2025-06-01 13:00:00,2025-06-01,2025-06-01 19:53:00,7:53 PM,2025-06-01 11:53:00,null,null,null,null,2025-06-01,2025-06-01 19:55:00,7:55 PM,2025-06-01 11:55:00,False,KBR,AK,2025-06-01,KUL,"""AK 6446 """,Landed,null,null,null,null,null,null,null,null,2025-06-01 14:11:11,KUL,2025-06-01T11:23:00,2025-06-01T09:25:00,AK,SBW,2025-06-01T11:23:00,null,"""5869 ""","""  """,2025-06-01T11:25:00,2025-06-01T09:20:00,null,9M-RCB,2025-06-01 01:00:00,2025-06-01 11:55:00
AK711_2024-12-24,4,5,L7,"""U,V,W,X,Y""",2,2025-06-01,2025-06-01 13:56:00,1:56 PM,2025-06-01 05:56:00,null,null,null,null,2025-06-01,2025-06-01 13:40:00,1:40 PM,2025-06-01 05:40:00,2025-06-01,2025-06-01 12:45:00,12:45 PM,2025-06-01 04:45:00,null,null,null,null,2025-06-01,2025-06-01 12:30:00,12:30 PM,2025-06-01 04:30:00,False,SIN,AK,2025-06-01,KUL,"""AK 711  """,Landed,null,null,null,null,null,null,null,null,2025-06-01 09:51:12,KUL,2025-06-01T04:12:00,2025-06-01T01:37:00,AK,DMK,2025-06-01T04:11:00,null,"""891  ""","""  """,2025-06-01T03:45:00,2025-06-01T01:35:00,null,9M-AJK,2025-06-01 05:40:00,2025-06-01 04:30:00
AK856_2025-05-30_KUL_CNX,2,4,P15,"""U,V,W,X,Y""",2,2025-06-01,2025-06-01 17:11:00,5:11 PM,2025-06-01 10:11:00,null,null,null,null,2025-06-01,2025-06-01 16:50:00,4:50 PM,2025-06-01 09:50:00,2025-06-01,2025-06-01 15:26:00,3:26 PM,2025-06-01 07:26:00,null,null,null,null,2025-06-01,2025-06-01 15:05:00,3:05 PM,2025-06-01 07:05:00,False,CNX,AK,2025-06-01,KUL,"""AK 856  """,Landed,null,null,null,null,null,null,null,null,2025-06-01 11:11:12,KUL,2025-06-01T06:42:00,2025-06-01T02:43:00,AK,CAN,2025-06-01T06:50:00,null,"""113  ""","""  """,2025-06-01T06:35:00,2025-06-01T02:20:00,null,9M-AGK,2025-06-01 09:50:00,2025-06-01 07:05:00
AK6240_2025-11-26_LGK_PEN,""" """,F,3,1-9,""" """,2025-06-03,2025-06-03 11:15:00,11:15 AM,2025-06-03 03:15:00,null,null,null,null,2025-06-03,2025-06-03 11:20:00,11:20 AM,2025-06-03 03:20:00,2025-06-03,2025-06-03 10:43:00,10:43 AM,2025-06-03 02:43:00,null,null,null,null,2025-06-03,2025-06-03 10:45:00,10:45 AM,2025-06-03 02:45:00,False,PEN,AK,2025-06-03,LGK,"""AK 6240 """,Landed,null,null,null,null,null,null,null,null,2025-06-03 06:51:24,LGK,2025-06-03T02:04:00,2025-06-03T01:32:00,AK,PEN,2025-06-03T02:07:00,null,"""6241 ""","""  """,2025-06-03T02:20:00,2025-06-03T01:45:00,null,9M-AQP,2025-06-03 03:20:00,2025-06-03 02:45:00
AK5874_2025-09-30_KUL_SBW,""" """,,J1,"""S,T""",2,2025-06-02,2025-06-02 20:50:00,8:50 PM,2025-06-02 12:50:00,null,null,null,null,2025-06-02,2025-06-02 21:05:00,9:05 PM,2025-06-02 13:05:00,2025-06-02,2025-06-02 18:55:00,6:55 PM,2025-06-02 10:55:00,null,null,null,null,2025-06-02,2025-06-02 19:00:00,7:00 PM,2025-06-02 11:00:00,False,SBW,AK,2025-06-02,KUL,"""AK 5874 """,LANDED,null,null,null,null,null,null,null,null,2025-06-02 15:01:33,KUL,2025-06-02T10:04:00,2025-06-02T08:05:00,AK,SBW,2025-06-02T10:05:00,2025-06-02T08:02:00,"""5871 ""","""  """,2025-06-02T08:40:00,2025-06-02T06:40:00,null,9M-RAD,2025-06-02 01:05:00,2025-06-02 11:00:00
AK6247_2025-11-16_LGK_PEN,""" """,F,4,1-9,""" """,2025-06-02,2025-06-02 18:12:00,6:12 PM,2025-06-02 10:12:00,null,null,null,null,2025-06-02,2025-06-02 18:30:00,6:30 PM,2025-06-02 10:30:00,2025-06-02,2025-06-02 17:38:00,5:38 PM,2025-06-02 09:38:00,null,null,null,null,2025-06-02,2025-06-02 17:55:00,5:55 PM,2025-06-02 09:55:00,False,PEN,AK,2025-06-02,LGK,"""AK 6247 """,Landed,null,null,null,null,null,null,null,null,2025-06-02 10:41:19,LGK,2025-06-02T09:12:00,2025-06-02T08:41:00,AK,PEN,2025-06-02T09:16:00,null,"""6246 ""","""  """,2025-06-02T09:30:00,2025-06-02T08:55:00,null,9M-AQS,2025-06-02 10:30:00,2025-06-02 09:55:00
AK5232_2025-09-18_KUL_KCH,""" """,C,J13,"""S,T""",2,2025-06-01,2025-06-01 12:45:00,12:45 PM,2025-06-01 04:45:00,null,null,null,null,2025-06-01,2025-06-01 12:40:00,12:40 PM,2025-06-01 04:40:00,2025-06-01,2025-06-01 10:51:00,10:51 AM,2025-06-01 02:51:00,null,null,null,null,2025-06-01,2025-06-01 10:50:00,10:50 AM,2025-06-01 02:50:00,False,KCH,AK,2025-06-01,KUL,"""AK 5232 """,Landed,null,null,null,null,null,null,null,null,2025-06-01 05:11:10,KUL,2025-06-01T02:17:00,2025-06-01T00:28:00,AK,KCH,2025-06-01T02:13:00,2025-06-01T00:35:00,"""5205 ""","""  """,2025-06-01T02:15:00,2025-06-01T00:35:00,null,9M-AJA,2025-06-01 04:40:00,2025-06-01 02:50:00
AK1516_2025-03-08_BKI_PVG,""" """,25,B2,D,""" """,2025-06-02,2025-06-02 01:58:00,1:58 AM,2025-06-01 17:58:00,null,null,null,null,2025-06-02,2025-06-02 02:20:00,2:20 AM,2025-06-01 18:20:00,2025-06-01,2025-06-01 21:40:00,9:40 PM,2025-06-01 13:40:00,null,null,null,null,2025-06-01,2025-06-01 21:50:00,9:50 PM,2025-06-01 13:50:00,False,PVG,AK,2025-06-01,BKI,"""AK 1516 """,Landed,null,null,null,null,null,null,null,null,2025-06-01 19:21:15,BKI,2025-06-01T11:36:00,2025-06-01T10:43:00,AK,TWU,2025-06-01T11:35:00,null,"""6263 ""","""  """,2025-06-01T11:45:00,2025-06-01T10:55:00,null,9M-RAD,2025-06-01 06:20:00,2025-06-01 13:50:00
AK6082_2025-05-23_JHB_IPH,""" """,,,17-24,""" """,2025-06-03,2025-06-03 12:32:00,12:32 PM,2025-06-03 04:32:00,null,null,null,null,2025-06-03,2025-06-03 12:50:00,12:50 PM,2025-06-03 04:50:00,2025-06-03,2025-06-03 11:38:00,11:38 AM,2025-06-03 03:38:00,null,null,null,null,2025-06-03,2025-06-03 11:50:00,11:50 AM,2025-06-03 03:50:00,False,IPH,AK,2025-06-03,JHB,"""AK 6082 """,Landed,null,null,null,null,null,null,null,null,2025-06-03 05:21:20,JHB,2025-06-02T22:35:00,2025-06-02T18:44:00,AK,CAN,2025-06-02T22:34:00,null,"""1395 ""","""  """,2025-06-02T22:55:00,2025-06-02T19:05:00,null,9M-AQZ,2025-06-03 04:50:00,2025-06-03 03:50:00
AK188_2025-12-01_KUL_MFM,""" """,4,P4,"""U,V,W,X,Y""",2,2025-06-01,2025-06-01 13:39:00,1:39 PM,2025-06-01 05:39:00,null,null,null,null,2025-06-01,2025-06-01 13:30:00,1:30 PM,2025-06-01 05:30:00,2025-06-01,2025-06-01 09:49:00,9:49 AM,2025-06-01 01:49:00,null,null,null,null,2025-06-01,2025-06-01 09:40:00,9:40 AM,2025-06-01 01:40:00,False,MFM,AK,2025-06-01,KUL,"""AK 188  """,Landed,null,null,null,null,null,null,null,null,2025-06-01 05:41:11,"""   """,null,null,"""  ""","""   """,null,null,"""     ""","""  """,null,null,null,9M-AGJ,2025-06-01 05:30:00,2025-06-01 01:40:00
AK6085_2024-12-01,,,,1-3,,2025-06-01,2025-06-01 17:43:00,5:43 PM,2025-06-01 09:43:00,null,null,null,null,2025-06-01,2025-06-01 17:50:00,5:50 PM,2025-06-01 09:50:00,2025-06-01,2025-06-01 16:48:00,4:48 PM,2025-06-01 08:48:00,null,null,null,null,2025-06-01,2025-06-01 16:55:00,4:55 PM,2025-06-01 08:55:00,False,JHB,AK,2025-06-01,IPH,"""AK 6085 """,Landed,null,null,null,null,null,null,null,null,2025-06-01 09:51:15,IPH,2025-06-01T08:12:00,2025-06-01T07:08:00,AK,JHB,2025-06-01T08:19:00,null,"""6084 ""","""  """,2025-06-01T08:25:00,2025-06-01T07:10:00,null,9M-AGP,2025-06-01 09:50:00,2025-06-01 08:55:00
AK6042_2025-11-24_KUL_JHB,""" """,,J18,"""S,T""",2,2025-06-01,2025-06-01 10:53:00,10:53 AM,2025-06-01 02:53:00,null,null,null,null,2025-06-01,2025-06-01 10:40:00,10:40 AM,2025-06-01 02:40:00,2025-06-01,2025-06-01 09:44:00,9:44 AM,2025-06-01 01:44:00,null,null,null,null,2025-06-01,2025-06-01 09:45:00,9:45 AM,2025-06-01 01:45:00,False,JHB,AK,2025-06-01,KUL,"""AK 6042 """,Landed,null,null,null,null,null,null,null,null,2025-06-01 03:02:41,KUL,null,2025-05-31T23:59:00,AK,PEN,2025-06-01T01:09:00,null,"""6123 ""","""  """,2025-06-01T01:10:00,2025-06-01T00:10:00,null,9M-RCB,2025-06-01 02:40:00,2025-06-01 01:45:00
AK1502_2025-05-14_PEN_SGN,2,,A1A,24-36,""" """,2025-06-03,2025-06-03 12:37:00,12:37 PM,2025-06-03 05:37:00,null,null,null,null,2025-06-03,2025-06-03 13:00:00,1:00 PM,2025-06-03 06:00:00,2025-06-03,2025-06-03 12:00:00,12:00 PM,2025-06-03 04:00:00,null,null,null,null,2025-06-03,2025-06-03 12:05:00,12:05 PM,2025-06-03 04:05:00,False,SGN,AK,2025-06-03,PEN,"""AK 1502 """,Landed,null,null,null,null,null,null,null,null,2025-06-03 07:11:17,PEN,2025-06-03T02:53:00,2025-06-03T02:22:00,AK,LGK,2025-06-03T02:58:00,null,"""6240 ""","""  """,2025-06-03T03:15:00,2025-06-03T02:40:00,null,9M-AQN,2025-06-03 06:00:00,2025-06-03 04:05:00
AK5419_2026-02-07_KCH_JHB,""" """,,5,,""" """,2025-06-01,2025-06-01 17:58:00,5:58 PM,2025-06-01 09:58:00,null,null,null,null,2025-06-01,2025-06-01 17:55:00,5:55 PM,2025-06-01 09:55:00,2025-06-01,2025-06-01 16:35:00,4:35 PM,2025-06-01 08:35:00,null,null,null,null,2025-06-01,2025-06-01 16:35:00,4:35 PM,2025-06-01 08:35:00,False,JHB,AK,2025-06-01,KCH,"""AK 5419 """,landed,null,null,null,null,null,null,null,null,2025-06-01 10:11:22,KCH,2025-06-01T08:02:00,2025-06-01T07:04:00,AK,MYY,2025-06-01T08:03:00,null,"""6187 ""","""  """,2025-06-01T08:10:00,2025-06-01T07:10:00,null,9M-DAE,2025-06-01 09:55:00,2025-06-01 08:35:00
AK893_2024-12-25,2,8,26,4,1,2025-06-01,2025-06-01 22:45:00,10:45 PM,2025-06-01 14:45:00,null,null,null,null,2025-06-01,2025-06-01 22:10:00,10:10 PM,2025-06-01 14:10:00,2025-06-01,2025-06-01 19:27:00,7:27 PM,2025-06-01 12:27:00,null,null,null,null,2025-06-01,2025-06-01 18:55:00,6:55 PM,2025-06-01 11:55:00,False,KUL,AK,2025-06-01,DMK,"""AK 893  """,Landed,null,null,null,null,null,null,null,null,2025-06-01 15:01:13,DMK,2025-06-01T11:50:00,2025-06-01T09:24:00,AK,KUL,2025-06-01T11:45:00,null,"""892  ""","""  """,2025-06-01T11:20:00,2025-06-01T09:05:00,null,9M-DAG,2025-06-01 02:10:00,2025-06-01 11:55:00
AK5228_2024-11-17,,C,J12,"""S,T""",,2025-06-01,2025-06-01 22:36:00,10:36 PM,2025-06-01 14:36:00,null,null,null,null,2025-06-01,2025-06-01 22:35:00,10:35 PM,2025-06-01 14:35:00,2025-06-01,2025-06-01 20:53:00,8:53 PM,2025-06-01 12:53:00,null,null,null,null,2025-06-01,2025-06-01 20:45:00,8:45 PM,2025-06-01 12:45:00,False,KCH,AK,2025-06-01,KUL,"""AK 5228 """,Landed,null,null,null,null,null,null,null,null,2025-06-01 14:41:15,KUL,2025-06-01T12:12:00,2025-06-01T11:00:00,AK,AOR,2025-06-01T12:14:00,2025-06-01T11:01:00,"""6015 ""","""  """,2025-06-01T12:05:00,2025-06-01T10:55:00,null,9M-AQI,2025-06-01 02:35:00,2025-06-01 12:45:00
AK6262_2025-02-03_BKI_TWU,""" """,B,A9,D01-D16,1,2025-06-01,2025-06-01 19:35:00,7:35 PM,2025-06-01 11:35:00,null,null,null,null,2025-06-01,2025-06-01 18:30:00,6:30 PM,2025-06-01 10:30:00,2025-06-01,2025-06-01 18:48:00,6:48 PM,2025-06-01 10:48:00,null,null,null,null,2025-06-01,2025-06-01 17:40:00,5:40 PM,2025-06-01 09:40:00,False,TWU,AK,2025-06-01,BKI,"""AK 6262 """,Landed,null,null,null,null,null,null,null,null,2025-06-01 11:41:21,BKI,2025-06-01T10:12:00,2025-06-01T09:22:00,AK,SDK,2025-06-01T10:10:00,2025-06-01T09:13:00,"""6499 ""","""  """,2025-06-01T09:10:00,2025-06-01T08:25:00,null,9M-RAO,2025-06-01 10:30:00,2025-06-01 09:40:00
AK5435_2026-02-02_PEN_KCH,""" """,C,B1,24-36,""" """,2025-06-02,2025-06-02 00:25:00,12:25 AM,2025-06-01 16:25:00,null,null,null,null,2025-06-02,2025-06-02 00:30:00,12:30 AM,2025-06-01 16:30:00,2025-06-01,2025-06-01 22:25:00,10:25 PM,2025-06-01 14:25:00,null,null,null,null,2025-06-01,2025-06-01 22:30:00,10:30 PM,2025-06-01 14:30:00,False,KCH,AK,2025-06-01,PEN,"""AK 5435 """,Landed,null,null,null,null,null,null,null,null,2025-06-01 16:31:22,PEN,2025-06-01T13:56:00,2025-06-01T11:52:00,AK,KCH,2025-06-01T13:51:00,null,"""5436 ""","""  """,2025-06-01T14:05:00,2025-06-01T12:05:00,null,9M-AJA,2025-06-01 04:30:00,2025-06-01 14:30:00
AK613_2025-09-05_DRW_KUL,2,5,,,""" """,2025-06-01,2025-06-01 17:06:00,5:06 PM,2025-06-01 09:06:00,null,null,null,null,2025-06-01,2025-06-01 16:50:00,4:50 PM,2025-06-01 08:50:00,2025-06-01,2025-06-01 13:37:00,1:37 PM,2025-06-01 04:07:00,null,null,null,null,2025-06-01,2025-06-01 13:10:00,1:10 PM,2025-06-01 03:40:00,False,KUL,AK,2025-06-01,DRW,"""AK 613  """,Landed,null,null,null,null,null,null,null,null,2025-06-01 10:41:18,DRW,2025-06-01T03:03:00,2025-05-31T21:46:00,AK,KUL,2025-06-01T02:51:00,null,"""612  ""","""  """,2025-06-01T03:05:00,2025-05-31T21:55:00,null,9M-AGA,2025-06-01 08:50:00,2025-06-01 03:40:00
AK6440_2025-09-13_KUL_KBR,""" """,,,,2,2025-06-02,2025-06-02 18:41:00,6:41 PM,2025-06-02 10:41:00,null,null,null,null,2025-06-02,2025-06-02 18:30:00,6:30 PM,2025-06-02 10:30:00,2025-06-02,2025-06-02 16:38:00,4:38 PM,2025-06-02 08:38:00,null,null,null,null,2025-06-02,2025-06-02 16:20:00,4:20 PM,2025-06-02 08:20:00,False,PEN,AK,2025-06-02,KUL,"""AK 6440 """,Diverted,null,null,null,null,null,null,null,null,2025-06-02 10:51:13,KUL,2025-06-02T07:51:00,2025-06-02T05:23:00,AK,YIA,2025-06-02T08:06:00,2025-06-02T05:40:00,"""347  ""","""  """,2025-06-02T07:15:00,2025-06-02T04:45:00,null,9M-AGE,2025-06-02 10:30:00,2025-06-02 08:20:00
AK346_2025-06-16_KUL_YIA,""" """,,P17,"""U,V,W,X,Y""",2,2025-06-01,2025-06-01 11:05:00,11:05 AM,2025-06-01 04:05:00,null,null,null,null,2025-06-01,2025-06-01 11:20:00,11:20 AM,2025-06-01 04:20:00,2025-06-01,2025-06-01 09:33:00,9:33 AM,2025-06-01 01:33:00,null,null,null,null,2025-06-01,2025-06-01 09:35:00,9:35 AM,2025-06-01 01:35:00,False,YIA,AK,2025-06-01,KUL,"""AK 346  """,Landed,null,null,null,null,null,null,null,null,2025-06-01 04:41:11,"""   """,null,null,"""  ""","""   """,null,null,"""     ""","""  """,null,null,null,9M-RAJ,2025-06-01 04:20:00,2025-06-01 01:35:00
AK5744_2025-08-14_KUL_TWU,""" """,B,K6,"""S,T""",2,2025-06-02,2025-06-02 08:50:00,8:50 AM,2025-06-02 00:50:00,null,null,null,null,2025-06-02,2025-06-02 08:55:00,8:55 AM,2025-06-02 00:55:00,2025-06-02,2025-06-02 05:57:00,5:57 AM,2025-06-01 21:57:00,null,null,null,null,2025-06-02,2025-06-02 06:05:00,6:05 AM,2025-06-01 22:05:00,False,TWU,AK,2025-06-01,KUL,"""AK 5744 """,Landed,null,null,null,null,null,null,null,null,2025-06-02 01:21:10,"""   """,null,null,"""  ""","""   """,null,null,"""     ""","""  """,null,null,null,9M-RAR,2025-06-02 12:55:00,2025-06-01 22:05:00
AK706_2026-02-20_SIN_KUL,2,5,G10,"""4,5""",4,2025-06-03,2025-06-03 13:06:00,1:06 PM,2025-06-03 05:06:00,null,null,null,null,2025-06-03,2025-06-03 13:15:00,1:15 PM,2025-06-03 05:15:00,2025-06-03,2025-06-03 12:12:00,12:12 PM,2025-06-03 04:12:00,null,null,null,null,2025-06-03,2025-06-03 12:10:00,12:10 PM,2025-06-03 04:10:00,False,KUL,AK,2025-06-03,SIN,"""AK 706  """,Landed,null,null,null,null,null,null,null,null,2025-06-03 05:21:11,SIN,2025-06-03T03:35:00,2025-06-03T02:15:00,AK,KUL,2025-06-03T03:35:00,null,"""707  ""","""  """,2025-06-03T03:35:00,2025-06-03T02:20:00,null,9M-AJE,2025-06-03 05:15:00,2025-06-03 04:10:00
AK5869_2026-02-22_SBW_KUL,2,1,2B,1-7,""" """,2025-06-02,2025-06-02 19:19:00,7:19 PM,2025-06-02 11:19:00,null,null,null,null,2025-06-02,2025-06-02 19:25:00,7:25 PM,2025-06-02 11:25:00,2025-06-02,2025-06-02 17:15:00,5:15 PM,2025-06-02 09:15:00,null,null,null,null,2025-06-02,2025-06-02 17:20:00,5:20 PM,2025-06-02 09:20:00,False,KUL,AK,2025-06-02,SBW,"""AK 5869 """,Landed,null,null,null,null,null,null,null,null,2025-06-02 11:31:11,SBW,2025-06-02T08:43:00,2025-06-02T06:43:00,AK,KUL,2025-06-02T08:45:00,null,"""5868 ""","""  """,2025-06-02T08:55:00,2025-06-02T06:55:00,null,9M-AQN,2025-06-02 11:25:00,2025-06-02 09:20:00
AK6125_2025-12-26_PEN_KUL,2,2,A1,24-36,""" """,2025-06-01,2025-06-01 14:33:00,2:33 PM,2025-06-01 06:33:00,null,null,null,null,2025-06-01,2025-06-01 14:25:00,2:25 PM,2025-06-01 06:25:00,2025-06-01,2025-06-01 13:29:00,1:29 PM,2025-06-01 05:29:00,null,null,null,null,2025-06-01,2025-06-01 13:25:00,1:25 PM,2025-06-01 05:25:00,False,KUL,AK,2025-06-01,PEN,"""AK 6125 """,Landed,null,null,null,null,null,null,null,null,2025-06-01 07:21:11,PEN,2025-06-01T04:59:00,2025-06-01T03:51:00,AK,SIN,2025-06-01T05:09:00,null,"""1720 ""","""  """,2025-06-01T05:00:00,2025-06-01T03:45:00,null,9M-RAU,2025-06-01 06:25:00,2025-06-01 05:25:00
AK273_2025-04-11_BWN_KUL,2,4,7,ROW D,""" """,2025-06-02,2025-06-02 11:38:00,11:38 AM,2025-06-02 03:38:00,null,null,null,null,2025-06-02,2025-06-02 11:55:00,11:55 AM,2025-06-02 03:55:00,2025-06-02,2025-06-02 09:27:00,9:27 AM,2025-06-02 01:27:00,null,null,null,null,2025-06-02,2025-06-02 09:30:00,9:30 AM,2025-06-02 01:30:00,False,KUL,AK,2025-06-02,BWN,"""AK 273  """,Landed,null,null,null,null,null,null,null,null,2025-06-02 03:51:13,BWN,2025-06-02T00:50:00,2025-06-01T22:20:00,AK,KUL,2025-06-02T00:52:00,null,"""272  ""","""  """,2025-06-02T00:55:00,2025-06-01T22:25:00,null,9M-RAQ,2025-06-02 03:55:00,2025-06-02 01:30:00
AK6455_2025-04-07_LGK_JHB,""" """,,,1-9,""" """,2025-06-01,2025-06-01 16:29:00,4:29 PM,2025-06-01 08:29:00,null,null,null,null,2025-06-01,2025-06-01 15:10:00,3:10 PM,2025-06-01 07:10:00,2025-06-01,2025-06-01 15:18:00,3:18 PM,2025-06-01 07:18:00,null,null,null,null,2025-06-01,2025-06-01 13:55:00,1:55 PM,2025-06-01 05:55:00,False,JHB,AK,2025-06-01,LGK,"""AK 6455 """,Landed,null,null,null,null,null,null,null,null,2025-06-01 08:51:10,JHB,2025-06-01T05:21:00,2025-06-01T04:37:00,AK,KUL,2025-06-01T05:24:00,2025-06-01T04:34:00,"""1491 ""","""D """,2025-06-01T05:20:00,2025-06-01T04:30:00,null,9M-AQE,2025-06-01 07:10:00,2025-06-01 05:55:00
AK123_2025-06-12_SZX_KUL,2,,302,E,3,null,null,null,null,2025-06-03,2025-06-03 01:38:00,1:38 AM,2025-06-02 17:38:00,2025-06-03,2025-06-03 00:55:00,12:55 AM,2025-06-02 16:55:00,2025-06-02,2025-06-02 21:45:00,9:45 PM,2025-06-02 13:45:00,null,null,null,null,2025-06-02,2025-06-02 20:55:00,8:55 PM,2025-06-02 12:55:00,False,KUL,AK,2025-06-02,SZX,"""AK 123  """,Departed,null,null,null,null,null,null,null,null,2025-06-02 14:21:09,SZX,2025-06-02T12:51:00,2025-06-02T08:40:00,AK,KUL,2025-06-02T12:45:00,2025-06-02T08:30:00,"""122  ""","""  """,2025-06-02T11:55:00,2025-06-02T07:40:00,null,9M-AGC,2025-06-02 04:55:00,2025-06-02 12:55:00
AK543_2025-05-21_KUL_PQC,""" """,3,L5,"""U,V,W,X,Y""",2,null,null,null,null,2025-06-01,2025-06-01 09:06:00,9:06 AM,2025-06-01 02:06:00,2025-06-01,2025-06-01 09:10:00,9:10 AM,2025-06-01 02:10:00,2025-06-01,2025-06-01 08:26:00,8:26 AM,2025-06-01 00:26:00,null,null,null,null,2025-06-01,2025-06-01 08:20:00,8:20 AM,2025-06-01 00:20:00,False,PQC,AK,2025-06-01,KUL,"""AK 543  """,Departed On Time,null,null,null,null,null,null,null,null,2025-06-01 01:11:25,"""   """,null,null,"""  ""","""   """,null,null,"""     ""","""  """,null,null,null,9M-AJI,2025-06-01 02:10:00,2025-06-01 00:20:00
AK1720_2025-12-11_SIN_PEN,""" """,C,G10,"""4,5""",4,2025-06-02,2025-06-02 12:57:00,12:57 PM,2025-06-02 04:57:00,null,null,null,null,2025-06-02,2025-06-02 13:00:00,1:00 PM,2025-06-02 05:00:00,2025-06-02,2025-06-02 11:40:00,11:40 AM,2025-06-02 03:40:00,null,null,null,null,2025-06-02,2025-06-02 11:45:00,11:45 AM,2025-06-02 03:45:00,False,PEN,AK,2025-06-02,SIN,"""AK 1720 """,Landed,null,null,null,null,null,null,null,null,2025-06-02 05:01:14,SIN,2025-06-02T03:03:00,2025-06-02T01:41:00,AK,PEN,2025-06-02T03:05:00,null,"""1721 ""","""  """,2025-06-02T03:20:00,2025-06-02T01:55:00,null,9M-AQB,2025-06-02 05:00:00,2025-06-02 03:45:00
AK103_2025-02-04_KUL_KMG,""" """,3,P11,"""U,V,W,X,Y""",2,2025-06-02,2025-06-02 01:13:00,1:13 AM,2025-06-01 17:13:00,null,null,null,null,2025-06-02,2025-06-02 01:25:00,1:25 AM,2025-06-01 17:25:00,2025-06-01,2025-06-01 21:31:00,9:31 PM,2025-06-01 13:31:00,null,null,null,null,2025-06-01,2025-06-01 21:40:00,9:40 PM,2025-06-01 13:40:00,False,KMG,AK,2025-06-01,KUL,"""AK 103  """,Landed,null,null,null,null,null,null,null,null,2025-06-01 18:31:15,"""   """,null,null,"""  ""","""   """,null,null,"""     ""","""  """,null,null,null,9M-RAG,2025-06-01 05:25:00,2025-06-01 13:40:00
AK5219_2025-08-09_KCH_KUL,2,1,6,,""" """,2025-06-02,2025-06-02 01:28:00,1:28 AM,2025-06-01 17:28:00,null,null,null,null,2025-06-01,2025-06-01 23:15:00,11:15 PM,2025-06-01 15:15:00,2025-06-01,2025-06-01 23:40:00,11:40 PM,2025-06-01 15:40:00,null,null,null,null,2025-06-01,2025-06-01 21:30:00,9:30 PM,2025-06-01 13:30:00,False,KUL,AK,2025-06-01,KCH,"""AK 5219 """,Landed,null,null,null,null,null,null,null,null,2025-06-01 17:51:09,KUL,2025-06-01T12:49:00,2025-06-01T11:41:00,AK,TGG,2025-06-01T12:45:00,null,"""6227 ""","""  """,2025-06-01T12:50:00,2025-06-01T11:45:00,null,9M-AQB,2025-06-01 03:15:00,2025-06-01 13:30:00
AK722_2025-11-02_SIN_KUL,2,8,G8,"""4,5""",4,2025-06-02,2025-06-02 00:48:00,12:48 AM,2025-06-01 16:48:00,null,null,null,null,2025-06-02,2025-06-02 00:35:00,12:35 AM,2025-06-01 16:35:00,2025-06-01,2025-06-01 23:55:00,11:55 PM,2025-06-01 15:55:00,null,null,null,null,2025-06-01,2025-06-01 23:30:00,11:30 PM,2025-06-01 15:30:00,False,KUL,AK,2025-06-01,SIN,"""AK 722  """,Landed,null,null,null,null,null,null,null,null,2025-06-01 17:03:20,SIN,2025-06-01T15:22:00,2025-06-01T14:10:00,AK,KUL,2025-06-01T15:18:00,2025-06-01T14:10:00,"""723  ""","""  """,2025-06-01T15:05:00,2025-06-01T13:50:00,null,9M-RAQ,2025-06-01 04:35:00,2025-06-01 15:30:00
AK892_2025-03-19_KUL_DMK,1,1,P15,"""U,V,W,X,Y""",2,2025-06-02,2025-06-02 18:15:00,6:15 PM,2025-06-02 11:15:00,null,null,null,null,2025-06-02,2025-06-02 18:20:00,6:20 PM,2025-06-02 11:20:00,2025-06-02,2025-06-02 17:05:00,5:05 PM,2025-06-02 09:05:00,null,null,null,null,2025-06-02,2025-06-02 17:05:00,5:05 PM,2025-06-02 09:05:00,False,DMK,AK,2025-06-02,KUL,"""AK 892  """,Landed,null,null,null,null,null,null,null,null,2025-06-02 12:01:12,KUL,2025-06-02T08:35:00,2025-06-02T06:18:00,AK,DMK,2025-06-02T08:32:00,null,"""883  ""","""  """,2025-06-02T08:35:00,2025-06-02T06:20:00,null,9M-RAH,2025-06-02 11:20:00,2025-06-02 09:05:00
AK6311_2025-05-13_LGK_KUL,2,3,3,1-9,""" """,2025-06-03,2025-06-03 21:02:00,9:02 PM,2025-06-03 13:02:00,null,null,null,null,2025-06-03,2025-06-03 18:55:00,6:55 PM,2025-06-03 10:55:00,2025-06-03,2025-06-03 19:54:00,7:54 PM,2025-06-03 11:54:00,null,null,null,null,2025-06-03,2025-06-03 17:45:00,5:45 PM,2025-06-03 09:45:00,False,KUL,AK,2025-06-03,LGK,"""AK 6311 """,Landed,null,null,null,null,null,null,null,null,2025-06-03 13:21:17,LGK,2025-06-03T11:33:00,2025-06-03T10:26:00,AK,KUL,2025-06-03T11:32:00,2025-06-03T10:30:00,"""6310 ""","""  """,2025-06-03T09:20:00,2025-06-03T08:15:00,null,9M-AHX,2025-06-03 10:55:00,2025-06-03 09:45:00
AK5115_2026-03-14_BKI_KUL,2,1,A10,D01-D16,1,2025-06-03,2025-06-03 23:25:00,11:25 PM,2025-06-03 15:25:00,null,null,null,null,2025-06-03,2025-06-03 23:05:00,11:05 PM,2025-06-03 15:05:00,2025-06-03,2025-06-03 20:50:00,8:50 PM,2025-06-03 12:50:00,null,null,null,null,2025-06-03,2025-06-03 20:30:00,8:30 PM,2025-06-03 12:30:00,False,KUL,AK,2025-06-03,BKI,"""AK 5115 """,Landed,null,null,null,null,null,null,null,null,2025-06-03 16:51:09,BKI,2025-06-03T12:13:00,2025-06-03T09:40:00,AK,KUL,2025-06-03T12:17:00,null,"""5114 ""","""  """,2025-06-03T12:05:00,2025-06-03T09:30:00,null,9M-RAG,2025-06-03 03:05:00,2025-06-03 12:30:00
AK6194_2025-08-03_KCH_MYY,""" """,,6,,""" """,2025-06-01,2025-06-01 17:51:00,5:51 PM,2025-06-01 09:51:00,null,null,null,null,2025-06-01,2025-06-01 17:25:00,5:25 PM,2025-06-01 09:25:00,2025-06-01,2025-06-01 16:42:00,4:42 PM,2025-06-01 08:42:00,null,null,null,null,2025-06-01,2025-06-01 16:25:00,4:25 PM,2025-06-01 08:25:00,False,MYY,AK,2025-06-01,KCH,"""AK 6194 """,Landed,null,null,null,null,null,null,null,null,2025-06-01 10:01:11,KCH,2025-06-01T08:09:00,2025-06-01T06:09:00,AK,PEN,2025-06-01T08:14:00,2025-06-01T06:09:00,"""5432 ""","""  """,2025-06-01T07:55:00,2025-06-01T05:55:00,null,9M-DAB,2025-06-01 09:25:00,2025-06-01 08:25:00
AK6331_2025-12-13_KUL_LGK,""" """,2,K10,"""S,T""",2,2025-06-01,2025-06-01 16:29:00,4:29 PM,2025-06-01 08:29:00,null,null,null,null,2025-06-01,2025-06-01 16:20:00,4:20 PM,2025-06-01 08:20:00,2025-06-01,2025-06-01 15:21:00,3:21 PM,2025-06-01 07:21:00,null,null,null,null,2025-06-01,2025-06-01 15:15:00,3:15 PM,2025-06-01 07:15:00,False,LGK,AK,2025-06-01,KUL,"""AK 6331 """,Landed,null,null,null,null,null,null,null,null,2025-06-01 08:41:14,KUL,2025-06-01T06:44:00,2025-06-01T05:14:00,AK,KBV,2025-06-01T06:48:00,null,"""867  ""","""  """,2025-06-01T06:45:00,2025-06-01T05:20:00,null,9M-DAG,2025-06-01 08:20:00,2025-06-01 07:15:00
AK6240_2026-03-13_LGK_PEN,""" """,F,2,1-9,""" """,2025-06-05,2025-06-05 11:14:00,11:14 AM,2025-06-05 03:14:00,null,null,null,null,2025-06-05,2025-06-05 11:20:00,11:20 AM,2025-06-05 03:20:00,2025-06-05,2025-06-05 10:32:00,10:32 AM,2025-06-05 02:32:00,null,null,null,null,2025-06-05,2025-06-05 10:45:00,10:45 AM,2025-06-05 02:45:00,False,PEN,AK,2025-06-05,LGK,"""AK 6240 """,Landed,null,null,null,null,null,null,null,null,2025-06-05 07:51:10,LGK,2025-06-05T02:11:00,2025-06-05T01:35:00,AK,PEN,2025-06-05T02:15:00,null,"""6241 ""","""  """,2025-06-05T02:20:00,2025-06-05T01:45:00,null,9M-AQM,2025-06-05 03:20:00,2025-06-05 02:45:00
AK5237_2025-08-02_KCH_KUL,2,2,3,,""" """,2025-06-01,2025-06-01 21:03:00,9:03 PM,2025-06-01 13:03:00,null,null,null,null,2025-06-01,2025-06-01 19:20:00,7:20 PM,2025-06-01 11:20:00,2025-06-01,2025-06-01 19:02:00,7:02 PM,2025-06-01 11:02:00,null,null,null,null,2025-06-01,2025-06-01 17:50:00,5:50 PM,2025-06-01 09:50:00,False,KUL,AK,2025-06-01,KCH,"""AK 5237 """,Landed,null,null,null,null,null,null,null,null,2025-06-01 13:31:21,KCH,2025-06-01T10:24:00,2025-06-01T08:33:00,AK,KUL,2025-06-01T10:23:00,2025-06-01T08:20:00,"""5236 ""","""  """,2025-06-01T09:10:00,2025-06-01T07:30:00,null,9M-AHZ,2025-06-01 11:20:00,2025-06-01 09:50:00
AK5109_2026-03-08_BKI_KUL,2,2,A10,D01-D16,1,2025-06-01,2025-06-01 11:36:00,11:36 AM,2025-06-01 03:36:00,null,null,null,null,2025-06-01,2025-06-01 11:40:00,11:40 AM,2025-06-01 03:40:00,2025-06-01,2025-06-01 09:12:00,9:12 AM,2025-06-01 01:12:00,null,null,null,null,2025-06-01,2025-06-01 09:10:00,9:10 AM,2025-06-01 01:10:00,False,KUL,AK,2025-06-01,BKI,"""AK 5109 """,Landed,null,null,null,null,null,null,null,null,2025-06-01 04:11:19,BKI,2025-06-01T00:38:00,2025-05-31T22:03:00,AK,KUL,2025-06-01T00:41:00,null,"""5108 ""","""  """,2025-06-01T00:40:00,2025-05-31T22:05:00,null,9M-DAB,2025-06-01 03:40:00,2025-06-01 01:10:00
AK6351_2026-02-17_BKI_KCH,""" """,C,A9,D01-D16,1,2025-06-03,2025-06-03 09:14:00,9:14 AM,2025-06-03 01:14:00,null,null,null,null,2025-06-03,2025-06-03 09:10:00,9:10 AM,2025-06-03 01:10:00,2025-06-03,2025-06-03 07:48:00,7:48 AM,2025-06-02 23:48:00,null,null,null,null,2025-06-03,2025-06-03 07:50:00,7:50 AM,2025-06-02 23:50:00,False,KCH,AK,2025-06-02,BKI,"""AK 6351 """,Landed,null,null,null,null,null,null,null,null,2025-06-03 01:21:14,BKI,2025-06-02T23:13:00,2025-06-02T21:52:00,AK,KCH,2025-06-02T23:24:00,null,"""6350 ""","""  """,2025-06-02T23:25:00,2025-06-02T22:00:00,null,9M-AQZ,2025-06-03 01:10:00,2025-06-02 23:50:00
AK525_2025-06-16_SGN_KUL,2,,,"""I,J""",2,2025-06-02,2025-06-02 02:45:00,2:45 AM,2025-06-01 18:45:00,null,null,null,null,2025-06-02,2025-06-02 00:05:00,12:05 AM,2025-06-01 16:05:00,2025-06-01,2025-06-01 23:44:00,11:44 PM,2025-06-01 16:44:00,null,null,null,null,2025-06-01,2025-06-01 21:10:00,9:10 PM,2025-06-01 14:10:00,False,KUL,AK,2025-06-01,SGN,"""AK 525  """,Landed,null,null,null,null,null,null,null,null,2025-06-01 19:31:17,SGN,2025-06-01T16:09:00,2025-06-01T13:51:00,AK,KUL,2025-06-01T16:02:00,2025-06-01T13:15:00,"""524  ""","""  """,2025-06-01T13:40:00,2025-06-01T11:35:00,null,9M-DAG,2025-06-01 04:05:00,2025-06-01 14:10:00
AK44_2026-01-30_CMB_KUL,2,9,11,,""" """,2025-06-01,2025-06-01 16:39:00,4:39 PM,2025-06-01 08:39:00,null,null,null,null,2025-06-01,2025-06-01 16:35:00,4:35 PM,2025-06-01 08:35:00,2025-06-01,2025-06-01 10:25:00,10:25 AM,2025-06-01 04:55:00,null,null,null,null,2025-06-01,2025-06-01 10:25:00,10:25 AM,2025-06-01 04:55:00,False,KUL,AK,2025-06-01,CMB,"""AK 44   """,Landed,null,null,null,null,null,null,null,null,2025-06-01 08:51:12,CMB,2025-06-01T03:46:00,2025-06-01T00:20:00,AK,KUL,2025-06-01T03:45:00,null,"""45   ""","""  """,2025-06-01T03:55:00,2025-06-01T00:25:00,null,9M-AGI,2025-06-01 08:35:00,2025-06-01 04:55:00
AK6128_2025-05-27_KUL_PEN,""" """,F,J3,"""S,T""",2,2025-06-01,2025-06-01 22:27:00,10:27 PM,2025-06-01 14:27:00,null,null,null,null,2025-06-01,2025-06-01 22:40:00,10:40 PM,2025-06-01 14:40:00,2025-06-01,2025-06-01 21:26:00,9:26 PM,2025-06-01 13:26:00,null,null,null,null,2025-06-01,2025-06-01 21:40:00,9:40 PM,2025-06-01 13:40:00,False,PEN,AK,2025-06-01,KUL,"""AK 6128 """,Landed,null,null,null,null,null,null,null,null,2025-06-01 14:31:12,KUL,2025-06-01T12:46:00,2025-06-01T11:45:00,AK,PEN,2025-06-01T12:51:00,null,"""6129 ""","""  """,2025-06-01T13:05:00,2025-06-01T12:00:00,null,9M-AQF,2025-06-01 02:40:00,2025-06-01 13:40:00
AK6322_2026-03-14_KUL_LGK,""" """,,,"""S,T""",2,null,null,null,null,null,null,null,null,2025-06-01,2025-06-01 20:10:00,8:10 PM,2025-06-01 12:10:00,null,null,null,null,null,null,null,null,2025-06-01,2025-06-01 19:05:00,7:05 PM,2025-06-01 11:05:00,False,LGK,AK,2025-06-01,KUL,"""AK 6322 """,Cancelled,null,null,null,null,null,null,null,null,2025-06-01 08:01:35,KCH,null,null,AK,KUL,2025-06-01T12:23:00,2025-06-01T10:35:00,"""5214 ""","""  """,2025-06-01T11:15:00,2025-06-01T09:30:00,null,9M-AQB,2025-06-01 12:10:00,2025-06-01 11:05:00
AK5747_2025-03-08_TWU_KUL,2,3,4,6-9,""" """,2025-06-02,2025-06-02 14:14:00,2:14 PM,2025-06-02 06:14:00,null,null,null,null,2025-06-02,2025-06-02 14:35:00,2:35 PM,2025-06-02 06:35:00,2025-06-02,2025-06-02 11:36:00,11:36 AM,2025-06-02 03:36:00,null,null,null,null,2025-06-02,2025-06-02 11:50:00,11:50 AM,2025-06-02 03:50:00,False,KUL,AK,2025-06-02,TWU,"""AK 5747 """,Landed,null,null,null,null,null,null,null,null,2025-06-02 07:01:23,TWU,2025-06-02T03:04:00,2025-06-02T00:13:00,AK,KUL,2025-06-02T03:14:00,null,"""5746 ""","""  """,2025-06-02T03:15:00,2025-06-02T00:20:00,null,9M-AQE,2025-06-02 06:35:00,2025-06-02 03:50:00
AK1772_2025-08-03_SIN_KCH,""" """,D,G1,"""4,5""",4,2025-06-01,2025-06-01 23:51:00,11:51 PM,2025-06-01 15:51:00,null,null,null,null,2025-06-01,2025-06-01 21:30:00,9:30 PM,2025-06-01 13:30:00,2025-06-01,2025-06-01 22:32:00,10:32 PM,2025-06-01 14:32:00,null,null,null,null,2025-06-01,2025-06-01 20:00:00,8:00 PM,2025-06-01 12:00:00,False,KCH,AK,2025-06-01,SIN,"""AK 1772 """,Landed,null,null,null,null,null,null,null,null,2025-06-01 16:01:45,SIN,2025-06-01T13:59:00,2025-06-01T12:38:00,AK,KCH,2025-06-01T13:58:00,2025-06-01T12:25:00,"""1771 ""","""  """,2025-06-01T11:35:00,2025-06-01T10:00:00,null,9M-AQO,2025-06-01 01:30:00,2025-06-01 12:00:00
AK6267_2025-02-16_TWU_BKI,1,,4,6-9,""" """,2025-06-02,2025-06-02 15:01:00,3:01 PM,2025-06-02 07:01:00,null,null,null,null,2025-06-02,2025-06-02 14:40:00,2:40 PM,2025-06-02 06:40:00,2025-06-02,2025-06-02 14:07:00,2:07 PM,2025-06-02 06:07:00,null,null,null,null,2025-06-02,2025-06-02 13:50:00,1:50 PM,2025-06-02 05:50:00,False,BKI,AK,2025-06-02,TWU,"""AK 6267 """,Landed,null,null,null,null,null,null,null,null,2025-06-02 07:11:14,TWU,2025-06-02T05:42:00,2025-06-02T04:55:00,AK,BKI,2025-06-02T05:50:00,null,"""6266 ""","""  """,2025-06-02T05:25:00,2025-06-02T04:35:00,null,9M-RAK,2025-06-02 06:40:00,2025-06-02 05:50:00
AK6432_2025-06-07_KUL_KBR,""" """,1,J3,"""S,T""",2,2025-06-01,2025-06-01 14:57:00,2:57 PM,2025-06-01 06:57:00,null,null,null,null,2025-06-01,2025-06-01 15:10:00,3:10 PM,2025-06-01 07:10:00,2025-06-01,2025-06-01 13:56:00,1:56 PM,2025-06-01 05:56:00,null,null,null,null,2025-06-01,2025-06-01 14:05:00,2:05 PM,2025-06-01 06:05:00,False,KBR,AK,2025-06-01,KUL,"""AK 6432 """,Landed,null,null,null,null,null,null,null,null,2025-06-01 07:11:16,KUL,2025-06-01T04:57:00,2025-06-01T02:38:00,AK,MYY,2025-06-01T04:51:00,null,"""5654 ""","""  """,2025-06-01T05:15:00,2025-06-01T02:50:00,null,9M-AGY,2025-06-01 07:10:00,2025-06-01 06:05:00
AK53_2024-11-04,,"""4B,4A""",L6,"""U,V,W,X,Y""",,2025-06-01,2025-06-01 22:45:00,10:45 PM,2025-06-01 17:15:00,null,null,null,null,2025-06-01,2025-06-01 22:45:00,10:45 PM,2025-06-01 17:15:00,2025-06-01,2025-06-01 21:10:00,9:10 PM,2025-06-01 13:10:00,null,null,null,null,2025-06-01,2025-06-01 21:05:00,9:05 PM,2025-06-01 13:05:00,False,BLR,AK,2025-06-01,KUL,"""AK 53   """,Landed,null,null,null,null,null,null,null,null,2025-06-01 17:21:13,KUL,2025-06-01T12:34:00,2025-06-01T10:05:00,AK,LBU,2025-06-01T12:48:00,2025-06-01T10:00:00,"""5173 ""","""  """,2025-06-01T11:55:00,2025-06-01T09:30:00,null,9M-AGJ,2025-06-01 05:15:00,2025-06-01 13:05:00
AK5233_2026-02-12_KCH_KUL,2,1,1,,""" """,2025-06-01,2025-06-01 13:41:00,1:41 PM,2025-06-01 05:41:00,null,null,null,null,2025-06-01,2025-06-01 13:20:00,1:20 PM,2025-06-01 05:20:00,2025-06-01,2025-06-01 11:54:00,11:54 AM,2025-06-01 03:54:00,null,null,null,null,2025-06-01,2025-06-01 11:35:00,11:35 AM,2025-06-01 03:35:00,False,KUL,AK,2025-06-01,KCH,"""AK 5233 """,Landed,null,null,null,null,null,null,null,null,2025-06-01 07:51:20,KCH,2025-06-01T03:22:00,2025-06-01T02:34:00,AK,SBW,2025-06-01T03:11:00,null,"""6467 ""","""  """,2025-06-01T03:10:00,2025-06-01T02:35:00,null,9M-RAU,2025-06-01 05:20:00,2025-06-01 03:35:00
AK1560_2025-10-15_BKI_PKX,""" """,3,B6,D,1,2025-06-01,2025-06-01 23:08:00,11:08 PM,2025-06-01 15:08:00,null,null,null,null,2025-06-01,2025-06-01 23:15:00,11:15 PM,2025-06-01 15:15:00,2025-06-01,2025-06-01 17:55:00,5:55 PM,2025-06-01 09:55:00,null,null,null,null,2025-06-01,2025-06-01 18:00:00,6:00 PM,2025-06-01 10:00:00,False,PKX,AK,2025-06-01,BKI,"""AK 1560 """,Landed,null,null,null,null,null,null,null,null,2025-06-01 15:21:29,BKI,2025-06-01T09:09:00,2025-06-01T08:18:00,AK,TWU,2025-06-01T09:12:00,2025-06-01T08:20:00,"""6271 ""","""  """,2025-06-01T09:10:00,2025-06-01T08:15:00,null,9M-RAP,2025-06-01 03:15:00,2025-06-01 10:00:00
AK1510_2025-01-12_BKI_TPE,1,1,B4,D,1,2025-06-02,2025-06-02 09:15:00,9:15 AM,2025-06-02 01:15:00,null,null,null,null,2025-06-02,2025-06-02 09:25:00,9:25 AM,2025-06-02 01:25:00,2025-06-02,2025-06-02 05:55:00,5:55 AM,2025-06-01 21:55:00,null,null,null,null,2025-06-02,2025-06-02 06:05:00,6:05 AM,2025-06-01 22:05:00,False,TPE,AK,2025-06-01,BKI,"""AK 1510 """,Landed,null,null,null,null,null,null,null,null,2025-06-02 01:31:11,"""   """,null,null,"""  ""","""   """,null,null,"""     ""","""  """,null,null,null,9M-AHE,2025-06-02 01:25:00,2025-06-01 22:05:00
AK6058_2025-06-22_KCH_BTU,""" """,,2,,""" """,2025-06-01,2025-06-01 18:19:00,6:19 PM,2025-06-01 10:19:00,null,null,null,null,2025-06-01,2025-06-01 18:15:00,6:15 PM,2025-06-01 10:15:00,2025-06-01,2025-06-01 17:32:00,5:32 PM,2025-06-01 09:32:00,null,null,null,null,2025-06-01,2025-06-01 17:25:00,5:25 PM,2025-06-01 09:25:00,False,BTU,AK,2025-06-01,KCH,"""AK 6058 """,Landed,null,null,null,null,null,null,null,null,2025-06-01 11:21:11,BKI,null,null,AK,MYY,2025-06-01T14:17:00,2025-06-01T13:25:00,"""6074 ""","""  """,2025-06-01T09:15:00,2025-06-01T08:25:00,null,9M-AHJ,2025-06-01 10:15:00,2025-06-01 09:25:00
AK522_2025-02-26_KUL_SGN,2,,Q3,"""U,V,W,X,Y""",2,2025-06-01,2025-06-01 15:58:00,3:58 PM,2025-06-01 08:58:00,null,null,null,null,2025-06-01,2025-06-01 15:40:00,3:40 PM,2025-06-01 08:40:00,2025-06-01,2025-06-01 14:58:00,2:58 PM,2025-06-01 06:58:00,null,null,null,null,2025-06-01,2025-06-01 14:35:00,2:35 PM,2025-06-01 06:35:00,False,SGN,AK,2025-06-01,KUL,"""AK 522  """,Landed,null,null,null,null,null,null,null,null,2025-06-01 09:11:16,KUL,2025-06-01T06:15:00,2025-06-01T05:12:00,AK,PDG,2025-06-01T06:15:00,null,"""407  ""","""  """,2025-06-01T05:55:00,2025-06-01T04:50:00,null,9M-DAF,2025-06-01 08:40:00,2025-06-01 06:35:00
AK6241_2024-11-25,,,,,,2025-06-01,2025-06-01 09:52:00,9:52 AM,2025-06-01 01:52:00,null,null,null,null,2025-06-01,2025-06-01 10:10:00,10:10 AM,2025-06-01 02:10:00,2025-06-01,2025-06-01 09:21:00,9:21 AM,2025-06-01 01:21:00,null,null,null,null,2025-06-01,2025-06-01 09:35:00,9:35 AM,2025-06-01 01:35:00,False,LGK,AK,2025-06-01,PEN,"""AK 6241 """,Landed,null,null,null,null,null,null,null,null,2025-06-01 02:01:21,PEN,2025-06-01T00:49:00,2025-05-31T23:48:00,AK,KUL,2025-06-01T00:52:00,null,"""6114 ""","""  """,2025-06-01T00:45:00,2025-05-31T23:50:00,null,9M-AJY,2025-06-01 02:10:00,2025-06-01 01:35:00
AK6119_2025-06-20_PEN_KUL,2,1,B7,24-36,""" """,null,null,null,null,null,null,null,null,2025-06-02,2025-06-02 11:55:00,11:55 AM,2025-06-02 03:55:00,null,null,null,null,null,null,null,null,2025-06-02,2025-06-02 10:55:00,10:55 AM,2025-06-02 02:55:00,False,KUL,AK,2025-06-02,PEN,"""AK 6119 """,Landed,null,null,null,null,null,null,null,null,2025-06-02 07:31:19,PEN,null,null,AK,KUL,null,null,"""6118 ""","""  """,2025-06-02T02:25:00,2025-06-02T01:30:00,null,9M-AQM,2025-06-02 03:55:00,2025-06-02 02:55:00
AK6062_2025-10-11_KCH_BTU,""" """,,6,,""" """,2025-06-01,2025-06-01 13:38:00,1:38 PM,2025-06-01 05:38:00,null,null,null,null,2025-06-01,2025-06-01 13:55:00,1:55 PM,2025-06-01 05:55:00,2025-06-01,2025-06-01 12:51:00,12:51 PM,2025-06-01 04:51:00,null,null,null,null,2025-06-01,2025-06-01 13:05:00,1:05 PM,2025-06-01 05:05:00,False,BTU,AK,2025-06-01,KCH,"""AK 6062 """,Landed,null,null,null,null,null,null,null,null,2025-06-01 05:51:13,KCH,2025-06-01T04:12:00,2025-06-01T03:15:00,AK,MYY,2025-06-01T04:14:00,null,"""6191 ""","""  """,2025-06-01T04:30:00,2025-06-01T03:30:00,null,9M-AQP,2025-06-01 05:55:00,2025-06-01 05:05:00
AK520_2026-04-12_KUL_SGN,2,,L4,"""U,V,W,X,Y""",2,2025-06-04,2025-06-04 08:13:00,8:13 AM,2025-06-04 01:13:00,null,null,null,null,2025-06-04,2025-06-04 08:05:00,8:05 AM,2025-06-04 01:05:00,2025-06-04,2025-06-04 07:10:00,7:10 AM,2025-06-03 23:10:00,null,null,null,null,2025-06-04,2025-06-04 07:05:00,7:05 AM,2025-06-03 23:05:00,False,SGN,AK,2025-06-03,KUL,"""AK 520  """,Landed,null,null,null,null,null,null,null,null,2025-06-04 01:21:15,"""   """,null,null,"""  ""","""   """,null,null,"""     ""","""  """,null,null,null,9M-AJY,2025-06-04 01:05:00,2025-06-03 23:05:00
AK881_2025-10-31_DMK_KUL,2,9,21,4,1,2025-06-03,2025-06-03 13:55:00,1:55 PM,2025-06-03 05:55:00,null,null,null,null,2025-06-03,2025-06-03 13:10:00,1:10 PM,2025-06-03 05:10:00,2025-06-03,2025-06-03 10:40:00,10:40 AM,2025-06-03 03:40:00,null,null,null,null,2025-06-03,2025-06-03 09:55:00,9:55 AM,2025-06-03 02:55:00,False,KUL,AK,2025-06-03,DMK,"""AK 881  """,Landed,null,null,null,null,null,null,null,null,2025-06-03 06:41:10,DMK,2025-06-03T03:05:00,2025-06-03T00:55:00,AK,KUL,2025-06-03T03:03:00,null,"""880  ""","""  """,2025-06-03T02:20:00,2025-06-03T00:10:00,null,9M-VAE,2025-06-03 05:10:00,2025-06-03 02:55:00
AK521_2025-02-04_SGN_KUL,2,,,"""I,J""",2,2025-06-02,2025-06-02 14:39:00,2:39 PM,2025-06-02 06:39:00,null,null,null,null,2025-06-02,2025-06-02 12:25:00,12:25 PM,2025-06-02 04:25:00,2025-06-02,2025-06-02 11:28:00,11:28 AM,2025-06-02 04:28:00,null,null,null,null,2025-06-02,2025-06-02 09:25:00,9:25 AM,2025-06-02 02:25:00,False,KUL,AK,2025-06-02,SGN,"""AK 521  """,Landed,null,null,null,null,null,null,null,null,2025-06-02 06:51:12,SGN,2025-06-02T03:59:00,2025-06-02T01:53:00,AK,KUL,2025-06-02T04:04:00,2025-06-02T01:40:00,"""520  ""","""  """,2025-06-02T01:50:00,2025-06-01T23:50:00,null,9M-AHE,2025-06-02 04:25:00,2025-06-02 02:25:00
AK379_2025-01-05,2,7,7,E11-E14,""" """,2025-06-01,2025-06-01 23:32:00,11:32 PM,2025-06-01 15:32:00,null,null,null,null,2025-06-01,2025-06-01 22:50:00,10:50 PM,2025-06-01 14:50:00,2025-06-01,2025-06-01 20:29:00,8:29 PM,2025-06-01 12:29:00,null,null,null,null,2025-06-01,2025-06-01 19:55:00,7:55 PM,2025-06-01 11:55:00,False,KUL,AK,2025-06-01,DPS,"""AK 379  """,Landed,null,null,null,null,null,null,null,null,2025-06-01 15:41:15,DPS,2025-06-01T11:46:00,2025-06-01T08:28:00,AK,KUL,2025-06-01T11:45:00,null,"""378  ""","""  """,2025-06-01T11:20:00,2025-06-01T08:20:00,null,9M-AJH,2025-06-01 02:50:00,2025-06-01 11:55:00
AK702_2026-04-02_SIN_KUL,2,10,G1,"""4,5""",4,2025-06-02,2025-06-02 10:05:00,10:05 AM,2025-06-02 02:05:00,null,null,null,null,2025-06-02,2025-06-02 10:25:00,10:25 AM,2025-06-02 02:25:00,2025-06-02,2025-06-02 09:06:00,9:06 AM,2025-06-02 01:06:00,null,null,null,null,2025-06-02,2025-06-02 09:10:00,9:10 AM,2025-06-02 01:10:00,False,KUL,AK,2025-06-02,SIN,"""AK 702  """,Landed,null,null,null,null,null,null,null,null,2025-06-02 02:21:09,SIN,2025-06-02T00:37:00,2025-06-01T23:19:00,AK,KUL,2025-06-02T00:36:00,null,"""703  ""","""  """,2025-06-02T00:30:00,2025-06-01T23:20:00,null,9M-AHJ,2025-06-02 02:25:00,2025-06-02 01:10:00
AK5741_2026-01-04_TWU_KUL,2,2,4,6-9,""" """,2025-06-02,2025-06-02 16:22:00,4:22 PM,2025-06-02 08:22:00,null,null,null,null,2025-06-02,2025-06-02 16:35:00,4:35 PM,2025-06-02 08:35:00,2025-06-02,2025-06-02 13:43:00,1:43 PM,2025-06-02 05:43:00,null,null,null,null,2025-06-02,2025-06-02 13:50:00,1:50 PM,2025-06-02 05:50:00,False,KUL,AK,2025-06-02,TWU,"""AK 5741 """,Landed,null,null,null,null,null,null,null,null,2025-06-02 08:31:11,TWU,2025-06-02T05:14:00,2025-06-02T02:19:00,AK,KUL,2025-06-02T05:21:00,null,"""5740 ""","""  """,2025-06-02T05:10:00,2025-06-02T02:15:00,null,9M-RAR,2025-06-02 08:35:00,2025-06-02 05:50:00
AK861_2025-09-02_KBV_KUL,2,4,1,,""" """,2025-06-02,2025-06-02 19:26:00,7:26 PM,2025-06-02 11:26:00,null,null,null,null,2025-06-02,2025-06-02 19:30:00,7:30 PM,2025-06-02 11:30:00,2025-06-02,2025-06-02 17:03:00,5:03 PM,2025-06-02 10:03:00,null,null,null,null,2025-06-02,2025-06-02 17:00:00,5:00 PM,2025-06-02 10:00:00,False,KUL,AK,2025-06-02,KBV,"""AK 861  """,Landed,null,null,null,null,null,null,null,null,2025-06-02 11:31:13,KBV,2025-06-02T09:31:00,2025-06-02T08:10:00,AK,KUL,2025-06-02T09:34:00,null,"""860  ""","""  """,2025-06-02T09:20:00,2025-06-02T08:00:00,null,9M-AHX,2025-06-02 11:30:00,2025-06-02 10:00:00
AK116_2026-01-01_KUL_CAN,1,1,L10,"""U,V,W,X,Y""",2,2025-06-03,2025-06-03 20:47:00,8:47 PM,2025-06-03 12:47:00,null,null,null,null,2025-06-03,2025-06-03 20:20:00,8:20 PM,2025-06-03 12:20:00,2025-06-03,2025-06-03 16:38:00,4:38 PM,2025-06-03 08:38:00,null,null,null,null,2025-06-03,2025-06-03 16:10:00,4:10 PM,2025-06-03 08:10:00,False,CAN,AK,2025-06-03,KUL,"""AK 116  """,Landed,null,null,null,null,null,null,null,null,2025-06-03 13:41:14,KUL,2025-06-03T08:01:00,2025-06-03T05:35:00,AK,BKI,2025-06-03T08:06:00,2025-06-03T05:35:00,"""5113 ""","""  """,2025-06-03T07:35:00,2025-06-03T05:05:00,null,9M-VAH,2025-06-03 12:20:00,2025-06-03 08:10:00
AK5872_2025-08-26_KUL_SBW,""" """,,J5,"""S,T""",2,2025-06-01,2025-06-01 11:51:00,11:51 AM,2025-06-01 03:51:00,null,null,null,null,2025-06-01,2025-06-01 11:40:00,11:40 AM,2025-06-01 03:40:00,2025-06-01,2025-06-01 09:39:00,9:39 AM,2025-06-01 01:39:00,null,null,null,null,2025-06-01,2025-06-01 09:40:00,9:40 AM,2025-06-01 01:40:00,False,SBW,AK,2025-06-01,KUL,"""AK 5872 """,Landed,null,null,null,null,null,null,null,null,2025-06-01 04:01:16,"""   """,null,null,"""  ""","""   """,null,null,"""     ""","""  """,null,null,null,9M-AQZ,2025-06-01 03:40:00,2025-06-01 01:40:00
AK1795_2025-08-22_BKI_SIN,4,1,B2,D,1,2025-06-01,2025-06-01 17:36:00,5:36 PM,2025-06-01 09:36:00,null,null,null,null,2025-06-01,2025-06-01 17:10:00,5:10 PM,2025-06-01 09:10:00,2025-06-01,2025-06-01 15:13:00,3:13 PM,2025-06-01 07:13:00,null,null,null,null,2025-06-01,2025-06-01 14:45:00,2:45 PM,2025-06-01 06:45:00,False,SIN,AK,2025-06-01,BKI,"""AK 1795 """,Landed,null,null,null,null,null,null,null,null,2025-06-01 10:11:12,BKI,2025-06-01T06:35:00,2025-06-01T05:42:00,AK,TWU,2025-06-01T06:37:00,null,"""6267 ""","""  """,2025-06-01T06:40:00,2025-06-01T05:50:00,null,9M-RAG,2025-06-01 09:10:00,2025-06-01 06:45:00
AK5118_2025-05-28_KUL_BKI,1,D,J14,"""S,T""",2,2025-06-01,2025-06-01 21:30:00,9:30 PM,2025-06-01 13:30:00,null,null,null,null,2025-06-01,2025-06-01 21:25:00,9:25 PM,2025-06-01 13:25:00,2025-06-01,2025-06-01 18:53:00,6:53 PM,2025-06-01 10:53:00,null,null,null,null,2025-06-01,2025-06-01 18:45:00,6:45 PM,2025-06-01 10:45:00,False,BKI,AK,2025-06-01,KUL,"""AK 5118 """,Landed,null,null,null,null,null,null,null,null,2025-06-01 13:51:17,KUL,2025-06-01T09:23:00,2025-06-01T08:13:00,AK,SIN,2025-06-01T09:26:00,null,"""714  ""","""  """,2025-06-01T09:15:00,2025-06-01T08:10:00,null,9M-AGU,2025-06-01 01:25:00,2025-06-01 10:45:00
AK9132_2024-12-23,2,3,B7,24-36,""" """,2025-06-01,2025-06-01 15:52:00,3:52 PM,2025-06-01 07:52:00,null,null,null,null,2025-06-01,2025-06-01 16:10:00,4:10 PM,2025-06-01 08:10:00,2025-06-01,2025-06-01 14:51:00,2:51 PM,2025-06-01 06:51:00,null,null,null,null,2025-06-01,2025-06-01 15:00:00,3:00 PM,2025-06-01 07:00:00,False,KUL,AK,2025-06-01,PEN,"""AK 9132 """,Landed,null,null,null,null,null,null,null,null,2025-06-01 08:01:13,PEN,2025-06-01T06:20:00,2025-06-01T04:22:00,AK,KCH,2025-06-01T06:23:00,null,"""5437 ""","""  """,2025-06-01T06:35:00,2025-06-01T04:35:00,null,9M-AJN,2025-06-01 08:10:00,2025-06-01 07:00:00
AK6048_2025-07-29_KUL_JHB,""" """,,K20,"""S,T""",2,2025-06-02,2025-06-02 07:43:00,7:43 AM,2025-06-01 23:43:00,null,null,null,null,2025-06-02,2025-06-02 07:55:00,7:55 AM,2025-06-01 23:55:00,2025-06-02,2025-06-02 06:55:00,6:55 AM,2025-06-01 22:55:00,null,null,null,null,2025-06-02,2025-06-02 07:00:00,7:00 AM,2025-06-01 23:00:00,False,JHB,AK,2025-06-01,KUL,"""AK 6048 """,Landed,null,null,null,null,null,null,null,null,2025-06-01 23:51:12,"""   """,null,null,"""  ""","""   """,null,null,"""     ""","""  """,null,null,null,9M-NEO,2025-06-01 11:55:00,2025-06-01 23:00:00
AK6045_2025-05-09_JHB_KUL,2,3,,17-24,""" """,2025-06-01,2025-06-01 20:34:00,8:34 PM,2025-06-01 12:34:00,null,null,null,null,2025-06-01,2025-06-01 19:20:00,7:20 PM,2025-06-01 11:20:00,2025-06-01,2025-06-01 19:46:00,7:46 PM,2025-06-01 11:46:00,null,null,null,null,2025-06-01,2025-06-01 18:30:00,6:30 PM,2025-06-01 10:30:00,False,KUL,AK,2025-06-01,JHB,"""AK 6045 """,Landed,null,null,null,null,null,null,null,null,2025-06-01 12:41:12,JHB,2025-06-01T11:07:00,2025-06-01T10:17:00,AK,KUL,2025-06-01T11:09:00,2025-06-01T10:20:00,"""6044 ""","""  """,2025-06-01T10:05:00,2025-06-01T09:15:00,null,9M-AGC,2025-06-01 11:20:00,2025-06-01 10:30:00
AK867_2025-06-11_KBV_KUL,2,7,3,,""" """,2025-06-01,2025-06-01 13:33:00,1:33 PM,2025-06-01 05:33:00,null,null,null,null,2025-06-01,2025-06-01 13:35:00,1:35 PM,2025-06-01 05:35:00,2025-06-01,2025-06-01 11:07:00,11:07 AM,2025-06-01 04:07:00,null,null,null,null,2025-06-01,2025-06-01 11:10:00,11:10 AM,2025-06-01 04:10:00,False,KUL,AK,2025-06-01,KBV,"""AK 867  """,Landed,null,null,null,null,null,null,null,null,2025-06-01 05:51:11,KBV,2025-06-01T03:33:00,2025-06-01T02:09:00,AK,KUL,2025-06-01T03:34:00,null,"""866  ""","""  """,2025-06-01T03:35:00,2025-06-01T02:20:00,null,9M-AJS,2025-06-01 05:35:00,2025-06-01 04:10:00
AK893_2025-07-06_DMK_KUL,2,,23,4,1,null,null,null,null,2025-06-03,2025-06-03 01:55:00,1:55 AM,2025-06-02 17:55:00,2025-06-02,2025-06-02 22:00:00,10:00 PM,2025-06-02 14:00:00,2025-06-02,2025-06-02 22:45:00,10:45 PM,2025-06-02 15:45:00,null,null,null,null,2025-06-02,2025-06-02 18:45:00,6:45 PM,2025-06-02 11:45:00,False,KUL,AK,2025-06-02,DMK,"""AK 893  """,Departed,null,null,null,null,null,null,null,null,2025-06-02 16:31:14,SIN,2025-06-02T10:45:00,2025-06-02T09:45:00,AK,KUL,2025-06-02T11:00:00,2025-06-02T09:30:00,"""717  ""","""  """,2025-06-02T10:30:00,2025-06-02T09:15:00,null,9M-AGI,2025-06-02 02:00:00,2025-06-02 11:45:00
AK46_2025-03-08_CMB_KUL,2,6,12,,""" """,2025-06-03,2025-06-03 04:55:00,4:55 AM,2025-06-02 20:55:00,null,null,null,null,2025-06-03,2025-06-03 05:00:00,5:00 AM,2025-06-02 21:00:00,2025-06-02,2025-06-02 22:42:00,10:42 PM,2025-06-02 17:12:00,null,null,null,null,2025-06-02,2025-06-02 22:50:00,10:50 PM,2025-06-02 17:20:00,False,KUL,AK,2025-06-02,CMB,"""AK 46   """,Landed,null,null,null,null,null,null,null,null,2025-06-02 21:11:14,CMB,2025-06-02T16:03:00,2025-06-02T12:48:00,AK,KUL,2025-06-02T16:16:00,null,"""47   ""","""  """,2025-06-02T16:20:00,2025-06-02T12:50:00,null,9M-AJD,2025-06-02 09:00:00,2025-06-02 17:20:00
AK5323_2025-01-17_BKI_PEN,""" """,F,A5,D01-D16,""" """,2025-06-01,2025-06-01 12:25:00,12:25 PM,2025-06-01 04:25:00,null,null,null,null,2025-06-01,2025-06-01 12:20:00,12:20 PM,2025-06-01 04:20:00,2025-06-01,2025-06-01 09:48:00,9:48 AM,2025-06-01 01:48:00,null,null,null,null,2025-06-01,2025-06-01 09:40:00,9:40 AM,2025-06-01 01:40:00,False,PEN,AK,2025-06-01,BKI,"""AK 5323 """,Landed,null,null,null,null,null,null,null,null,2025-06-01 04:41:12,BKI,2025-06-01T01:00:00,2025-05-31T21:42:00,AK,CAN,2025-06-01T00:59:00,null,"""1529 ""","""  """,2025-06-01T01:05:00,2025-05-31T21:55:00,null,9M-RAC,2025-06-01 04:20:00,2025-06-01 01:40:00
AK856_2026-01-04_KUL_CNX,2,4,L16,"""U,V,W,X,Y""",2,2025-06-02,2025-06-02 14:36:00,2:36 PM,2025-06-02 07:36:00,null,null,null,null,2025-06-02,2025-06-02 14:45:00,2:45 PM,2025-06-02 07:45:00,2025-06-02,2025-06-02 12:52:00,12:52 PM,2025-06-02 04:52:00,null,null,null,null,2025-06-02,2025-06-02 13:00:00,1:00 PM,2025-06-02 05:00:00,False,CNX,AK,2025-06-02,KUL,"""AK 856  """,Landed,null,null,null,null,null,null,null,null,2025-06-02 08:11:11,KUL,2025-06-02T04:05:00,2025-06-02T03:04:00,AK,PEN,2025-06-02T04:18:00,null,"""6119 ""","""  """,2025-06-02T03:55:00,2025-06-02T02:55:00,null,9M-AJI,2025-06-02 07:45:00,2025-06-02 05:00:00
AK112_2025-09-19_KUL_CAN,1,1,Q13,"""U,V,W,X,Y""",2,2025-06-02,2025-06-02 09:23:00,9:23 AM,2025-06-02 01:23:00,null,null,null,null,2025-06-02,2025-06-02 09:15:00,9:15 AM,2025-06-02 01:15:00,2025-06-02,2025-06-02 05:03:00,5:03 AM,2025-06-01 21:03:00,null,null,null,null,2025-06-02,2025-06-02 04:55:00,4:55 AM,2025-06-01 20:55:00,False,CAN,AK,2025-06-01,KUL,"""AK 112  """,Landed,null,null,null,null,null,null,null,null,2025-06-02 01:41:11,"""   """,null,null,"""  ""","""   """,null,null,"""     ""","""  """,null,null,null,9M-AHX,2025-06-02 01:15:00,2025-06-01 20:55:00
AK5121_2024-12-29,2,3,A10,D01-D16,1,2025-06-01,2025-06-01 22:54:00,10:54 PM,2025-06-01 14:54:00,null,null,null,null,2025-06-01,2025-06-01 23:10:00,11:10 PM,2025-06-01 15:10:00,2025-06-01,2025-06-01 20:20:00,8:20 PM,2025-06-01 12:20:00,null,null,null,null,2025-06-01,2025-06-01 20:35:00,8:35 PM,2025-06-01 12:35:00,False,KUL,AK,2025-06-01,BKI,"""AK 5121 """,Landed,null,null,null,null,null,null,null,null,2025-06-01 15:11:12,BKI,2025-06-01T11:29:00,2025-06-01T10:40:00,AK,TWU,2025-06-01T11:36:00,null,"""6263 ""","""  """,2025-06-01T11:45:00,2025-06-01T10:55:00,null,9M-RAC,2025-06-01 03:10:00,2025-06-01 12:35:00
AK6143_2026-01-05_PEN_KUL,2,2,B7,24-36,""" """,2025-06-01,2025-06-01 10:10:00,10:10 AM,2025-06-01 02:10:00,null,null,null,null,2025-06-01,2025-06-01 10:10:00,10:10 AM,2025-06-01 02:10:00,2025-06-01,2025-06-01 08:59:00,8:59 AM,2025-06-01 00:59:00,null,null,null,null,2025-06-01,2025-06-01 09:05:00,9:05 AM,2025-06-01 01:05:00,False,KUL,AK,2025-06-01,PEN,"""AK 6143 """,Landed,null,null,null,null,null,null,null,null,2025-06-01 02:21:23,PEN,2025-06-01T00:33:00,2025-05-31T23:35:00,AK,KUL,2025-06-01T00:33:00,null,"""6114 ""","""  """,2025-06-01T00:35:00,2025-05-31T23:40:00,null,9M-AGU,2025-06-01 02:10:00,2025-06-01 01:05:00
AK5030_2025-01-22_JHB_SBW,""" """,,G2,17-24,""" """,2025-06-01,2025-06-01 11:23:00,11:23 AM,2025-06-01 03:23:00,null,null,null,null,2025-06-01,2025-06-01 11:45:00,11:45 AM,2025-06-01 03:45:00,2025-06-01,2025-06-01 09:53:00,9:53 AM,2025-06-01 01:53:00,null,null,null,null,2025-06-01,2025-06-01 10:10:00,10:10 AM,2025-06-01 02:10:00,False,SBW,AK,2025-06-01,JHB,"""AK 5030 """,Landed,null,null,null,null,null,null,null,null,2025-06-01 07:01:15,JHB,2025-06-01T01:00:00,2025-06-01T00:14:00,AK,KUL,2025-06-01T01:05:00,null,"""6051 ""","""  """,2025-06-01T01:20:00,2025-06-01T00:25:00,null,9M-DAF,2025-06-01 03:45:00,2025-06-01 02:10:00
AK882_2025-08-18_KUL_DMK,1,1,L7,"""U,V,W,X,Y""",2,2025-06-03,2025-06-03 12:40:00,12:40 PM,2025-06-03 05:40:00,null,null,null,null,2025-06-03,2025-06-03 12:45:00,12:45 PM,2025-06-03 05:45:00,2025-06-03,2025-06-03 11:23:00,11:23 AM,2025-06-03 03:23:00,null,null,null,null,2025-06-03,2025-06-03 11:30:00,11:30 AM,2025-06-03 03:30:00,False,DMK,AK,2025-06-03,KUL,"""AK 882  """,Landed,null,null,null,null,null,null,null,null,2025-06-03 07:31:16,KUL,2025-06-03T02:11:00,2025-06-03T01:03:00,AK,SIN,2025-06-03T02:13:00,null,"""702  ""","""  """,2025-06-03T02:25:00,2025-06-03T01:10:00,null,9M-VAA,2025-06-03 05:45:00,2025-06-03 03:30:00
AK69_2024-11-22,,10,L5,"""U,V,W,X,Y""",,null,null,null,null,null,null,null,null,2025-06-01,2025-06-01 23:15:00,11:15 PM,2025-06-01 17:45:00,null,null,null,null,null,null,null,null,2025-06-01,2025-06-01 21:25:00,9:25 PM,2025-06-01 13:25:00,False,HYD,AK,2025-06-01,KUL,"""AK 69   """,Landed,null,null,null,null,null,null,null,null,2025-06-01 19:41:14,KUL,null,null,AK,SWA,null,null,"""143  ""","""  """,2025-06-01T12:10:00,2025-06-01T07:55:00,null,9M-AGI,2025-06-01 05:45:00,2025-06-01 13:25:00
AK6240_2024-10-26,,F,3,1-9,,2025-06-01,2025-06-01 11:04:00,11:04 AM,2025-06-01 03:04:00,null,null,null,null,2025-06-01,2025-06-01 11:20:00,11:20 AM,2025-06-01 03:20:00,2025-06-01,2025-06-01 10:27:00,10:27 AM,2025-06-01 02:27:00,null,null,null,null,2025-06-01,2025-06-01 10:40:00,10:40 AM,2025-06-01 02:40:00,False,PEN,AK,2025-06-01,LGK,"""AK 6240 """,Landed,null,null,null,null,null,null,null,null,2025-06-01 04:31:16,LGK,2025-06-01T02:06:00,2025-06-01T01:32:00,AK,PEN,2025-06-01T02:07:00,null,"""6241 ""","""  """,2025-06-01T02:15:00,2025-06-01T01:35:00,null,9M-RAU,2025-06-01 03:20:00,2025-06-01 02:40:00
AK5301_2025-07-23_BKI_JHB,""" """,,A9,D01-D16,1,2025-06-01,2025-06-01 15:26:00,3:26 PM,2025-06-01 07:26:00,null,null,null,null,2025-06-01,2025-06-01 15:10:00,3:10 PM,2025-06-01 07:10:00,2025-06-01,2025-06-01 13:08:00,1:08 PM,2025-06-01 05:08:00,null,null,null,null,2025-06-01,2025-06-01 12:55:00,12:55 PM,2025-06-01 04:55:00,False,JHB,AK,2025-06-01,BKI,"""AK 5301 """,Landed,null,null,null,null,null,null,null,null,2025-06-01 07:51:10,BKI,2025-06-01T04:40:00,2025-06-01T02:10:00,AK,JHB,2025-06-01T04:42:00,null,"""5302 ""","""  """,2025-06-01T04:30:00,2025-06-01T02:10:00,null,9M-AQZ,2025-06-01 07:10:00,2025-06-01 04:55:00
AK5644_2024-11-30,,,J1,"""S,T""",,2025-06-01,2025-06-01 15:03:00,3:03 PM,2025-06-01 07:03:00,null,null,null,null,2025-06-01,2025-06-01 15:10:00,3:10 PM,2025-06-01 07:10:00,2025-06-01,2025-06-01 12:48:00,12:48 PM,2025-06-01 04:48:00,null,null,null,null,2025-06-01,2025-06-01 12:50:00,12:50 PM,2025-06-01 04:50:00,False,MYY,AK,2025-06-01,KUL,"""AK 5644 """,Landed,null,null,null,null,null,null,null,null,2025-06-01 08:41:15,"""   """,null,null,"""  ""","""   """,null,null,"""     ""","""  """,null,null,null,9M-AGV,2025-06-01 07:10:00,2025-06-01 04:50:00
AK1782_2026-02-26_PNK_KCH,""" """,D,8,,""" """,2025-06-01,2025-06-01 10:58:00,10:58 AM,2025-06-01 02:58:00,null,null,null,null,2025-06-01,2025-06-01 11:05:00,11:05 AM,2025-06-01 03:05:00,2025-06-01,2025-06-01 09:14:00,9:14 AM,2025-06-01 02:14:00,null,null,null,null,2025-06-01,2025-06-01 09:15:00,9:15 AM,2025-06-01 02:15:00,False,KCH,AK,2025-06-01,PNK,"""AK 1782 """,Landed,null,null,null,null,null,null,null,null,2025-06-01 04:41:11,PNK,2025-06-01T01:49:00,2025-06-01T00:54:00,AK,KCH,2025-06-01T01:37:00,null,"""1781 ""","""  """,2025-06-01T01:50:00,2025-06-01T01:05:00,null,9M-AQS,2025-06-01 03:05:00,2025-06-01 02:15:00
AK6223_2026-03-29_TGG_KUL,2,3,C,3-5,""" """,2025-06-03,2025-06-03 12:52:00,12:52 PM,2025-06-03 04:52:00,null,null,null,null,2025-06-03,2025-06-03 12:35:00,12:35 PM,2025-06-03 04:35:00,2025-06-03,2025-06-03 11:50:00,11:50 AM,2025-06-03 03:50:00,null,null,null,null,2025-06-03,2025-06-03 11:30:00,11:30 AM,2025-06-03 03:30:00,False,KUL,AK,2025-06-03,TGG,"""AK 6223 """,Landed,null,null,null,null,null,null,null,null,2025-06-03 05:01:11,TGG,2025-06-03T03:18:00,2025-06-03T02:21:00,AK,KUL,2025-06-03T03:22:00,null,"""6222 ""","""  """,2025-06-03T03:00:00,2025-06-03T02:05:00,null,9M-AGO,2025-06-03 04:35:00,2025-06-03 03:30:00
AK543_2025-09-01_KUL_PQC,""" """,3,L1,"""U,V,W,X,Y""",2,2025-06-03,2025-06-03 09:29:00,9:29 AM,2025-06-03 02:29:00,null,null,null,null,2025-06-03,2025-06-03 09:10:00,9:10 AM,2025-06-03 02:10:00,2025-06-03,2025-06-03 08:33:00,8:33 AM,2025-06-03 00:33:00,null,null,null,null,2025-06-03,2025-06-03 08:20:00,8:20 AM,2025-06-03 00:20:00,False,PQC,AK,2025-06-03,KUL,"""AK 543  """,Landed,null,null,null,null,null,null,null,null,2025-06-03 03:27:04,"""   """,null,null,"""  ""","""   """,null,null,"""     ""","""  """,null,null,null,9M-AGB,2025-06-03 02:10:00,2025-06-03 00:20:00
AK74_2025-07-18_KUL_MLE,""" """,,Q9,"""U,V,W,X,Y""",2,2025-06-02,2025-06-02 10:01:00,10:01 AM,2025-06-02 05:01:00,null,null,null,null,2025-06-02,2025-06-02 09:50:00,9:50 AM,2025-06-02 04:50:00,2025-06-02,2025-06-02 08:46:00,8:46 AM,2025-06-02 00:46:00,null,null,null,null,2025-06-02,2025-06-02 08:35:00,8:35 AM,2025-06-02 00:35:00,False,MLE,AK,2025-06-02,KUL,"""AK 74   """,Landed,null,null,null,null,null,null,null,null,2025-06-02 05:21:09,"""   """,null,null,"""  ""","""   """,null,null,"""     ""","""  """,null,null,null,9M-AJH,2025-06-02 04:50:00,2025-06-02 00:35:00
AK5114_2025-06-14_KUL_BKI,1,,,,2,2025-06-01,2025-06-01 20:32:00,8:32 PM,2025-06-01 12:32:00,null,null,null,null,2025-06-01,2025-06-01 20:00:00,8:00 PM,2025-06-01 12:00:00,2025-06-01,2025-06-01 17:53:00,5:53 PM,2025-06-01 09:53:00,null,null,null,null,2025-06-01,2025-06-01 17:25:00,5:25 PM,2025-06-01 09:25:00,False,BKI,AK,2025-06-01,KUL,"""AK 5114 """,Landed,null,null,null,null,null,null,null,null,2025-06-01 13:01:10,KUL,2025-06-01T09:14:00,2025-06-01T08:02:00,AK,KNO,2025-06-01T09:04:00,2025-06-01T07:55:00,"""396  ""","""  """,2025-06-01T08:15:00,2025-06-01T07:10:00,null,9M-AJT,2025-06-01 12:00:00,2025-06-01 09:25:00
AK429_2026-02-26_KUL_PKU,""" """,,L14,"""U,V,W,X,Y""",2,2025-06-03,2025-06-03 16:11:00,4:11 PM,2025-06-03 09:11:00,null,null,null,null,2025-06-03,2025-06-03 15:35:00,3:35 PM,2025-06-03 08:35:00,2025-06-03,2025-06-03 16:12:00,4:12 PM,2025-06-03 08:12:00,null,null,null,null,2025-06-03,2025-06-03 15:40:00,3:40 PM,2025-06-03 07:40:00,False,PKU,AK,2025-06-03,KUL,"""AK 429  """,Landed,null,null,null,null,null,null,null,null,2025-06-03 09:31:17,KUL,2025-06-03T07:35:00,2025-06-03T05:35:00,AK,BTU,2025-06-03T07:42:00,2025-06-03T05:35:00,"""5245 ""","""  """,2025-06-03T07:10:00,2025-06-03T05:05:00,null,9M-AHL,2025-06-03 08:35:00,2025-06-03 07:40:00
AK6247_2024-12-07,,E,3,1-9,,2025-06-01,2025-06-01 17:10:00,5:10 PM,2025-06-01 09:10:00,null,null,null,null,2025-06-01,2025-06-01 17:20:00,5:20 PM,2025-06-01 09:20:00,2025-06-01,2025-06-01 16:38:00,4:38 PM,2025-06-01 08:38:00,null,null,null,null,2025-06-01,2025-06-01 16:45:00,4:45 PM,2025-06-01 08:45:00,False,PEN,AK,2025-06-01,LGK,"""AK 6247 """,Landed,null,null,null,null,null,null,null,null,2025-06-01 09:21:11,LGK,2025-06-01T08:15:00,2025-06-01T07:38:00,AK,PEN,2025-06-01T08:18:00,null,"""6246 ""","""  """,2025-06-01T08:15:00,2025-06-01T07:40:00,null,9M-AHZ,2025-06-01 09:20:00,2025-06-01 08:45:00
AK6311_2025-06-19_LGK_KUL,2,,7,1-9,""" """,2025-06-04,2025-06-04 21:22:00,9:22 PM,2025-06-04 13:22:00,null,null,null,null,2025-06-04,2025-06-04 19:20:00,7:20 PM,2025-06-04 11:20:00,2025-06-04,2025-06-04 20:10:00,8:10 PM,2025-06-04 12:10:00,null,null,null,null,2025-06-04,2025-06-04 18:15:00,6:15 PM,2025-06-04 10:15:00,False,KUL,AK,2025-06-04,LGK,"""AK 6311 """,Landed,null,null,null,null,null,null,null,null,2025-06-04 13:31:11,LGK,2025-06-04T11:42:00,2025-06-04T10:43:00,AK,KUL,2025-06-04T11:44:00,2025-06-04T10:35:00,"""6310 ""","""  """,2025-06-04T09:50:00,2025-06-04T08:45:00,null,9M-AGO,2025-06-04 11:20:00,2025-06-04 10:15:00
AK545_2025-04-17_KUL_PQC,""" """,4,L12,"""U,V,W,X,Y""",2,2025-06-01,2025-06-01 13:37:00,1:37 PM,2025-06-01 06:37:00,null,null,null,null,2025-06-01,2025-06-01 13:35:00,1:35 PM,2025-06-01 06:35:00,2025-06-01,2025-06-01 12:54:00,12:54 PM,2025-06-01 04:54:00,null,null,null,null,2025-06-01,2025-06-01 12:45:00,12:45 PM,2025-06-01 04:45:00,False,PQC,AK,2025-06-01,KUL,"""AK 545  """,Landed,null,null,null,null,null,null,null,null,2025-06-01 09:51:19,KUL,2025-06-01T04:16:00,2025-06-01T01:30:00,AK,TWU,2025-06-01T04:24:00,null,"""5745 ""","""  """,2025-06-01T04:15:00,2025-06-01T01:30:00,null,9M-AJD,2025-06-01 06:35:00,2025-06-01 04:45:00
AK517_2024-11-12,,7,33,A5-A8,,2025-06-01,2025-06-01 13:09:00,1:09 PM,2025-06-01 05:09:00,null,null,null,null,2025-06-01,2025-06-01 13:15:00,1:15 PM,2025-06-01 05:15:00,2025-06-01,2025-06-01 08:52:00,8:52 AM,2025-06-01 01:52:00,null,null,null,null,2025-06-01,2025-06-01 09:00:00,9:00 AM,2025-06-01 02:00:00,False,KUL,AK,2025-06-01,HAN,"""AK 517  """,Landed,null,null,null,null,null,null,null,null,2025-06-01 05:31:14,HAN,2025-06-01T01:08:00,2025-05-31T22:00:00,AK,KUL,2025-06-01T01:18:00,null,"""516  ""","""  """,2025-06-01T01:15:00,2025-05-31T22:05:00,null,9M-RAU,2025-06-01 05:15:00,2025-06-01 02:00:00
AK6263_2025-07-27_TWU_BKI,1,F,4,6-9,""" """,2025-06-02,2025-06-02 19:33:00,7:33 PM,2025-06-02 11:33:00,null,null,null,null,2025-06-02,2025-06-02 19:45:00,7:45 PM,2025-06-02 11:45:00,2025-06-02,2025-06-02 18:46:00,6:46 PM,2025-06-02 10:46:00,null,null,null,null,2025-06-02,2025-06-02 18:55:00,6:55 PM,2025-06-02 10:55:00,False,BKI,AK,2025-06-02,TWU,"""AK 6263 """,Landed,null,null,null,null,null,null,null,null,2025-06-02 12:11:10,TWU,2025-06-02T10:19:00,2025-06-02T09:32:00,AK,BKI,2025-06-02T10:26:00,null,"""6262 ""","""  """,2025-06-02T10:30:00,2025-06-02T09:40:00,null,9M-AGY,2025-06-02 11:45:00,2025-06-02 10:55:00
AK1618_2026-02-24_TWU_CAN,3,74,4,,""" """,2025-06-02,2025-06-02 01:45:00,1:45 AM,2025-06-01 17:45:00,null,null,null,null,2025-06-02,2025-06-02 01:30:00,1:30 AM,2025-06-01 17:30:00,2025-06-01,2025-06-01 22:10:00,10:10 PM,2025-06-01 14:10:00,null,null,null,null,2025-06-01,2025-06-01 22:00:00,10:00 PM,2025-06-01 14:00:00,False,CAN,AK,2025-06-01,TWU,"""AK 1618 """,Landed,null,null,null,null,null,null,null,null,2025-06-01 19:51:12,TWU,2025-06-01T13:38:00,2025-06-01T12:41:00,AK,BKI,2025-06-01T13:40:00,null,"""6262 ""","""  """,2025-06-01T13:35:00,2025-06-01T12:45:00,null,9M-RAE,2025-06-01 05:30:00,2025-06-01 14:00:00
AK237_2024-11-09,,16,B4,D,,2025-06-01,2025-06-01 12:08:00,12:08 PM,2025-06-01 04:08:00,null,null,null,null,2025-06-01,2025-06-01 12:15:00,12:15 PM,2025-06-01 04:15:00,2025-06-01,2025-06-01 09:12:00,9:12 AM,2025-06-01 01:12:00,null,null,null,null,2025-06-01,2025-06-01 09:15:00,9:15 AM,2025-06-01 01:15:00,False,HKG,AK,2025-06-01,BKI,"""AK 237  """,Landed,null,null,null,null,null,null,null,null,2025-06-01 04:21:17,"""   """,null,null,"""  ""","""   """,null,null,"""     ""","""  """,null,null,null,9M-RAG,2025-06-01 04:15:00,2025-06-01 01:15:00
AK351_2024-12-28,""" """,12,L18,"""U,V,W,X,Y""",""" """,2025-06-01,2025-06-01 13:12:00,1:12 PM,2025-06-01 06:12:00,null,null,null,null,2025-06-01,2025-06-01 13:00:00,1:00 PM,2025-06-01 06:00:00,2025-06-01,2025-06-01 11:57:00,11:57 AM,2025-06-01 03:57:00,null,null,null,null,2025-06-01,2025-06-01 11:50:00,11:50 AM,2025-06-01 03:50:00,False,CGK,AK,2025-06-01,KUL,"""AK 351  """,Landed,null,null,null,null,null,null,null,null,2025-06-01 07:11:14,KUL,2025-06-01T03:00:00,2025-06-01T01:27:00,AK,BTJ,2025-06-01T03:13:00,null,"""422  ""","""  """,2025-06-01T03:10:00,2025-06-01T01:35:00,null,9M-AQI,2025-06-01 06:00:00,2025-06-01 03:50:00
AK6051_2024-11-27,,,J5,"""S,T""",,2025-06-01,2025-06-01 09:09:00,9:09 AM,2025-06-01 01:09:00,null,null,null,null,2025-06-01,2025-06-01 09:20:00,9:20 AM,2025-06-01 01:20:00,2025-06-01,2025-06-01 08:19:00,8:19 AM,2025-06-01 00:19:00,null,null,null,null,2025-06-01,2025-06-01 08:25:00,8:25 AM,2025-06-01 00:25:00,False,JHB,AK,2025-06-01,KUL,"""AK 6051 """,Landed,null,null,null,null,null,null,null,null,2025-06-01 01:21:12,KUL,2025-05-31T23:47:00,2025-05-31T22:50:00,AK,JHB,2025-05-31T23:55:00,null,"""6052 ""","""  """,2025-05-31T23:50:00,2025-05-31T23:00:00,null,9M-AJN,2025-06-01 01:20:00,2025-06-01 00:25:00
AK273_2025-08-15_BWN_KUL,2,8,7,ROW D,""" """,2025-06-03,2025-06-03 11:56:00,11:56 AM,2025-06-03 03:56:00,null,null,null,null,2025-06-03,2025-06-03 11:55:00,11:55 AM,2025-06-03 03:55:00,2025-06-03,2025-06-03 09:16:00,9:16 AM,2025-06-03 01:16:00,null,null,null,null,2025-06-03,2025-06-03 09:30:00,9:30 AM,2025-06-03 01:30:00,False,KUL,AK,2025-06-03,BWN,"""AK 273  """,Landed,null,null,null,null,null,null,null,null,2025-06-03 04:01:35,BWN,2025-06-03T00:48:00,2025-06-02T22:30:00,AK,KUL,2025-06-03T00:48:00,null,"""272  ""","""  """,2025-06-03T00:55:00,2025-06-02T22:25:00,null,9M-AHX,2025-06-03 03:55:00,2025-06-03 01:30:00
AK71_2026-01-23_KUL_DAC,""" """,,L13,"""U,V,W,X,Y""",2,2025-06-02,2025-06-02 22:15:00,10:15 PM,2025-06-02 16:15:00,null,null,null,null,2025-06-02,2025-06-02 22:00:00,10:00 PM,2025-06-02 16:00:00,2025-06-02,2025-06-02 20:30:00,8:30 PM,2025-06-02 12:30:00,null,null,null,null,2025-06-02,2025-06-02 20:05:00,8:05 PM,2025-06-02 12:05:00,False,DAC,AK,2025-06-02,KUL,"""AK 71   """,Landed,null,null,null,null,null,null,null,null,2025-06-02 16:31:12,KUL,2025-06-02T11:33:00,2025-06-02T08:44:00,AK,DPS,2025-06-02T11:54:00,2025-06-02T08:18:00,"""377  ""","""  """,2025-06-02T10:25:00,2025-06-02T07:25:00,null,9M-VAD,2025-06-02 04:00:00,2025-06-02 12:05:00
AK236_2026-01-11_HKG_BKI,1,B,201,L6-L13,1,2025-06-01,2025-06-01 15:59:00,3:59 PM,2025-06-01 07:59:00,null,null,null,null,2025-06-01,2025-06-01 15:55:00,3:55 PM,2025-06-01 07:55:00,2025-06-01,2025-06-01 13:05:00,1:05 PM,2025-06-01 05:05:00,null,null,null,null,2025-06-01,2025-06-01 13:05:00,1:05 PM,2025-06-01 05:05:00,False,BKI,AK,2025-06-01,HKG,"""AK 236  """,Landed,null,null,null,null,null,null,null,null,2025-06-01 08:11:17,HKG,2025-06-01T04:16:00,2025-06-01T01:20:00,AK,BKI,2025-06-01T04:19:00,null,"""237  ""","""  """,2025-06-01T04:15:00,2025-06-01T01:20:00,null,9M-RAN,2025-06-01 07:55:00,2025-06-01 05:05:00
AK707_2025-07-28_KUL_SIN,4,6,L14,"""U,V,W,X,Y""",2,2025-06-02,2025-06-02 10:42:00,10:42 AM,2025-06-02 02:42:00,null,null,null,null,2025-06-02,2025-06-02 10:50:00,10:50 AM,2025-06-02 02:50:00,2025-06-02,2025-06-02 09:31:00,9:31 AM,2025-06-02 01:31:00,null,null,null,null,2025-06-02,2025-06-02 09:35:00,9:35 AM,2025-06-02 01:35:00,False,SIN,AK,2025-06-02,KUL,"""AK 707  """,Landed,null,null,null,null,null,null,null,null,2025-06-02 04:11:12,KUL,2025-06-02T00:52:00,2025-06-01T23:57:00,AK,PEN,2025-06-02T01:08:00,null,"""6123 ""","""  """,2025-06-02T01:05:00,2025-06-02T00:05:00,null,9M-RCB,2025-06-02 02:50:00,2025-06-02 01:35:00
AK6350_2025-04-04_KCH_BKI,1,,,,""" """,2025-06-02,2025-06-02 07:13:00,7:13 AM,2025-06-01 23:13:00,null,null,null,null,2025-06-02,2025-06-02 07:25:00,7:25 AM,2025-06-01 23:25:00,2025-06-02,2025-06-02 05:49:00,5:49 AM,2025-06-01 21:49:00,null,null,null,null,2025-06-02,2025-06-02 06:00:00,6:00 AM,2025-06-01 22:00:00,False,BKI,AK,2025-06-01,KCH,"""AK 6350 """,Landed,null,null,null,null,null,null,null,null,2025-06-01 23:31:17,"""   """,null,null,"""  ""","""   """,null,null,"""     ""","""  """,null,null,null,9M-AQP,2025-06-01 11:25:00,2025-06-01 22:00:00
AK702_2025-03-14_SIN_KUL,2,8,G1,"""4,5""",4,2025-06-01,2025-06-01 09:44:00,9:44 AM,2025-06-01 01:44:00,null,null,null,null,2025-06-01,2025-06-01 09:55:00,9:55 AM,2025-06-01 01:55:00,2025-06-01,2025-06-01 08:54:00,8:54 AM,2025-06-01 00:54:00,null,null,null,null,2025-06-01,2025-06-01 08:55:00,8:55 AM,2025-06-01 00:55:00,False,KUL,AK,2025-06-01,SIN,"""AK 702  """,Landed,null,null,null,null,null,null,null,null,2025-06-01 01:51:16,SIN,2025-06-01T00:09:00,2025-05-31T22:58:00,AK,KUL,2025-06-01T00:03:00,null,"""703  ""","""  """,2025-06-01T00:20:00,2025-05-31T23:10:00,null,9M-VAD,2025-06-01 01:55:00,2025-06-01 00:55:00
AK101_2026-01-10_KUL_KMG,""" """,2,L8,"""U,V,W,X,Y""",2,2025-06-02,2025-06-02 16:47:00,4:47 PM,2025-06-02 08:47:00,null,null,null,null,2025-06-02,2025-06-02 16:55:00,4:55 PM,2025-06-02 08:55:00,2025-06-02,2025-06-02 13:04:00,1:04 PM,2025-06-02 05:04:00,null,null,null,null,2025-06-02,2025-06-02 13:10:00,1:10 PM,2025-06-02 05:10:00,False,KMG,AK,2025-06-02,KUL,"""AK 101  """,Landed,null,null,null,null,null,null,null,null,2025-06-02 09:51:10,KUL,2025-06-02T04:06:00,2025-06-02T02:58:00,AK,LGK,2025-06-02T04:08:00,2025-06-02T03:00:00,"""6307 ""","""  """,2025-06-02T03:50:00,2025-06-02T02:50:00,null,9M-VAB,2025-06-02 08:55:00,2025-06-02 05:10:00
AK723_2026-04-02_KUL_SIN,4,3,L5,"""U,V,W,X,Y""",2,2025-06-03,2025-06-03 22:25:00,10:25 PM,2025-06-03 14:25:00,null,null,null,null,2025-06-03,2025-06-03 22:45:00,10:45 PM,2025-06-03 14:45:00,2025-06-03,2025-06-03 21:21:00,9:21 PM,2025-06-03 13:21:00,null,null,null,null,2025-06-03,2025-06-03 21:30:00,9:30 PM,2025-06-03 13:30:00,False,SIN,AK,2025-06-03,KUL,"""AK 723  """,Landed,null,null,null,null,null,null,null,null,2025-06-03 14:41:10,KUL,2025-06-03T12:20:00,2025-06-03T10:49:00,AK,BTJ,2025-06-03T12:28:00,2025-06-03T10:48:00,"""420  ""","""  """,2025-06-03T12:20:00,2025-06-03T10:45:00,null,9M-AQD,2025-06-03 02:45:00,2025-06-03 13:30:00
AK1690_2024-11-18,,18,A1A,24-36,,2025-06-02,2025-06-02 02:27:00,2:27 AM,2025-06-01 18:27:00,null,null,null,null,2025-06-02,2025-06-02 02:35:00,2:35 AM,2025-06-01 18:35:00,2025-06-01,2025-06-01 22:32:00,10:32 PM,2025-06-01 14:32:00,null,null,null,null,2025-06-01,2025-06-01 22:45:00,10:45 PM,2025-06-01 14:45:00,False,SZX,AK,2025-06-01,PEN,"""AK 1690 """,Landed,null,null,null,null,null,null,null,null,2025-06-01 18:51:12,PEN,2025-06-01T11:36:00,2025-06-01T10:40:00,AK,KUL,2025-06-01T11:37:00,2025-06-01T10:34:00,"""6130 ""","""  """,2025-06-01T11:15:00,2025-06-01T10:15:00,null,9M-AJY,2025-06-01 06:35:00,2025-06-01 14:45:00
AK6119_2026-01-02_PEN_KUL,2,1,B3,24-36,""" """,2025-06-03,2025-06-03 12:32:00,12:32 PM,2025-06-03 04:32:00,null,null,null,null,2025-06-03,2025-06-03 11:55:00,11:55 AM,2025-06-03 03:55:00,2025-06-03,2025-06-03 11:26:00,11:26 AM,2025-06-03 03:26:00,null,null,null,null,2025-06-03,2025-06-03 10:55:00,10:55 AM,2025-06-03 02:55:00,False,KUL,AK,2025-06-03,PEN,"""AK 6119 """,Landed,null,null,null,null,null,null,null,null,2025-06-03 04:41:14,PEN,2025-06-03T02:45:00,2025-06-03T01:37:00,AK,KUL,2025-06-03T02:39:00,null,"""6118 ""","""  """,2025-06-03T02:25:00,2025-06-03T01:30:00,null,9M-AJE,2025-06-03 03:55:00,2025-06-03 02:55:00
AK714_2026-02-24_SIN_KUL,2,5,G14,"""4,5""",4,2025-06-02,2025-06-02 18:59:00,6:59 PM,2025-06-02 10:59:00,null,null,null,null,2025-06-02,2025-06-02 17:45:00,5:45 PM,2025-06-02 09:45:00,2025-06-02,2025-06-02 17:55:00,5:55 PM,2025-06-02 09:55:00,null,null,null,null,2025-06-02,2025-06-02 16:35:00,4:35 PM,2025-06-02 08:35:00,False,KUL,AK,2025-06-02,SIN,"""AK 714  """,Landed,null,null,null,null,null,null,null,null,2025-06-02 11:21:16,SIN,2025-06-02T09:27:00,2025-06-02T07:21:00,AK,KUL,2025-06-02T09:19:00,2025-06-02T06:55:00,"""715  ""","""  """,2025-06-02T08:10:00,2025-06-02T06:55:00,null,9M-RAK,2025-06-02 09:45:00,2025-06-02 08:35:00
AK525_2026-02-13_SGN_KUL,2,,,,2,null,null,null,null,2025-06-04,2025-06-04 03:07:00,3:07 AM,2025-06-03 19:07:00,2025-06-03,2025-06-03 23:10:00,11:10 PM,2025-06-03 15:10:00,2025-06-04,2025-06-04 00:01:00,12:01 AM,2025-06-03 17:01:00,null,null,null,null,2025-06-03,2025-06-03 20:15:00,8:15 PM,2025-06-03 13:15:00,False,KUL,AK,2025-06-03,SGN,"""AK 525  """,landed,null,null,null,null,null,null,null,null,2025-06-03 17:51:12,SGN,2025-06-03T16:13:00,2025-06-03T13:56:00,AK,KUL,2025-06-03T15:55:00,2025-06-03T13:30:00,"""524  ""","""  """,2025-06-03T12:45:00,2025-06-03T10:45:00,null,9M-AQM,2025-06-03 03:10:00,2025-06-03 13:15:00
AK6467_2025-10-10_SBW_KCH,""" """,A,,1-7,""" """,2025-06-04,2025-06-04 11:02:00,11:02 AM,2025-06-04 03:02:00,null,null,null,null,2025-06-04,2025-06-04 11:10:00,11:10 AM,2025-06-04 03:10:00,2025-06-04,2025-06-04 10:23:00,10:23 AM,2025-06-04 02:23:00,null,null,null,null,2025-06-04,2025-06-04 10:35:00,10:35 AM,2025-06-04 02:35:00,False,KCH,AK,2025-06-04,SBW,"""AK 6467 """,Landed,null,null,null,null,null,null,null,null,2025-06-04 03:21:11,SBW,2025-06-04T01:56:00,2025-06-04T01:18:00,AK,KCH,2025-06-04T02:02:00,null,"""6466 ""","""  """,2025-06-04T02:10:00,2025-06-04T01:35:00,null,9M-AJI,2025-06-04 03:10:00,2025-06-04 02:35:00
AK305_2026-01-07_LOP_KUL,2,10,6,14-16,""" """,2025-06-02,2025-06-02 16:22:00,4:22 PM,2025-06-02 08:22:00,null,null,null,null,2025-06-02,2025-06-02 16:05:00,4:05 PM,2025-06-02 08:05:00,2025-06-02,2025-06-02 13:20:00,1:20 PM,2025-06-02 05:20:00,null,null,null,null,2025-06-02,2025-06-02 12:55:00,12:55 PM,2025-06-02 04:55:00,False,KUL,AK,2025-06-02,LOP,"""AK 305  """,Landed,null,null,null,null,null,null,null,null,2025-06-02 08:31:14,LOP,2025-06-02T05:01:00,2025-06-02T04:47:00,AK,LOP,2025-06-02T08:02:00,null,"""305  ""","""A """,2025-06-02T08:05:00,2025-06-02T04:55:00,null,9M-AQG,2025-06-02 08:05:00,2025-06-02 04:55:00
AK5119_2025-09-19_BKI_KUL,2,1,A10,D01-D16,1,2025-06-03,2025-06-03 01:56:00,1:56 AM,2025-06-02 17:56:00,null,null,null,null,2025-06-03,2025-06-03 01:10:00,1:10 AM,2025-06-02 17:10:00,2025-06-02,2025-06-02 23:25:00,11:25 PM,2025-06-02 15:25:00,null,null,null,null,2025-06-02,2025-06-02 22:40:00,10:40 PM,2025-06-02 14:40:00,False,KUL,AK,2025-06-02,BKI,"""AK 5119 """,Landed,null,null,null,null,null,null,null,null,2025-06-02 18:11:11,BKI,2025-06-02T14:43:00,2025-06-02T12:07:00,AK,KUL,2025-06-02T14:43:00,2025-06-02T11:50:00,"""5118 ""","""  """,2025-06-02T14:15:00,2025-06-02T11:35:00,null,9M-RAJ,2025-06-02 05:10:00,2025-06-02 14:40:00
AK523_2026-04-16_SGN_KUL,2,7,17,"""I,J""",2,2025-06-02,2025-06-02 19:13:00,7:13 PM,2025-06-02 11:13:00,null,null,null,null,2025-06-02,2025-06-02 19:10:00,7:10 PM,2025-06-02 11:10:00,2025-06-02,2025-06-02 16:15:00,4:15 PM,2025-06-02 09:15:00,null,null,null,null,2025-06-02,2025-06-02 16:10:00,4:10 PM,2025-06-02 09:10:00,False,KUL,AK,2025-06-02,SGN,"""AK 523  """,Landed,null,null,null,null,null,null,null,null,2025-06-02 11:41:13,SGN,2025-06-02T08:44:00,2025-06-02T06:41:00,AK,KUL,2025-06-02T08:54:00,null,"""522  ""","""  """,2025-06-02T08:40:00,2025-06-02T06:40:00,null,9M-RAD,2025-06-02 11:10:00,2025-06-02 09:10:00
AK523_2025-01-29_SGN_KUL,2,5,,"""I,J""",2,2025-06-01,2025-06-01 19:30:00,7:30 PM,2025-06-01 11:30:00,null,null,null,null,2025-06-01,2025-06-01 19:10:00,7:10 PM,2025-06-01 11:10:00,2025-06-01,2025-06-01 16:28:00,4:28 PM,2025-06-01 09:28:00,null,null,null,null,2025-06-01,2025-06-01 16:10:00,4:10 PM,2025-06-01 09:10:00,False,KUL,AK,2025-06-01,SGN,"""AK 523  """,Landed,null,null,null,null,null,null,null,null,2025-06-01 12:11:14,SGN,2025-06-01T08:57:00,2025-06-01T06:51:00,AK,KUL,2025-06-01T08:54:00,2025-06-01T06:50:00,"""522  ""","""  """,2025-06-01T08:40:00,2025-06-01T06:35:00,null,9M-AGI,2025-06-01 11:10:00,2025-06-01 09:10:00
AK710_2026-03-24_SIN_KUL,2,4,G13,"""4,5""",4,2025-06-04,2025-06-04 15:49:00,3:49 PM,2025-06-04 07:49:00,null,null,null,null,2025-06-04,2025-06-04 15:20:00,3:20 PM,2025-06-04 07:20:00,2025-06-04,2025-06-04 14:50:00,2:50 PM,2025-06-04 06:50:00,null,null,null,null,2025-06-04,2025-06-04 14:10:00,2:10 PM,2025-06-04 06:10:00,False,KUL,AK,2025-06-04,SIN,"""AK 710  """,Landed,null,null,null,null,null,null,null,null,2025-06-04 08:01:26,SIN,2025-06-04T06:17:00,2025-06-04T04:53:00,AK,KUL,2025-06-04T06:03:00,null,"""711  ""","""  """,2025-06-04T05:40:00,2025-06-04T04:30:00,null,9M-AHY,2025-06-04 07:20:00,2025-06-04 06:10:00
AK5032_2025-01-29_JHB_SBW,""" """,,,,""" """,2025-06-01,2025-06-01 17:08:00,5:08 PM,2025-06-01 09:08:00,null,null,null,null,2025-06-01,2025-06-01 17:10:00,5:10 PM,2025-06-01 09:10:00,2025-06-01,2025-06-01 15:27:00,3:27 PM,2025-06-01 07:27:00,null,null,null,null,2025-06-01,2025-06-01 15:35:00,3:35 PM,2025-06-01 07:35:00,False,SBW,AK,2025-06-01,JHB,"""AK 5032 """,Landed,null,null,null,null,null,null,null,null,2025-06-01 10:31:11,JHB,2025-06-01T07:02:00,2025-06-01T06:03:00,AK,IPH,2025-06-01T07:00:00,null,"""9355 ""","""  """,2025-06-01T07:10:00,2025-06-01T06:15:00,null,9M-AQH,2025-06-01 09:10:00,2025-06-01 07:35:00
AK6463_2025-12-12_SBW_KCH,""" """,A,3A,1-7,""" """,2025-06-03,2025-06-03 09:09:00,9:09 AM,2025-06-03 01:09:00,null,null,null,null,2025-06-03,2025-06-03 08:40:00,8:40 AM,2025-06-03 00:40:00,2025-06-03,2025-06-03 08:31:00,8:31 AM,2025-06-03 00:31:00,null,null,null,null,2025-06-03,2025-06-03 08:05:00,8:05 AM,2025-06-03 00:05:00,False,KCH,AK,2025-06-03,SBW,"""AK 6463 """,Landed,null,null,null,null,null,null,null,null,2025-06-03 01:41:17,SBW,2025-06-03T00:01:00,2025-06-02T22:46:00,AK,KCH,2025-06-02T23:30:00,null,"""6462 ""","""  """,2025-06-02T23:35:00,2025-06-02T23:00:00,null,9M-AQD,2025-06-03 12:40:00,2025-06-03 00:05:00
AK6243_2025-09-13_LGK_PEN,""" """,E,3,1-9,""" """,2025-06-01,2025-06-01 18:03:00,6:03 PM,2025-06-01 10:03:00,null,null,null,null,2025-06-01,2025-06-01 18:35:00,6:35 PM,2025-06-01 10:35:00,2025-06-01,2025-06-01 17:34:00,5:34 PM,2025-06-01 09:34:00,null,null,null,null,2025-06-01,2025-06-01 18:00:00,6:00 PM,2025-06-01 10:00:00,False,PEN,AK,2025-06-01,LGK,"""AK 6243 """,Landed,null,null,null,null,null,null,null,null,2025-06-01 10:11:12,LGK,2025-06-01T09:16:00,2025-06-01T08:44:00,AK,PEN,2025-06-01T09:19:00,null,"""6242 ""","""  """,2025-06-01T09:35:00,2025-06-01T09:00:00,null,9M-RAU,2025-06-01 10:35:00,2025-06-01 10:00:00
AK9437_2025-04-05_KBR_KUL,2,1,,12-15,""" """,2025-06-01,2025-06-01 18:28:00,6:28 PM,2025-06-01 10:28:00,null,null,null,null,2025-06-01,2025-06-01 17:05:00,5:05 PM,2025-06-01 09:05:00,2025-06-01,2025-06-01 17:05:00,5:05 PM,2025-06-01 09:05:00,null,null,null,null,2025-06-01,2025-06-01 16:00:00,4:00 PM,2025-06-01 08:00:00,False,KUL,AK,2025-06-01,KBR,"""AK 9437 """,Landed,null,null,null,null,null,null,null,null,2025-06-01 10:41:08,KBR,2025-06-01T08:35:00,2025-06-01T07:08:00,AK,KUL,2025-06-01T08:36:00,2025-06-01T06:45:00,"""9436 ""","""  """,2025-06-01T07:35:00,2025-06-01T06:30:00,null,9M-RCB,2025-06-01 09:05:00,2025-06-01 08:00:00
AK5322_2025-08-16_PEN_BKI,1,D,A1A,24-36,""" """,2025-06-02,2025-06-02 08:39:00,8:39 AM,2025-06-02 00:39:00,null,null,null,null,2025-06-02,2025-06-02 08:50:00,8:50 AM,2025-06-02 00:50:00,2025-06-02,2025-06-02 05:57:00,5:57 AM,2025-06-01 21:57:00,null,null,null,null,2025-06-02,2025-06-02 06:00:00,6:00 AM,2025-06-01 22:00:00,False,BKI,AK,2025-06-01,PEN,"""AK 5322 """,Landed,null,null,null,null,null,null,null,null,2025-06-02 00:51:14,"""   """,null,null,"""  ""","""   """,null,null,"""     ""","""  """,null,null,null,9M-AQN,2025-06-02 12:50:00,2025-06-01 22:00:00
AK6063_2025-12-10_BTU_KCH,""" """,A,PBB1,7-10,""" """,2025-06-01,2025-06-01 14:34:00,2:34 PM,2025-06-01 06:34:00,null,null,null,null,2025-06-01,2025-06-01 14:35:00,2:35 PM,2025-06-01 06:35:00,2025-06-01,2025-06-01 13:46:00,1:46 PM,2025-06-01 05:46:00,null,null,null,null,2025-06-01,2025-06-01 13:45:00,1:45 PM,2025-06-01 05:45:00,False,KCH,AK,2025-06-01,BTU,"""AK 6063 """,Landed,null,null,null,null,null,null,null,null,2025-06-01 06:41:14,BTU,2025-06-01T05:16:00,2025-06-01T04:25:00,AK,KCH,2025-06-01T05:15:00,null,"""6062 ""","""  """,2025-06-01T05:20:00,2025-06-01T04:30:00,null,9M-AFF,2025-06-01 06:35:00,2025-06-01 05:45:00
AK6466_2024-12-30,""" """,,1,,""" """,2025-06-01,2025-06-01 20:56:00,8:56 PM,2025-06-01 12:56:00,null,null,null,null,2025-06-01,2025-06-01 21:10:00,9:10 PM,2025-06-01 13:10:00,2025-06-01,2025-06-01 20:17:00,8:17 PM,2025-06-01 12:17:00,null,null,null,null,2025-06-01,2025-06-01 20:30:00,8:30 PM,2025-06-01 12:30:00,False,SBW,AK,2025-06-01,KCH,"""AK 6466 """,Landed,null,null,null,null,null,null,null,null,2025-06-01 14:21:13,KCH,2025-06-01T11:57:00,2025-06-01T11:11:00,AK,BTU,2025-06-01T12:01:00,null,"""6059 ""","""  """,2025-06-01T12:05:00,2025-06-01T11:15:00,null,9M-AQS,2025-06-01 01:10:00,2025-06-01 12:30:00
AK337_2025-03-11_LBJ_KUL,2,6,,,""" """,2025-06-01,2025-06-01 18:02:00,6:02 PM,2025-06-01 10:02:00,null,null,null,null,2025-06-01,2025-06-01 18:35:00,6:35 PM,2025-06-01 10:35:00,2025-06-01,2025-06-01 14:42:00,2:42 PM,2025-06-01 06:42:00,null,null,null,null,2025-06-01,2025-06-01 14:55:00,2:55 PM,2025-06-01 06:55:00,False,KUL,AK,2025-06-01,LBJ,"""AK 337  """,Landed,null,null,null,null,null,null,null,null,2025-06-01 11:31:14,LBJ,2025-06-01T06:18:00,2025-06-01T02:43:00,AK,KUL,2025-06-01T06:26:00,null,"""336  ""","""  """,2025-06-01T06:25:00,2025-06-01T02:45:00,null,9M-DAF,2025-06-01 10:35:00,2025-06-01 06:55:00
AK47_2025-12-05_KUL_CMB,""" """,2,P1,"""U,V,W,X,Y""",2,2025-06-01,2025-06-01 21:58:00,9:58 PM,2025-06-01 16:28:00,null,null,null,null,2025-06-01,2025-06-01 21:50:00,9:50 PM,2025-06-01 16:20:00,2025-06-01,2025-06-01 20:52:00,8:52 PM,2025-06-01 12:52:00,null,null,null,null,2025-06-01,2025-06-01 20:50:00,8:50 PM,2025-06-01 12:50:00,False,CMB,AK,2025-06-01,KUL,"""AK 47   """,Landed,null,null,null,null,null,null,null,null,2025-06-01 17:31:10,KUL,2025-06-01T11:51:00,2025-06-01T09:56:00,AK,SGN,2025-06-01T11:51:00,2025-06-01T09:50:00,"""523  ""","""  """,2025-06-01T11:10:00,2025-06-01T09:10:00,null,9M-AJG,2025-06-01 04:20:00,2025-06-01 12:50:00
AK377_2025-03-26_DPS_KUL,2,,6C,E11-E14,""" """,null,null,null,null,2025-06-01,2025-06-01 21:53:00,9:53 PM,2025-06-01 13:53:00,2025-06-01,2025-06-01 17:50:00,5:50 PM,2025-06-01 09:50:00,2025-06-01,2025-06-01 18:48:00,6:48 PM,2025-06-01 10:48:00,null,null,null,null,2025-06-01,2025-06-01 14:55:00,2:55 PM,2025-06-01 06:55:00,False,KUL,AK,2025-06-01,DPS,"""AK 377  """,Departed,null,null,null,null,null,null,null,null,2025-06-01 11:51:12,KUL,2025-06-01T06:03:00,2025-06-01T04:27:00,AK,HKT,2025-06-01T06:07:00,null,"""833  ""","""  """,2025-06-01T06:05:00,2025-06-01T04:30:00,null,9M-RAA,2025-06-01 09:50:00,2025-06-01 06:55:00
AK25_2025-09-14_KUL_TRZ,""" """,,Q5,"""U,V,W,X,Y""",2,2025-06-02,2025-06-02 09:18:00,9:18 AM,2025-06-02 03:48:00,null,null,null,null,2025-06-02,2025-06-02 08:55:00,8:55 AM,2025-06-02 03:25:00,2025-06-02,2025-06-02 08:09:00,8:09 AM,2025-06-02 00:09:00,null,null,null,null,2025-06-02,2025-06-02 07:45:00,7:45 AM,2025-06-01 23:45:00,False,TRZ,AK,2025-06-01,KUL,"""AK 25   """,Landed,null,null,null,null,null,null,null,null,2025-06-02 04:31:15,"""   """,null,null,"""  ""","""   """,null,null,"""     ""","""  """,null,null,null,9M-AFD,2025-06-02 03:25:00,2025-06-01 23:45:00
AK6223_2025-04-18_TGG_KUL,2,2,,3-5,""" """,2025-06-01,2025-06-01 12:42:00,12:42 PM,2025-06-01 04:42:00,null,null,null,null,2025-06-01,2025-06-01 12:45:00,12:45 PM,2025-06-01 04:45:00,2025-06-01,2025-06-01 11:35:00,11:35 AM,2025-06-01 03:35:00,null,null,null,null,2025-06-01,2025-06-01 11:40:00,11:40 AM,2025-06-01 03:40:00,False,KUL,AK,2025-06-01,TGG,"""AK 6223 """,Landed,null,null,null,null,null,null,null,null,2025-06-01 04:51:21,TGG,2025-06-01T03:08:00,2025-06-01T02:10:00,AK,KUL,2025-06-01T03:13:00,null,"""6222 ""","""  """,2025-06-01T03:10:00,2025-06-01T02:15:00,null,9M-RAL,2025-06-01 04:45:00,2025-06-01 03:40:00
AK6315_2024-12-26,2,2,2,1-9,""" """,2025-06-01,2025-06-01 22:32:00,10:32 PM,2025-06-01 14:32:00,null,null,null,null,2025-06-01,2025-06-01 22:15:00,10:15 PM,2025-06-01 14:15:00,2025-06-01,2025-06-01 21:18:00,9:18 PM,2025-06-01 13:18:00,null,null,null,null,2025-06-01,2025-06-01 21:05:00,9:05 PM,2025-06-01 13:05:00,False,KUL,AK,2025-06-01,LGK,"""AK 6315 """,Landed,null,null,null,null,null,null,null,null,2025-06-01 16:51:13,LGK,2025-06-01T12:55:00,2025-06-01T11:57:00,AK,KUL,2025-06-01T12:39:00,null,"""6314 ""","""  """,2025-06-01T12:40:00,2025-06-01T11:35:00,null,9M-AQQ,2025-06-01 02:15:00,2025-06-01 13:05:00
AK5742_2026-04-09_KUL_TWU,""" """,B,K14,"""S,T""",2,2025-06-02,2025-06-02 10:54:00,10:54 AM,2025-06-02 02:54:00,null,null,null,null,2025-06-02,2025-06-02 10:55:00,10:55 AM,2025-06-02 02:55:00,2025-06-02,2025-06-02 08:07:00,8:07 AM,2025-06-02 00:07:00,null,null,null,null,2025-06-02,2025-06-02 08:00:00,8:00 AM,2025-06-02 00:00:00,False,TWU,AK,2025-06-02,KUL,"""AK 5742 """,landed,null,null,null,null,null,null,null,null,2025-06-02 03:21:11,"""   """,null,null,"""  ""","""   """,null,null,"""     ""","""  """,null,null,null,9M-AQF,2025-06-02 02:55:00,2025-06-02 00:00:00
AK880_2026-03-19_KUL_DMK,1,4,P9,"""U,V,W,X,Y""",2,2025-06-03,2025-06-03 09:14:00,9:14 AM,2025-06-03 02:14:00,null,null,null,null,2025-06-03,2025-06-03 09:20:00,9:20 AM,2025-06-03 02:20:00,2025-06-03,2025-06-03 08:04:00,8:04 AM,2025-06-03 00:04:00,null,null,null,null,2025-06-03,2025-06-03 08:10:00,8:10 AM,2025-06-03 00:10:00,False,DMK,AK,2025-06-03,KUL,"""AK 880  """,Landed,null,null,null,null,null,null,null,null,2025-06-03 05:41:12,"""   """,null,null,"""  ""","""   """,null,null,"""     ""","""  """,null,null,null,9M-AQF,2025-06-03 02:20:00,2025-06-03 00:10:00
AK707_2025-01-11_KUL_SIN,4,1,Q15,"""U,V,W,X,Y""",2,2025-06-01,2025-06-01 12:26:00,12:26 PM,2025-06-01 04:26:00,null,null,null,null,2025-06-01,2025-06-01 11:35:00,11:35 AM,2025-06-01 03:35:00,2025-06-01,2025-06-01 10:56:00,10:56 AM,2025-06-01 02:56:00,null,null,null,null,2025-06-01,2025-06-01 10:30:00,10:30 AM,2025-06-01 02:30:00,False,SIN,AK,2025-06-01,KUL,"""AK 707  """,Landed,null,null,null,null,null,null,null,null,2025-06-01 05:51:20,KUL,2025-06-01T02:17:00,2025-06-01T01:19:00,AK,SIN,2025-06-01T02:20:00,null,"""702  ""","""  """,2025-06-01T01:55:00,2025-06-01T00:55:00,null,9M-VAF,2025-06-01 03:35:00,2025-06-01 02:30:00
AK5210_2026-01-29_KUL_KCH,""" """,C,J11,"""S,T""",2,2025-06-02,2025-06-02 16:04:00,4:04 PM,2025-06-02 08:04:00,null,null,null,null,2025-06-02,2025-06-02 15:35:00,3:35 PM,2025-06-02 07:35:00,2025-06-02,2025-06-02 14:21:00,2:21 PM,2025-06-02 06:21:00,null,null,null,null,2025-06-02,2025-06-02 13:55:00,1:55 PM,2025-06-02 05:55:00,False,KCH,AK,2025-06-02,KUL,"""AK 5210 """,Landed,null,null,null,null,null,null,null,null,2025-06-02 08:41:22,KUL,2025-06-02T05:30:00,2025-06-02T03:43:00,AK,KCH,2025-06-02T05:28:00,null,"""5233 ""","""  """,2025-06-02T05:20:00,2025-06-02T03:35:00,null,9M-AQP,2025-06-02 07:35:00,2025-06-02 05:55:00
AK528_2026-01-24_KUL_SGN,2,,P1,"""U,V,W,X,Y""",2,2025-06-02,2025-06-02 10:18:00,10:18 AM,2025-06-02 03:18:00,null,null,null,null,2025-06-02,2025-06-02 10:05:00,10:05 AM,2025-06-02 03:05:00,2025-06-02,2025-06-02 09:12:00,9:12 AM,2025-06-02 01:12:00,null,null,null,null,2025-06-02,2025-06-02 09:00:00,9:00 AM,2025-06-02 01:00:00,False,SGN,AK,2025-06-02,KUL,"""AK 528  """,Landed,null,null,null,null,null,null,null,null,2025-06-02 03:21:16,"""   """,null,null,"""  ""","""   """,null,null,"""     ""","""  """,null,null,null,9M-AGH,2025-06-02 03:05:00,2025-06-02 01:00:00
AK387_2026-03-23_CGK_KUL,2,5,F3,91-98,2,2025-06-04,2025-06-04 22:46:00,10:46 PM,2025-06-04 14:46:00,null,null,null,null,2025-06-04,2025-06-04 22:50:00,10:50 PM,2025-06-04 14:50:00,2025-06-04,2025-06-04 19:50:00,7:50 PM,2025-06-04 12:50:00,null,null,null,null,2025-06-04,2025-06-04 19:25:00,7:25 PM,2025-06-04 12:25:00,False,KUL,AK,2025-06-04,CGK,"""AK 387  """,Landed,null,null,null,null,null,null,null,null,2025-06-04 15:01:13,CGK,2025-06-04T12:06:00,2025-06-04T10:00:00,AK,KUL,2025-06-04T12:09:00,2025-06-04T09:50:00,"""386  ""","""  """,2025-06-04T11:20:00,2025-06-04T09:10:00,null,9M-RAN,2025-06-04 02:50:00,2025-06-04 12:25:00
AK6071_2025-11-22_BKI_MYY,""" """,,,D01-D16,1,2025-06-02,2025-06-02 07:49:00,7:49 AM,2025-06-01 23:49:00,null,null,null,null,2025-06-02,2025-06-02 08:05:00,8:05 AM,2025-06-02 00:05:00,2025-06-02,2025-06-02 07:02:00,7:02 AM,2025-06-01 23:02:00,null,null,null,null,2025-06-02,2025-06-02 07:15:00,7:15 AM,2025-06-01 23:15:00,False,MYY,AK,2025-06-01,BKI,"""AK 6071 """,Landed,null,null,null,null,null,null,null,null,2025-06-01 23:51:15,MYY,null,2025-06-01T23:02:00,AK,BKI,2025-06-01T23:56:00,null,"""6071 ""","""  """,2025-06-02T00:05:00,2025-06-01T23:15:00,null,9M-RAK,2025-06-02 12:05:00,2025-06-01 23:15:00
AK6311_2025-05-01_LGK_KUL,2,2,,1-9,""" """,2025-06-02,2025-06-02 19:15:00,7:15 PM,2025-06-02 11:15:00,null,null,null,null,2025-06-02,2025-06-02 18:55:00,6:55 PM,2025-06-02 10:55:00,2025-06-02,2025-06-02 18:00:00,6:00 PM,2025-06-02 10:00:00,null,null,null,null,2025-06-02,2025-06-02 17:45:00,5:45 PM,2025-06-02 09:45:00,False,KUL,AK,2025-06-02,LGK,"""AK 6311 """,Landed,null,null,null,null,null,null,null,null,2025-06-02 11:31:14,LGK,2025-06-02T09:32:00,2025-06-02T08:19:00,AK,KUL,2025-06-02T09:37:00,null,"""6310 ""","""  """,2025-06-02T09:20:00,2025-06-02T08:15:00,null,9M-DAF,2025-06-02 10:55:00,2025-06-02 09:45:00
AK716_2024-11-13,,4,G12,5,,2025-06-01,2025-06-01 19:45:00,7:45 PM,2025-06-01 11:45:00,null,null,null,null,2025-06-01,2025-06-01 19:35:00,7:35 PM,2025-06-01 11:35:00,2025-06-01,2025-06-01 18:53:00,6:53 PM,2025-06-01 10:53:00,null,null,null,null,2025-06-01,2025-06-01 18:35:00,6:35 PM,2025-06-01 10:35:00,False,KUL,AK,2025-06-01,SIN,"""AK 716  """,Landed,null,null,null,null,null,null,null,null,2025-06-01 11:51:16,SIN,2025-06-01T10:12:00,2025-06-01T08:55:00,AK,KUL,2025-06-01T10:05:00,null,"""717  ""","""  """,2025-06-01T10:00:00,2025-06-01T08:40:00,null,9M-DAG,2025-06-01 11:35:00,2025-06-01 10:35:00
AK116_2025-11-03_KUL_CAN,1,5,L12,"""U,V,W,X,Y""",2,2025-06-01,2025-06-01 20:32:00,8:32 PM,2025-06-01 12:32:00,null,null,null,null,2025-06-01,2025-06-01 20:20:00,8:20 PM,2025-06-01 12:20:00,2025-06-01,2025-06-01 16:12:00,4:12 PM,2025-06-01 08:12:00,null,null,null,null,2025-06-01,2025-06-01 16:10:00,4:10 PM,2025-06-01 08:10:00,False,CAN,AK,2025-06-01,KUL,"""AK 116  """,Landed,null,null,null,null,null,null,null,null,2025-06-01 13:11:13,KUL,2025-06-01T07:27:00,2025-06-01T04:58:00,AK,BKI,2025-06-01T07:24:00,null,"""5113 ""","""  """,2025-06-01T07:35:00,2025-06-01T05:05:00,null,9M-VAG,2025-06-01 12:20:00,2025-06-01 08:10:00
AK5237_2025-12-11_KCH_KUL,2,1,1,,""" """,2025-06-02,2025-06-02 20:24:00,8:24 PM,2025-06-02 12:24:00,null,null,null,null,2025-06-02,2025-06-02 19:40:00,7:40 PM,2025-06-02 11:40:00,2025-06-02,2025-06-02 18:18:00,6:18 PM,2025-06-02 10:18:00,null,null,null,null,2025-06-02,2025-06-02 17:50:00,5:50 PM,2025-06-02 09:50:00,False,KUL,AK,2025-06-02,KCH,"""AK 5237 """,Landed,null,null,null,null,null,null,null,null,2025-06-02 12:31:19,KCH,2025-06-02T09:42:00,2025-06-02T07:52:00,AK,KUL,2025-06-02T09:40:00,null,"""5236 ""","""  """,2025-06-02T09:10:00,2025-06-02T07:30:00,null,9M-AGG,2025-06-02 11:40:00,2025-06-02 09:50:00
AK6059_2024-12-22,""" """,A,,7-10,""" """,2025-06-01,2025-06-01 20:01:00,8:01 PM,2025-06-01 12:01:00,null,null,null,null,2025-06-01,2025-06-01 20:05:00,8:05 PM,2025-06-01 12:05:00,2025-06-01,2025-06-01 19:15:00,7:15 PM,2025-06-01 11:15:00,null,null,null,null,2025-06-01,2025-06-01 19:15:00,7:15 PM,2025-06-01 11:15:00,False,KCH,AK,2025-06-01,BTU,"""AK 6059 """,Landed,null,null,null,null,null,null,null,null,2025-06-01 12:11:13,BTU,2025-06-01T10:52:00,2025-06-01T10:02:00,AK,KCH,2025-06-01T11:00:00,null,"""6058 ""","""  """,2025-06-01T10:50:00,2025-06-01T09:55:00,null,9M-AQG,2025-06-01 12:05:00,2025-06-01 11:15:00
AK713_2025-04-04_KUL_SIN,4,3,P11,"""U,V,W,X,Y""",2,2025-06-02,2025-06-02 13:39:00,1:39 PM,2025-06-02 05:39:00,null,null,null,null,2025-06-02,2025-06-02 13:40:00,1:40 PM,2025-06-02 05:40:00,2025-06-02,2025-06-02 12:20:00,12:20 PM,2025-06-02 04:20:00,null,null,null,null,2025-06-02,2025-06-02 12:25:00,12:25 PM,2025-06-02 04:25:00,False,SIN,AK,2025-06-02,KUL,"""AK 713  """,Landed,null,null,null,null,null,null,null,null,2025-06-02 07:31:20,KUL,2025-06-02T03:35:00,2025-06-02T01:21:00,AK,DMK,2025-06-02T03:35:00,null,"""891  ""","""  """,2025-06-02T03:50:00,2025-06-02T01:35:00,null,9M-AJD,2025-06-02 05:40:00,2025-06-02 04:25:00
AK1311_2025-02-15_IPH_SIN,4,2,,1-3,""" """,2025-06-01,2025-06-01 10:47:00,10:47 AM,2025-06-01 02:47:00,null,null,null,null,2025-06-01,2025-06-01 11:00:00,11:00 AM,2025-06-01 03:00:00,2025-06-01,2025-06-01 09:33:00,9:33 AM,2025-06-01 01:33:00,null,null,null,null,2025-06-01,2025-06-01 09:45:00,9:45 AM,2025-06-01 01:45:00,False,SIN,AK,2025-06-01,IPH,"""AK 1311 """,Landed,null,null,null,null,null,null,null,null,2025-06-01 04:41:18,IPH,2025-06-01T01:10:00,2025-06-01T00:14:00,AK,JHB,2025-06-01T01:22:00,null,"""6082 ""","""  """,2025-06-01T01:20:00,2025-06-01T00:20:00,null,9M-AGU,2025-06-01 03:00:00,2025-06-01 01:45:00
AK5136_2025-01-18_KUL_BKI,1,,J7,"""S,T""",2,2025-06-02,2025-06-02 11:53:00,11:53 AM,2025-06-02 03:53:00,null,null,null,null,2025-06-02,2025-06-02 11:55:00,11:55 AM,2025-06-02 03:55:00,2025-06-02,2025-06-02 09:04:00,9:04 AM,2025-06-02 01:04:00,null,null,null,null,2025-06-02,2025-06-02 09:15:00,9:15 AM,2025-06-02 01:15:00,False,BKI,AK,2025-06-02,KUL,"""AK 5136 """,Landed,null,null,null,null,null,null,null,null,2025-06-02 05:11:15,KUL,2025-06-02T00:22:00,2025-06-01T21:48:00,AK,BKI,2025-06-02T00:14:00,null,"""5135 ""","""  """,2025-06-02T00:30:00,2025-06-01T22:00:00,null,9M-AGZ,2025-06-02 03:55:00,2025-06-02 01:15:00
AK483_2026-04-12_KUL_BPN,""" """,2,L9,"""U,V,W,X,Y""",2,2025-06-03,2025-06-03 19:04:00,7:04 PM,2025-06-03 11:04:00,null,null,null,null,2025-06-03,2025-06-03 18:50:00,6:50 PM,2025-06-03 10:50:00,2025-06-03,2025-06-03 16:06:00,4:06 PM,2025-06-03 08:06:00,null,null,null,null,2025-06-03,2025-06-03 15:55:00,3:55 PM,2025-06-03 07:55:00,False,BPN,AK,2025-06-03,KUL,"""AK 483  """,Landed,null,null,null,null,null,null,null,null,2025-06-03 11:11:14,KUL,2025-06-03T07:27:00,2025-06-03T06:16:00,AK,SIN,2025-06-03T07:32:00,null,"""712  ""","""  """,2025-06-03T07:20:00,2025-06-03T06:10:00,null,9M-AGZ,2025-06-03 10:50:00,2025-06-03 07:55:00
AK5305_2025-03-21_BKI_JHB,""" """,,A4,D01-D16,""" """,2025-06-01,2025-06-01 16:42:00,4:42 PM,2025-06-01 08:42:00,null,null,null,null,2025-06-01,2025-06-01 16:50:00,4:50 PM,2025-06-01 08:50:00,2025-06-01,2025-06-01 14:29:00,2:29 PM,2025-06-01 06:29:00,null,null,null,null,2025-06-01,2025-06-01 14:35:00,2:35 PM,2025-06-01 06:35:00,False,JHB,AK,2025-06-01,BKI,"""AK 5305 """,Landed,null,null,null,null,null,null,null,null,2025-06-01 08:51:12,BKI,2025-05-31T23:41:00,2025-05-31T19:08:00,AK,PVG,2025-05-31T23:49:00,null,"""1517 ""","""  """,2025-06-01T00:01:00,2025-05-31T19:20:00,null,9M-RAE,2025-06-01 08:50:00,2025-06-01 06:35:00
AK6021_2025-09-02_AOR_KUL,2,3,2,9-10,""" """,2025-06-02,2025-06-02 09:44:00,9:44 AM,2025-06-02 01:44:00,null,null,null,null,2025-06-02,2025-06-02 09:50:00,9:50 AM,2025-06-02 01:50:00,2025-06-02,2025-06-02 08:36:00,8:36 AM,2025-06-02 00:36:00,null,null,null,null,2025-06-02,2025-06-02 08:45:00,8:45 AM,2025-06-02 00:45:00,False,KUL,AK,2025-06-02,AOR,"""AK 6021 """,Landed,null,null,null,null,null,null,null,null,2025-06-02 01:51:50,AOR,2025-06-02T00:04:00,2025-06-01T23:01:00,AK,KUL,2025-06-02T00:03:00,null,"""6020 ""","""  """,2025-06-02T00:20:00,2025-06-01T23:15:00,null,9M-AQP,2025-06-02 01:50:00,2025-06-02 00:45:00
AK5432_2025-04-26_PEN_KCH,""" """,,,,""" """,2025-06-01,2025-06-01 17:54:00,5:54 PM,2025-06-01 09:54:00,null,null,null,null,2025-06-01,2025-06-01 15:55:00,3:55 PM,2025-06-01 07:55:00,2025-06-01,2025-06-01 15:43:00,3:43 PM,2025-06-01 07:43:00,null,null,null,null,2025-06-01,2025-06-01 13:55:00,1:55 PM,2025-06-01 05:55:00,False,KCH,AK,2025-06-01,PEN,"""AK 5432 """,Landed,null,null,null,null,null,null,null,null,2025-06-01 10:51:11,PEN,2025-06-01T07:11:00,2025-06-01T05:03:00,AK,KCH,2025-06-01T07:01:00,2025-06-01T04:55:00,"""5433 ""","""  """,2025-06-01T05:30:00,2025-06-01T03:30:00,null,9M-AQN,2025-06-01 07:55:00,2025-06-01 05:55:00
AK71_2024-12-27,""" """,,L5,"""U,V,W,X,Y""",2,2025-06-01,2025-06-01 22:46:00,10:46 PM,2025-06-01 16:46:00,null,null,null,null,2025-06-01,2025-06-01 22:00:00,10:00 PM,2025-06-01 16:00:00,2025-06-01,2025-06-01 20:59:00,8:59 PM,2025-06-01 12:59:00,null,null,null,null,2025-06-01,2025-06-01 20:05:00,8:05 PM,2025-06-01 12:05:00,False,DAC,AK,2025-06-01,KUL,"""AK 71   """,Landed,null,null,null,null,null,null,null,null,2025-06-01 17:01:15,KUL,null,2025-06-01T08:14:00,AK,HAN,2025-06-01T11:44:00,2025-06-01T08:05:00,"""513  ""","""  """,2025-06-01T11:05:00,2025-06-01T07:50:00,null,9M-DAE,2025-06-01 04:00:00,2025-06-01 12:05:00
AK1783_2025-12-20_KCH_PNK,""" """,,8,"""C,D""",""" """,2025-06-01,2025-06-01 19:24:00,7:24 PM,2025-06-01 12:24:00,null,null,null,null,2025-06-01,2025-06-01 19:05:00,7:05 PM,2025-06-01 12:05:00,2025-06-01,2025-06-01 19:42:00,7:42 PM,2025-06-01 11:42:00,null,null,null,null,2025-06-01,2025-06-01 19:20:00,7:20 PM,2025-06-01 11:20:00,False,PNK,AK,2025-06-01,KCH,"""AK 1783 """,Landed,null,null,null,null,null,null,null,null,2025-06-01 12:31:13,KCH,2025-06-01T11:11:00,2025-06-01T09:50:00,AK,BKI,2025-06-01T11:10:00,2025-06-01T09:10:00,"""6357 ""","""  """,2025-06-01T10:15:00,2025-06-01T08:55:00,null,9M-AFE,2025-06-01 12:05:00,2025-06-01 11:20:00
AK880_2026-02-16_KUL_DMK,1,3,L14,"""U,V,W,X,Y""",2,2025-06-02,2025-06-02 11:56:00,11:56 AM,2025-06-02 04:56:00,null,null,null,null,2025-06-02,2025-06-02 09:20:00,9:20 AM,2025-06-02 02:20:00,2025-06-02,2025-06-02 10:26:00,10:26 AM,2025-06-02 02:26:00,null,null,null,null,2025-06-02,2025-06-02 08:10:00,8:10 AM,2025-06-02 00:10:00,False,DMK,AK,2025-06-02,KUL,"""AK 880  """,Landed,null,null,null,null,null,null,null,null,2025-06-02 05:51:11,AOR,2025-06-02T00:05:00,2025-06-01T23:08:00,AK,KUL,2025-06-02T00:10:00,null,"""6020 ""","""  """,2025-06-02T00:20:00,2025-06-01T23:15:00,null,9M-AHE,2025-06-02 02:20:00,2025-06-02 00:10:00
AK6145_2025-12-05_PEN_KUL,2,3,A1A,24-36,""" """,2025-06-04,2025-06-04 07:47:00,7:47 AM,2025-06-03 23:47:00,null,null,null,null,2025-06-04,2025-06-04 07:55:00,7:55 AM,2025-06-03 23:55:00,2025-06-04,2025-06-04 06:45:00,6:45 AM,2025-06-03 22:45:00,null,null,null,null,2025-06-04,2025-06-04 06:55:00,6:55 AM,2025-06-03 22:55:00,False,KUL,AK,2025-06-03,PEN,"""AK 6145 """,Landed,null,null,null,null,null,null,null,null,2025-06-04 03:01:45,"""   """,null,null,"""  ""","""   """,null,null,"""     ""","""  """,null,null,null,9M-AQP,2025-06-03 11:55:00,2025-06-03 22:55:00
AK5197_2024-11-03,,3,,1-5,,2025-06-02,2025-06-02 01:12:00,1:12 AM,2025-06-01 17:12:00,null,null,null,null,2025-06-02,2025-06-02 00:25:00,12:25 AM,2025-06-01 16:25:00,2025-06-01,2025-06-01 22:25:00,10:25 PM,2025-06-01 14:25:00,null,null,null,null,2025-06-01,2025-06-01 21:40:00,9:40 PM,2025-06-01 13:40:00,False,KUL,AK,2025-06-01,SDK,"""AK 5197 """,Landed,null,null,null,null,null,null,null,null,2025-06-01 17:21:18,SDK,2025-06-01T13:55:00,2025-06-01T10:54:00,AK,KUL,2025-06-01T13:57:00,2025-06-01T10:55:00,"""5196 ""","""  """,2025-06-01T13:15:00,2025-06-01T10:25:00,null,9M-AQF,2025-06-01 04:25:00,2025-06-01 13:40:00
AK117_2025-01-23_CAN_KUL,2,10,A103,G,1,null,null,null,null,null,null,null,null,2025-06-03,2025-06-03 01:40:00,1:40 AM,2025-06-02 17:40:00,null,null,null,null,null,null,null,null,2025-06-02,2025-06-02 21:25:00,9:25 PM,2025-06-02 13:25:00,False,KUL,AK,2025-06-02,CAN,"""AK 117  """,Landed,null,null,null,null,null,null,null,null,2025-06-02 19:41:14,CAN,null,null,AK,KUL,null,null,"""116  ""","""  """,2025-06-02T12:20:00,2025-06-02T08:00:00,null,9M-VAC,2025-06-02 05:40:00,2025-06-02 13:25:00
AK882_2025-04-08_KUL_DMK,1,1,Q5,"""U,V,W,X,Y""",2,2025-06-02,2025-06-02 12:42:00,12:42 PM,2025-06-02 05:42:00,null,null,null,null,2025-06-02,2025-06-02 12:35:00,12:35 PM,2025-06-02 05:35:00,2025-06-02,2025-06-02 11:33:00,11:33 AM,2025-06-02 03:33:00,null,null,null,null,2025-06-02,2025-06-02 11:20:00,11:20 AM,2025-06-02 03:20:00,False,DMK,AK,2025-06-02,KUL,"""AK 882  """,Landed,null,null,null,null,null,null,null,null,2025-06-02 05:51:11,"""   """,null,null,"""  ""","""   """,null,null,"""     ""","""  """,null,null,null,9M-VAD,2025-06-02 05:35:00,2025-06-02 03:20:00
AK1623_2024-11-19,,10,B3,D,,2025-06-03,2025-06-03 00:04:00,12:04 AM,2025-06-02 15:04:00,null,null,null,null,2025-06-03,2025-06-03 00:05:00,12:05 AM,2025-06-02 15:05:00,2025-06-02,2025-06-02 18:01:00,6:01 PM,2025-06-02 10:01:00,null,null,null,null,2025-06-02,2025-06-02 18:05:00,6:05 PM,2025-06-02 10:05:00,False,ICN,AK,2025-06-02,BKI,"""AK 1623 """,Landed,null,null,null,null,null,null,null,null,2025-06-02 15:11:13,BKI,2025-06-02T09:13:00,2025-06-02T08:27:00,AK,SDK,2025-06-02T09:12:00,null,"""6499 ""","""  """,2025-06-02T09:10:00,2025-06-02T08:25:00,null,9M-AGF,2025-06-02 03:05:00,2025-06-02 10:05:00
AK541_2024-12-22,2,6,,C01-C16,""" """,2025-06-01,2025-06-01 18:22:00,6:22 PM,2025-06-01 10:22:00,null,null,null,null,2025-06-01,2025-06-01 18:05:00,6:05 PM,2025-06-01 10:05:00,2025-06-01,2025-06-01 15:02:00,3:02 PM,2025-06-01 08:02:00,null,null,null,null,2025-06-01,2025-06-01 14:55:00,2:55 PM,2025-06-01 07:55:00,False,KUL,AK,2025-06-01,SAI,"""AK 541  """,Landed,null,null,null,null,null,null,null,null,2025-06-01 10:31:12,SAI,2025-06-01T07:24:00,2025-06-01T05:16:00,AK,KUL,2025-06-01T07:33:00,null,"""540  ""","""  """,2025-06-01T07:10:00,2025-06-01T05:10:00,null,9M-DAG,2025-06-01 10:05:00,2025-06-01 07:55:00
AK6072_2025-02-12_MYY_BKI,1,,,12-15,""" """,2025-06-01,2025-06-01 09:31:00,9:31 AM,2025-06-01 01:31:00,null,null,null,null,2025-06-01,2025-06-01 09:45:00,9:45 AM,2025-06-01 01:45:00,2025-06-01,2025-06-01 08:44:00,8:44 AM,2025-06-01 00:44:00,null,null,null,null,2025-06-01,2025-06-01 08:55:00,8:55 AM,2025-06-01 00:55:00,False,BKI,AK,2025-06-01,MYY,"""AK 6072 """,Landed,null,null,null,null,null,null,null,null,2025-06-01 01:41:12,MYY,2025-06-01T00:12:00,2025-05-31T23:22:00,AK,BKI,2025-06-01T00:15:00,null,"""6071 ""","""  """,2025-06-01T00:25:00,2025-05-31T23:35:00,null,9M-RAG,2025-06-01 01:45:00,2025-06-01 00:55:00
AK123_2025-08-03_SZX_KUL,2,,301,E,3,null,null,null,null,2025-06-04,2025-06-04 04:43:00,4:43 AM,2025-06-03 20:43:00,2025-06-04,2025-06-04 00:55:00,12:55 AM,2025-06-03 16:55:00,2025-06-04,2025-06-04 00:35:00,12:35 AM,2025-06-03 16:35:00,null,null,null,null,2025-06-03,2025-06-03 20:55:00,8:55 PM,2025-06-03 12:55:00,False,KUL,AK,2025-06-03,SZX,"""AK 123  """,Departed,null,null,null,null,null,null,null,null,2025-06-03 17:21:11,SZX,2025-06-03T14:50:00,2025-06-03T10:35:00,AK,KUL,2025-06-03T14:48:00,2025-06-03T10:40:00,"""122  ""","""  """,2025-06-03T11:55:00,2025-06-03T07:40:00,null,9M-RAM,2025-06-03 04:55:00,2025-06-03 12:55:00
AK6464_2024-11-11,,,6,,,2025-06-01,2025-06-01 12:25:00,12:25 PM,2025-06-01 04:25:00,null,null,null,null,2025-06-01,2025-06-01 12:45:00,12:45 PM,2025-06-01 04:45:00,2025-06-01,2025-06-01 11:52:00,11:52 AM,2025-06-01 03:52:00,null,null,null,null,2025-06-01,2025-06-01 12:05:00,12:05 PM,2025-06-01 04:05:00,False,SBW,AK,2025-06-01,KCH,"""AK 6464 """,Landed,null,null,null,null,null,null,null,null,2025-06-01 07:51:14,KCH,2025-06-01T03:22:00,2025-06-01T02:25:00,AK,MYY,2025-06-01T03:23:00,null,"""6191 ""","""  """,2025-06-01T03:40:00,2025-06-01T02:40:00,null,9M-AGU,2025-06-01 04:45:00,2025-06-01 04:05:00
AK101_2025-10-18_KUL_KMG,""" """,2,Q17,"""U,V,W,X,Y""",2,null,null,null,null,2025-06-01,2025-06-01 18:26:00,6:26 PM,2025-06-01 10:26:00,2025-06-01,2025-06-01 16:55:00,4:55 PM,2025-06-01 08:55:00,2025-06-01,2025-06-01 14:43:00,2:43 PM,2025-06-01 06:43:00,null,null,null,null,2025-06-01,2025-06-01 13:05:00,1:05 PM,2025-06-01 05:05:00,False,KMG,AK,2025-06-01,KUL,"""AK 101  """,Departed,null,null,null,null,null,null,null,null,2025-06-01 07:21:15,KUL,2025-06-01T03:11:00,2025-05-31T21:28:00,AK,ATQ,2025-06-01T03:20:00,2025-05-31T20:45:00,"""93   ""","""  """,2025-06-01T00:40:00,2025-05-31T18:55:00,null,9M-VAH,2025-06-01 08:55:00,2025-06-01 05:05:00
AK6193_2025-06-04_MYY_KCH,""" """,A,,12-15,""" """,2025-06-01,2025-06-01 12:15:00,12:15 PM,2025-06-01 04:15:00,null,null,null,null,2025-06-01,2025-06-01 12:25:00,12:25 PM,2025-06-01 04:25:00,2025-06-01,2025-06-01 11:20:00,11:20 AM,2025-06-01 03:20:00,null,null,null,null,2025-06-01,2025-06-01 11:25:00,11:25 AM,2025-06-01 03:25:00,False,KCH,AK,2025-06-01,MYY,"""AK 6193 """,Landed,null,null,null,null,null,null,null,null,2025-06-01 04:51:21,MYY,2025-06-01T02:53:00,2025-06-01T01:50:00,AK,KCH,2025-06-01T02:53:00,null,"""6192 ""","""  """,2025-06-01T03:00:00,2025-06-01T02:00:00,null,9M-AGP,2025-06-01 04:25:00,2025-06-01 03:25:00
AK5742_2025-04-12_KUL_TWU,""" """,,K14,"""S,T""",2,2025-06-01,2025-06-01 11:06:00,11:06 AM,2025-06-01 03:06:00,null,null,null,null,2025-06-01,2025-06-01 11:15:00,11:15 AM,2025-06-01 03:15:00,2025-06-01,2025-06-01 08:09:00,8:09 AM,2025-06-01 00:09:00,null,null,null,null,2025-06-01,2025-06-01 08:20:00,8:20 AM,2025-06-01 00:20:00,False,TWU,AK,2025-06-01,KUL,"""AK 5742 """,Landed,null,null,null,null,null,null,null,null,2025-06-01 04:01:26,"""   """,null,null,"""  ""","""   """,null,null,"""     ""","""  """,null,null,null,9M-VAF,2025-06-01 03:15:00,2025-06-01 00:20:00
AK75_2024-11-17,,10,,,,2025-06-01,2025-06-01 18:35:00,6:35 PM,2025-06-01 10:35:00,null,null,null,null,2025-06-01,2025-06-01 18:25:00,6:25 PM,2025-06-01 10:25:00,2025-06-01,2025-06-01 11:03:00,11:03 AM,2025-06-01 06:03:00,null,null,null,null,2025-06-01,2025-06-01 10:55:00,10:55 AM,2025-06-01 05:55:00,False,KUL,AK,2025-06-01,MLE,"""AK 75   """,Landed,null,null,null,null,null,null,null,null,2025-06-01 10:41:22,MLE,2025-06-01T05:16:00,2025-06-01T01:09:00,AK,KUL,2025-06-01T05:20:00,null,"""74   ""","""  """,2025-06-01T04:55:00,2025-06-01T00:40:00,null,9M-RAL,2025-06-01 10:25:00,2025-06-01 05:55:00
AK710_2024-12-05,,5,G2,"""4,5""",,2025-06-01,2025-06-01 15:29:00,3:29 PM,2025-06-01 07:29:00,null,null,null,null,2025-06-01,2025-06-01 15:10:00,3:10 PM,2025-06-01 07:10:00,2025-06-01,2025-06-01 14:28:00,2:28 PM,2025-06-01 06:28:00,null,null,null,null,2025-06-01,2025-06-01 14:10:00,2:10 PM,2025-06-01 06:10:00,False,KUL,AK,2025-06-01,SIN,"""AK 710  """,Landed,null,null,null,null,null,null,null,null,2025-06-01 07:41:13,SIN,2025-06-01T05:54:00,2025-06-01T04:38:00,AK,KUL,2025-06-01T05:46:00,null,"""711  ""","""  """,2025-06-01T05:40:00,2025-06-01T04:30:00,null,9M-AGQ,2025-06-01 07:10:00,2025-06-01 06:10:00
AK5130_2026-04-12_KUL_BKI,1,D,J13,"""S,T""",2,2025-06-02,2025-06-02 23:33:00,11:33 PM,2025-06-02 15:33:00,null,null,null,null,2025-06-02,2025-06-02 22:55:00,10:55 PM,2025-06-02 14:55:00,2025-06-02,2025-06-02 20:51:00,8:51 PM,2025-06-02 12:51:00,null,null,null,null,2025-06-02,2025-06-02 20:20:00,8:20 PM,2025-06-02 12:20:00,False,BKI,AK,2025-06-02,KUL,"""AK 5130 """,Landed,null,null,null,null,null,null,null,null,2025-06-02 15:41:15,KUL,2025-06-02T12:17:00,2025-06-02T10:24:00,AK,KCH,2025-06-02T12:15:00,2025-06-02T10:13:00,"""5237 ""","""  """,2025-06-02T11:20:00,2025-06-02T09:30:00,null,9M-AQN,2025-06-02 02:55:00,2025-06-02 12:20:00
AK5206_2025-02-15_KUL_KCH,""" """,C,J3,"""S,T""",2,2025-06-01,2025-06-01 23:26:00,11:26 PM,2025-06-01 15:26:00,null,null,null,null,2025-06-01,2025-06-01 22:15:00,10:15 PM,2025-06-01 14:15:00,2025-06-01,2025-06-01 21:27:00,9:27 PM,2025-06-01 13:27:00,null,null,null,null,2025-06-01,2025-06-01 20:25:00,8:25 PM,2025-06-01 12:25:00,False,KCH,AK,2025-06-01,KUL,"""AK 5206 """,Landed,null,null,null,null,null,null,null,null,2025-06-01 16:01:13,KUL,2025-06-01T12:34:00,2025-06-01T10:51:00,AK,KCH,2025-06-01T12:41:00,2025-06-01T10:45:00,"""5207 ""","""  """,2025-06-01T11:55:00,2025-06-01T10:10:00,null,9M-AGT,2025-06-01 02:15:00,2025-06-01 12:25:00
AK706_2025-05-22_SIN_KUL,2,6,G8,"""4,5""",4,2025-06-01,2025-06-01 12:22:00,12:22 PM,2025-06-01 04:22:00,null,null,null,null,2025-06-01,2025-06-01 12:35:00,12:35 PM,2025-06-01 04:35:00,2025-06-01,2025-06-01 11:23:00,11:23 AM,2025-06-01 03:23:00,null,null,null,null,2025-06-01,2025-06-01 11:30:00,11:30 AM,2025-06-01 03:30:00,False,KUL,AK,2025-06-01,SIN,"""AK 706  """,Landed,null,null,null,null,null,null,null,null,2025-06-01 04:31:19,SIN,2025-06-01T02:51:00,2025-06-01T01:36:00,AK,KUL,2025-06-01T02:48:00,null,"""707  ""","""  """,2025-06-01T02:50:00,2025-06-01T01:35:00,null,9M-AJN,2025-06-01 04:35:00,2025-06-01 03:30:00
AK572_2026-01-14_DLI_KUL,2,5,2,,""" """,2025-06-02,2025-06-02 15:57:00,3:57 PM,2025-06-02 07:57:00,null,null,null,null,2025-06-02,2025-06-02 15:55:00,3:55 PM,2025-06-02 07:55:00,2025-06-02,2025-06-02 12:44:00,12:44 PM,2025-06-02 05:44:00,null,null,null,null,2025-06-02,2025-06-02 12:40:00,12:40 PM,2025-06-02 05:40:00,False,KUL,AK,2025-06-02,DLI,"""AK 572  """,Landed,null,null,null,null,null,null,null,null,2025-06-02 08:11:17,DLI,2025-06-02T05:20:00,2025-06-02T02:57:00,AK,KUL,2025-06-02T05:20:00,null,"""571  ""","""  """,2025-06-02T05:10:00,2025-06-02T03:00:00,null,9M-AJH,2025-06-02 07:55:00,2025-06-02 05:40:00
AK384_2025-11-21_KUL_CGK,2,,L22,"""U,V,W,X,Y""",2,2025-06-04,2025-06-04 14:36:00,2:36 PM,2025-06-04 07:36:00,null,null,null,null,2025-06-04,2025-06-04 14:25:00,2:25 PM,2025-06-04 07:25:00,2025-06-04,2025-06-04 13:31:00,1:31 PM,2025-06-04 05:31:00,null,null,null,null,2025-06-04,2025-06-04 13:15:00,1:15 PM,2025-06-04 05:15:00,False,CGK,AK,2025-06-04,KUL,"""AK 384  """,Landed,null,null,null,null,null,null,null,null,2025-06-04 09:51:24,KUL,2025-06-04T04:51:00,2025-06-04T02:25:00,AK,BKI,2025-06-04T05:00:00,null,"""5105 ""","""  """,2025-06-04T04:25:00,2025-06-04T02:00:00,null,9M-AJH,2025-06-04 07:25:00,2025-06-04 05:15:00
AK461_2025-11-08_PLM_KUL,2,7,6,,""" """,2025-06-01,2025-06-01 14:13:00,2:13 PM,2025-06-01 06:13:00,null,null,null,null,2025-06-01,2025-06-01 13:00:00,1:00 PM,2025-06-01 05:00:00,2025-06-01,2025-06-01 11:42:00,11:42 AM,2025-06-01 04:42:00,null,null,null,null,2025-06-01,2025-06-01 10:30:00,10:30 AM,2025-06-01 03:30:00,False,KUL,AK,2025-06-01,PLM,"""AK 461  """,Landed,null,null,null,null,null,null,null,null,2025-06-01 07:01:15,PLM,2025-06-01T04:11:00,2025-06-01T02:30:00,AK,KUL,2025-06-01T04:13:00,2025-06-01T02:30:00,"""462  ""","""  """,2025-06-01T03:05:00,2025-06-01T01:35:00,null,9M-AGG,2025-06-01 05:00:00,2025-06-01 03:30:00
AK398_2025-03-28_KNO_KUL,2,5,,B,""" """,2025-06-01,2025-06-01 09:40:00,9:40 AM,2025-06-01 01:40:00,null,null,null,null,2025-06-01,2025-06-01 09:50:00,9:50 AM,2025-06-01 01:50:00,2025-06-01,2025-06-01 07:43:00,7:43 AM,2025-06-01 00:43:00,null,null,null,null,2025-06-01,2025-06-01 07:45:00,7:45 AM,2025-06-01 00:45:00,False,KUL,AK,2025-06-01,KNO,"""AK 398  """,Landed,null,null,null,null,null,null,null,null,2025-06-01 03:51:14,KNO,2025-06-01T00:18:00,2025-05-31T23:18:00,AK,KUL,2025-06-01T00:21:00,null,"""399  ""","""  """,2025-06-01T00:15:00,2025-05-31T23:15:00,null,9M-AQH,2025-06-01 01:50:00,2025-06-01 00:45:00
AK582_2026-04-11_KUL_MNL,1,,P4,"""U,V,W,X,Y""",2,2025-06-03,2025-06-03 12:09:00,12:09 PM,2025-06-03 04:09:00,null,null,null,null,2025-06-03,2025-06-03 12:15:00,12:15 PM,2025-06-03 04:15:00,2025-06-03,2025-06-03 08:20:00,8:20 AM,2025-06-03 00:20:00,null,null,null,null,2025-06-03,2025-06-03 08:20:00,8:20 AM,2025-06-03 00:20:00,False,MNL,AK,2025-06-03,KUL,"""AK 582  """,Landed,null,null,null,null,null,null,null,null,2025-06-03 05:01:12,"""   """,null,null,"""  ""","""   """,null,null,"""     ""","""  """,null,null,null,9M-VAG,2025-06-03 04:15:00,2025-06-03 00:20:00
AK5197_2024-11-13,,,,1-5,,2025-06-04,2025-06-04 02:35:00,2:35 AM,2025-06-03 18:35:00,null,null,null,null,2025-06-04,2025-06-04 00:25:00,12:25 AM,2025-06-03 16:25:00,2025-06-03,2025-06-03 23:59:00,11:59 PM,2025-06-03 15:59:00,null,null,null,null,2025-06-03,2025-06-03 21:40:00,9:40 PM,2025-06-03 13:40:00,False,KUL,AK,2025-06-03,SDK,"""AK 5197 """,Landed,null,null,null,null,null,null,null,null,2025-06-03 18:51:10,BKI,2025-06-03T13:40:00,2025-06-03T10:48:00,AK,KUL,2025-06-03T13:52:00,2025-06-03T10:35:00,"""5196 ""","""  """,2025-06-03T13:25:00,2025-06-03T10:25:00,null,9M-AQI,2025-06-03 04:25:00,2025-06-03 13:40:00
AK860_2026-03-24_KUL_KBV,""" """,2,L12,"""U,V,W,X,Y""",2,null,null,null,null,null,null,null,null,2025-06-01,2025-06-01 17:25:00,5:25 PM,2025-06-01 10:25:00,null,null,null,null,null,null,null,null,2025-06-01,2025-06-01 17:05:00,5:05 PM,2025-06-01 09:05:00,False,KBV,AK,2025-06-01,KUL,"""AK 860  """,Landed,null,null,null,null,null,null,null,null,2025-06-01 14:51:11,KUL,null,null,AK,TGG,null,null,"""6223 ""","""  """,2025-06-01T07:55:00,2025-06-01T06:50:00,null,9M-AJE,2025-06-01 10:25:00,2025-06-01 09:05:00
AK13_2025-01-19_KUL_MAA,2,8,Q3,"""U,V,W,X,Y""",2,2025-06-01,2025-06-01 23:00:00,11:00 PM,2025-06-01 17:30:00,null,null,null,null,2025-06-01,2025-06-01 22:55:00,10:55 PM,2025-06-01 17:25:00,2025-06-01,2025-06-01 21:37:00,9:37 PM,2025-06-01 13:37:00,null,null,null,null,2025-06-01,2025-06-01 21:35:00,9:35 PM,2025-06-01 13:35:00,False,MAA,AK,2025-06-01,KUL,"""AK 13   """,Landed,null,null,null,null,null,null,null,null,2025-06-01 18:11:12,KUL,2025-06-01T12:38:00,2025-06-01T08:21:00,AK,SWA,2025-06-01T12:36:00,2025-06-01T08:00:00,"""143  ""","""  """,2025-06-01T12:10:00,2025-06-01T07:55:00,null,9M-AGA,2025-06-01 05:25:00,2025-06-01 13:35:00
AK237_2025-07-06_BKI_HKG,1,7,B3,D,1,2025-06-03,2025-06-03 13:04:00,1:04 PM,2025-06-03 05:04:00,null,null,null,null,2025-06-03,2025-06-03 12:40:00,12:40 PM,2025-06-03 04:40:00,2025-06-03,2025-06-03 09:50:00,9:50 AM,2025-06-03 01:50:00,null,null,null,null,2025-06-03,2025-06-03 09:50:00,9:50 AM,2025-06-03 01:50:00,False,HKG,AK,2025-06-03,BKI,"""AK 237  """,Landed,null,null,null,null,null,null,null,null,2025-06-03 05:11:10,BKI,2025-06-03T01:17:00,2025-06-03T00:26:00,AK,MYY,2025-06-03T01:21:00,null,"""6072 ""","""  """,2025-06-03T01:25:00,2025-06-03T00:35:00,null,9M-AGK,2025-06-03 04:40:00,2025-06-03 01:50:00
AK6243_2025-10-24_LGK_PEN,""" """,F,4,1-9,""" """,2025-06-02,2025-06-02 15:46:00,3:46 PM,2025-06-02 07:46:00,null,null,null,null,2025-06-02,2025-06-02 15:35:00,3:35 PM,2025-06-02 07:35:00,2025-06-02,2025-06-02 14:56:00,2:56 PM,2025-06-02 06:56:00,null,null,null,null,2025-06-02,2025-06-02 15:00:00,3:00 PM,2025-06-02 07:00:00,False,PEN,AK,2025-06-02,LGK,"""AK 6243 """,Landed,null,null,null,null,null,null,null,null,2025-06-02 07:51:14,LGK,2025-06-02T06:19:00,2025-06-02T05:45:00,AK,PEN,2025-06-02T06:21:00,null,"""6242 ""","""  """,2025-06-02T06:35:00,2025-06-02T06:00:00,null,9M-AQI,2025-06-02 07:35:00,2025-06-02 07:00:00
AK6358_2024-11-17,,,5,,,2025-06-02,2025-06-02 23:07:00,11:07 PM,2025-06-02 15:07:00,null,null,null,null,2025-06-02,2025-06-02 22:30:00,10:30 PM,2025-06-02 14:30:00,2025-06-02,2025-06-02 21:36:00,9:36 PM,2025-06-02 13:36:00,null,null,null,null,2025-06-02,2025-06-02 21:00:00,9:00 PM,2025-06-02 13:00:00,False,BKI,AK,2025-06-02,KCH,"""AK 6358 """,Landed,null,null,null,null,null,null,null,null,2025-06-02 15:21:14,KCH,2025-06-02T13:05:00,2025-06-02T10:47:00,AK,KUL,2025-06-02T13:02:00,null,"""5220 ""","""  """,2025-06-02T12:35:00,2025-06-02T10:45:00,null,9M-AGT,2025-06-02 02:30:00,2025-06-02 13:00:00
AK6990_2025-04-16_KUL_KBR,""" """,,K10,"""S,T""",2,2025-06-01,2025-06-01 13:44:00,1:44 PM,2025-06-01 05:44:00,null,null,null,null,2025-06-01,2025-06-01 13:35:00,1:35 PM,2025-06-01 05:35:00,2025-06-01,2025-06-01 12:33:00,12:33 PM,2025-06-01 04:33:00,null,null,null,null,2025-06-01,2025-06-01 12:30:00,12:30 PM,2025-06-01 04:30:00,False,KBR,AK,2025-06-01,KUL,"""AK 6990 """,Landed,null,null,null,null,null,null,null,null,2025-06-01 06:11:30,KUL,2025-06-01T03:31:00,2025-06-01T01:28:00,AK,CGK,2025-06-01T03:41:00,null,"""381  ""","""  """,2025-06-01T03:45:00,2025-06-01T01:35:00,null,9M-AQH,2025-06-01 05:35:00,2025-06-01 04:30:00
AK1720_2026-03-31_SIN_PEN,""" """,C,G6,"""4,5""",4,2025-06-05,2025-06-05 12:29:00,12:29 PM,2025-06-05 04:29:00,null,null,null,null,2025-06-05,2025-06-05 12:40:00,12:40 PM,2025-06-05 04:40:00,2025-06-05,2025-06-05 11:20:00,11:20 AM,2025-06-05 03:20:00,null,null,null,null,2025-06-05,2025-06-05 11:25:00,11:25 AM,2025-06-05 03:25:00,False,PEN,AK,2025-06-05,SIN,"""AK 1720 """,Landed,null,null,null,null,null,null,null,null,2025-06-05 04:41:17,SIN,2025-06-05T02:40:00,2025-06-05T01:21:00,AK,PEN,2025-06-05T02:46:00,null,"""1721 ""","""  """,2025-06-05T02:55:00,2025-06-05T01:35:00,null,9M-AHE,2025-06-05 04:40:00,2025-06-05 03:25:00
AK7013_2025-10-17_MFM_TWU,""" """,B,6,D12-D14,""" """,2025-06-01,2025-06-01 19:22:00,7:22 PM,2025-06-01 11:22:00,null,null,null,null,2025-06-01,2025-06-01 19:50:00,7:50 PM,2025-06-01 11:50:00,2025-06-01,2025-06-01 16:17:00,4:17 PM,2025-06-01 08:17:00,null,null,null,null,2025-06-01,2025-06-01 16:20:00,4:20 PM,2025-06-01 08:20:00,False,TWU,AK,2025-06-01,MFM,"""AK 7013 """,Landed,null,null,null,null,null,null,null,null,2025-06-01 11:31:10,MFM,2025-06-01T07:38:00,2025-06-01T04:28:00,AK,TWU,2025-06-01T07:52:00,null,"""7012 ""","""  """,2025-06-01T07:45:00,2025-06-01T04:25:00,null,9M-AGO,2025-06-01 11:50:00,2025-06-01 08:20:00
AK5197_2024-11-09,,3,,1-5,,2025-06-03,2025-06-03 01:39:00,1:39 AM,2025-06-02 17:39:00,null,null,null,null,2025-06-03,2025-06-03 00:25:00,12:25 AM,2025-06-02 16:25:00,2025-06-02,2025-06-02 22:48:00,10:48 PM,2025-06-02 14:48:00,null,null,null,null,2025-06-02,2025-06-02 21:40:00,9:40 PM,2025-06-02 13:40:00,False,KUL,AK,2025-06-02,SDK,"""AK 5197 """,Landed,null,null,null,null,null,null,null,null,2025-06-02 17:51:16,SDK,2025-06-02T14:23:00,2025-06-02T11:30:00,AK,KUL,2025-06-02T14:24:00,2025-06-02T11:20:00,"""5196 ""","""  """,2025-06-02T13:15:00,2025-06-02T10:25:00,null,9M-AHV,2025-06-02 04:25:00,2025-06-02 13:40:00
AK9517_2026-01-04_HAN_KUL,2,5,39,H9-H12,2,2025-06-01,2025-06-01 13:08:00,1:08 PM,2025-06-01 05:08:00,null,null,null,null,2025-06-01,2025-06-01 13:15:00,1:15 PM,2025-06-01 05:15:00,2025-06-01,2025-06-01 08:50:00,8:50 AM,2025-06-01 01:50:00,null,null,null,null,2025-06-01,2025-06-01 09:05:00,9:05 AM,2025-06-01 02:05:00,False,KUL,AK,2025-06-01,HAN,"""AK 9517 """,Landed,null,null,null,null,null,null,null,null,2025-06-01 05:11:10,HAN,2025-06-01T01:01:00,2025-05-31T21:56:00,AK,KUL,2025-06-01T01:13:00,null,"""9516 ""","""  """,2025-06-01T01:20:00,2025-05-31T22:05:00,null,9M-AJG,2025-06-01 05:15:00,2025-06-01 02:05:00
AK6422_2025-04-01_JHB_PEN,""" """,,,,""" """,2025-06-01,2025-06-01 22:15:00,10:15 PM,2025-06-01 14:15:00,null,null,null,null,2025-06-01,2025-06-01 22:05:00,10:05 PM,2025-06-01 14:05:00,2025-06-01,2025-06-01 20:31:00,8:31 PM,2025-06-01 12:31:00,null,null,null,null,2025-06-01,2025-06-01 20:10:00,8:10 PM,2025-06-01 12:10:00,False,LGK,AK,2025-06-01,JHB,"""AK 6422 """,Diverted,null,null,null,null,null,null,null,null,2025-06-01 14:31:12,JHB,2025-06-01T11:57:00,2025-06-01T10:32:00,AK,KCH,2025-06-01T12:02:00,2025-06-01T10:32:00,"""5411 ""","""  """,2025-06-01T11:45:00,2025-06-01T10:25:00,null,9M-DAF,2025-06-01 02:05:00,2025-06-01 12:10:00
AK5412_2025-08-11_JHB_KCH,""" """,C,G3,17-24,""" """,2025-06-01,2025-06-01 19:33:00,7:33 PM,2025-06-01 11:33:00,null,null,null,null,2025-06-01,2025-06-01 18:50:00,6:50 PM,2025-06-01 10:50:00,2025-06-01,2025-06-01 18:13:00,6:13 PM,2025-06-01 10:13:00,null,null,null,null,2025-06-01,2025-06-01 17:25:00,5:25 PM,2025-06-01 09:25:00,False,KCH,AK,2025-06-01,JHB,"""AK 5412 """,landed,null,null,null,null,null,null,null,null,2025-06-01 14:51:09,JHB,2025-06-01T09:43:00,2025-06-01T08:48:00,AK,IPH,2025-06-01T09:47:00,null,"""6085 ""","""  """,2025-06-01T09:50:00,2025-06-01T08:55:00,null,9M-DAG,2025-06-01 10:50:00,2025-06-01 09:25:00
AK6321_2026-02-18_LGK_KUL,2,1,3,1-9,""" """,2025-06-04,2025-06-04 13:48:00,1:48 PM,2025-06-04 05:48:00,null,null,null,null,2025-06-04,2025-06-04 13:55:00,1:55 PM,2025-06-04 05:55:00,2025-06-04,2025-06-04 12:35:00,12:35 PM,2025-06-04 04:35:00,null,null,null,null,2025-06-04,2025-06-04 12:45:00,12:45 PM,2025-06-04 04:45:00,False,KUL,AK,2025-06-04,LGK,"""AK 6321 """,Landed,null,null,null,null,null,null,null,null,2025-06-04 06:01:10,LGK,2025-06-04T04:03:00,2025-06-04T03:00:00,AK,KUL,2025-06-04T04:05:00,null,"""6320 ""","""  """,2025-06-04T04:20:00,2025-06-04T03:15:00,null,9M-AQM,2025-06-04 05:55:00,2025-06-04 04:45:00
AK6310_2024-11-30,,2,J16,"""S,T""",,2025-06-01,2025-06-01 19:18:00,7:18 PM,2025-06-01 11:18:00,null,null,null,null,2025-06-01,2025-06-01 17:20:00,5:20 PM,2025-06-01 09:20:00,2025-06-01,2025-06-01 18:14:00,6:14 PM,2025-06-01 10:14:00,null,null,null,null,2025-06-01,2025-06-01 16:15:00,4:15 PM,2025-06-01 08:15:00,False,LGK,AK,2025-06-01,KUL,"""AK 6310 """,Landed,null,null,null,null,null,null,null,null,2025-06-01 11:51:13,KUL,2025-06-01T09:21:00,2025-06-01T06:50:00,AK,BKI,2025-06-01T09:40:00,2025-06-01T06:40:00,"""5111 ""","""  """,2025-06-01T07:35:00,2025-06-01T05:05:00,null,9M-AGS,2025-06-01 09:20:00,2025-06-01 08:15:00
AK6131_2025-09-03_PEN_KUL,2,3,B7,24-36,""" """,2025-06-02,2025-06-02 17:24:00,5:24 PM,2025-06-02 09:24:00,null,null,null,null,2025-06-02,2025-06-02 17:45:00,5:45 PM,2025-06-02 09:45:00,2025-06-02,2025-06-02 16:28:00,4:28 PM,2025-06-02 08:28:00,null,null,null,null,2025-06-02,2025-06-02 16:40:00,4:40 PM,2025-06-02 08:40:00,False,KUL,AK,2025-06-02,PEN,"""AK 6131 """,Landed,null,null,null,null,null,null,null,null,2025-06-02 09:31:22,PEN,2025-06-02T07:53:00,2025-06-02T07:20:00,AK,LGK,2025-06-02T07:53:00,2025-06-02T07:30:00,"""6243 ""","""  """,2025-06-02T07:35:00,2025-06-02T07:00:00,null,9M-AQN,2025-06-02 09:45:00,2025-06-02 08:40:00
AK5131_2026-01-22_BKI_KUL,2,,A10,D01-D16,1,2025-06-03,2025-06-03 02:34:00,2:34 AM,2025-06-02 18:34:00,null,null,null,null,2025-06-03,2025-06-03 01:20:00,1:20 AM,2025-06-02 17:20:00,2025-06-03,2025-06-03 00:06:00,12:06 AM,2025-06-02 16:06:00,null,null,null,null,2025-06-02,2025-06-02 22:50:00,10:50 PM,2025-06-02 14:50:00,False,KUL,AK,2025-06-02,BKI,"""AK 5131 """,Landed,null,null,null,null,null,null,null,null,2025-06-02 18:51:10,BKI,2025-06-02T12:01:00,2025-06-02T09:15:00,AK,PEN,2025-06-02T12:09:00,2025-06-02T08:15:00,"""5322 ""","""  """,2025-06-02T10:20:00,2025-06-02T07:30:00,null,9M-AGB,2025-06-02 05:20:00,2025-06-02 14:50:00
AK1690_2025-08-08_PEN_SZX,3,17,A1A,24-36,""" """,null,null,null,null,2025-06-03,2025-06-03 04:06:00,4:06 AM,2025-06-02 20:06:00,2025-06-03,2025-06-03 02:20:00,2:20 AM,2025-06-02 18:20:00,2025-06-02,2025-06-02 23:58:00,11:58 PM,2025-06-02 15:58:00,null,null,null,null,2025-06-02,2025-06-02 22:30:00,10:30 PM,2025-06-02 14:30:00,False,SZX,AK,2025-06-02,PEN,"""AK 1690 """,Departed,null,null,null,null,null,null,null,null,2025-06-02 19:11:11,PEN,2025-06-02T15:15:00,2025-06-02T13:55:00,AK,SIN,2025-06-02T15:19:00,2025-06-02T13:47:00,"""1730 ""","""  """,2025-06-02T15:05:00,2025-06-02T13:40:00,null,9M-AGU,2025-06-02 06:20:00,2025-06-02 14:30:00
AK442_2025-11-20_KUL_BDJ,""" """,,P7,"""U,V,W,X,Y""",2,2025-06-02,2025-06-02 09:50:00,9:50 AM,2025-06-02 01:50:00,null,null,null,null,2025-06-02,2025-06-02 09:55:00,9:55 AM,2025-06-02 01:55:00,2025-06-02,2025-06-02 07:12:00,7:12 AM,2025-06-01 23:12:00,null,null,null,null,2025-06-02,2025-06-02 07:15:00,7:15 AM,2025-06-01 23:15:00,False,BDJ,AK,2025-06-01,KUL,"""AK 442  """,Landed,null,null,null,null,null,null,null,null,2025-06-02 03:11:12,"""   """,null,null,"""  ""","""   """,null,null,"""     ""","""  """,null,null,null,9M-AJK,2025-06-02 01:55:00,2025-06-01 23:15:00
AK6462_2025-01-30_KCH_SBW,""" """,,7,,""" """,2025-06-02,2025-06-02 07:24:00,7:24 AM,2025-06-01 23:24:00,null,null,null,null,2025-06-02,2025-06-02 07:35:00,7:35 AM,2025-06-01 23:35:00,2025-06-02,2025-06-02 06:49:00,6:49 AM,2025-06-01 22:49:00,null,null,null,null,2025-06-02,2025-06-02 07:00:00,7:00 AM,2025-06-01 23:00:00,False,SBW,AK,2025-06-01,KCH,"""AK 6462 """,Landed,null,null,null,null,null,null,null,null,2025-06-01 23:31:15,"""   """,null,null,"""  ""","""   """,null,null,"""     ""","""  """,null,null,null,9M-AJS,2025-06-01 11:35:00,2025-06-01 23:00:00
AK5196_2026-03-15_KUL_SDK,""" """,,J13,"""S,T""",2,2025-06-01,2025-06-01 22:21:00,10:21 PM,2025-06-01 14:21:00,null,null,null,null,2025-06-01,2025-06-01 21:00:00,9:00 PM,2025-06-01 13:00:00,2025-06-01,2025-06-01 19:32:00,7:32 PM,2025-06-01 11:32:00,null,null,null,null,2025-06-01,2025-06-01 18:15:00,6:15 PM,2025-06-01 10:15:00,False,SDK,AK,2025-06-01,KUL,"""AK 5196 """,Landed,null,null,null,null,null,null,null,null,2025-06-01 14:31:12,KUL,2025-06-01T10:52:00,2025-06-01T09:39:00,AK,JHB,2025-06-01T10:40:00,2025-06-01T09:26:00,"""6035 ""","""  """,2025-06-01T09:25:00,2025-06-01T08:25:00,null,9M-AGK,2025-06-01 01:00:00,2025-06-01 10:15:00
AK1782_2026-03-17_PNK_KCH,""" """,D,8,,""" """,2025-06-02,2025-06-02 10:57:00,10:57 AM,2025-06-02 02:57:00,null,null,null,null,2025-06-02,2025-06-02 11:05:00,11:05 AM,2025-06-02 03:05:00,2025-06-02,2025-06-02 09:18:00,9:18 AM,2025-06-02 02:18:00,null,null,null,null,2025-06-02,2025-06-02 09:15:00,9:15 AM,2025-06-02 02:15:00,False,KCH,AK,2025-06-02,PNK,"""AK 1782 """,Landed,null,null,null,null,null,null,null,null,2025-06-02 03:01:18,PNK,2025-06-02T01:41:00,2025-06-02T00:53:00,AK,KCH,2025-06-02T01:44:00,null,"""1781 ""","""  """,2025-06-02T01:50:00,2025-06-02T01:05:00,null,9M-AQQ,2025-06-02 03:05:00,2025-06-02 02:15:00
AK5037_2025-05-08_JHB_SBW,""" """,,,17-24,""" """,2025-06-01,2025-06-01 20:53:00,8:53 PM,2025-06-01 12:53:00,null,null,null,null,2025-06-01,2025-06-01 21:05:00,9:05 PM,2025-06-01 13:05:00,2025-06-01,2025-06-01 19:19:00,7:19 PM,2025-06-01 11:19:00,null,null,null,null,2025-06-01,2025-06-01 19:30:00,7:30 PM,2025-06-01 11:30:00,False,SBW,AK,2025-06-01,JHB,"""AK 5037 """,Landed,null,null,null,null,null,null,null,null,2025-06-01 13:21:27,JHB,2025-06-01T10:39:00,2025-06-01T08:52:00,AK,MYY,2025-06-01T10:44:00,null,"""5013 ""","""  """,2025-06-01T11:05:00,2025-06-01T09:10:00,null,9M-AQB,2025-06-01 01:05:00,2025-06-01 11:30:00
AK2139_2024-11-11,,,330,G08-G10,,2025-06-02,2025-06-02 03:29:00,3:29 AM,2025-06-01 19:29:00,null,null,null,null,2025-06-02,2025-06-02 03:50:00,3:50 AM,2025-06-01 19:50:00,2025-06-01,2025-06-01 23:30:00,11:30 PM,2025-06-01 15:30:00,null,null,null,null,2025-06-01,2025-06-01 23:45:00,11:45 PM,2025-06-01 15:45:00,False,BKI,AK,2025-06-01,WUH,"""AK 2139 """,Landed,null,null,null,null,null,null,null,null,2025-06-01 19:51:13,WUH,2025-06-01T14:47:00,2025-06-01T10:28:00,AK,BKI,2025-06-01T14:56:00,null,"""2138 ""","""  """,2025-06-01T14:45:00,2025-06-01T10:40:00,null,9M-RAE,2025-06-01 07:50:00,2025-06-01 15:45:00
AK6048_2025-09-26_KUL_JHB,""" """,,J22,"""S,T""",2,2025-06-03,2025-06-03 07:43:00,7:43 AM,2025-06-02 23:43:00,null,null,null,null,2025-06-03,2025-06-03 07:55:00,7:55 AM,2025-06-02 23:55:00,2025-06-03,2025-06-03 06:57:00,6:57 AM,2025-06-02 22:57:00,null,null,null,null,2025-06-03,2025-06-03 07:00:00,7:00 AM,2025-06-02 23:00:00,False,JHB,AK,2025-06-02,KUL,"""AK 6048 """,Landed,null,null,null,null,null,null,null,null,2025-06-02 23:57:52,"""   """,null,null,"""  ""","""   """,null,null,"""     ""","""  """,null,null,null,9M-AHL,2025-06-02 11:55:00,2025-06-02 23:00:00
AK6035_2025-05-20_JHB_KUL,2,3,,17-24,""" """,2025-06-01,2025-06-01 14:28:00,2:28 PM,2025-06-01 06:28:00,null,null,null,null,2025-06-01,2025-06-01 14:40:00,2:40 PM,2025-06-01 06:40:00,2025-06-01,2025-06-01 13:38:00,1:38 PM,2025-06-01 05:38:00,null,null,null,null,2025-06-01,2025-06-01 13:50:00,1:50 PM,2025-06-01 05:50:00,False,KUL,AK,2025-06-01,JHB,"""AK 6035 """,Landed,null,null,null,null,null,null,null,null,2025-06-01 06:51:10,"""   """,null,null,"""  ""","""   """,null,null,"""     ""","""  """,null,null,null,9M-AJA,2025-06-01 06:40:00,2025-06-01 05:50:00
AK5747_2025-01-12_TWU_KUL,2,1,4,6-9,""" """,2025-06-01,2025-06-01 15:03:00,3:03 PM,2025-06-01 07:03:00,null,null,null,null,2025-06-01,2025-06-01 15:10:00,3:10 PM,2025-06-01 07:10:00,2025-06-01,2025-06-01 12:25:00,12:25 PM,2025-06-01 04:25:00,null,null,null,null,2025-06-01,2025-06-01 12:30:00,12:30 PM,2025-06-01 04:30:00,False,KUL,AK,2025-06-01,TWU,"""AK 5747 """,Landed,null,null,null,null,null,null,null,null,2025-06-01 08:11:18,TWU,2025-06-01T03:52:00,2025-06-01T00:57:00,AK,KUL,2025-06-01T03:51:00,null,"""5746 ""","""  """,2025-06-01T04:05:00,2025-06-01T01:10:00,null,9M-RAU,2025-06-01 07:10:00,2025-06-01 04:30:00
AK5013_2025-05-18_MYY_JHB,""" """,,,12-15,""" """,2025-06-01,2025-06-01 11:06:00,11:06 AM,2025-06-01 03:06:00,null,null,null,null,2025-06-01,2025-06-01 11:30:00,11:30 AM,2025-06-01 03:30:00,2025-06-01,2025-06-01 09:13:00,9:13 AM,2025-06-01 01:13:00,null,null,null,null,2025-06-01,2025-06-01 09:35:00,9:35 AM,2025-06-01 01:35:00,False,JHB,AK,2025-06-01,MYY,"""AK 5013 """,Landed,null,null,null,null,null,null,null,null,2025-06-01 04:01:11,MYY,2025-06-01T00:45:00,2025-05-31T22:53:00,AK,JHB,null,null,"""5012 ""","""Z """,2025-06-01T01:10:00,2025-05-31T23:10:00,null,9M-AQP,2025-06-01 03:30:00,2025-06-01 01:35:00
AK6130_2025-10-04_KUL_PEN,""" """,F,J4,"""S,T""",2,2025-06-02,2025-06-02 19:11:00,7:11 PM,2025-06-02 11:11:00,null,null,null,null,2025-06-02,2025-06-02 19:15:00,7:15 PM,2025-06-02 11:15:00,2025-06-02,2025-06-02 18:13:00,6:13 PM,2025-06-02 10:13:00,null,null,null,null,2025-06-02,2025-06-02 18:15:00,6:15 PM,2025-06-02 10:15:00,False,PEN,AK,2025-06-02,KUL,"""AK 6130 """,Landed,null,null,null,null,null,null,null,null,2025-06-02 11:21:12,KUL,2025-06-02T09:45:00,2025-06-02T08:46:00,AK,PEN,2025-06-02T09:52:00,null,"""6131 ""","""  """,2025-06-02T09:45:00,2025-06-02T08:40:00,null,9M-DAG,2025-06-02 11:15:00,2025-06-02 10:15:00
AK6314_2025-05-11_KUL_LGK,""" """,2,K18,"""S,T""",2,2025-06-01,2025-06-01 18:33:00,6:33 PM,2025-06-01 10:33:00,null,null,null,null,2025-06-01,2025-06-01 18:40:00,6:40 PM,2025-06-01 10:40:00,2025-06-01,2025-06-01 17:28:00,5:28 PM,2025-06-01 09:28:00,null,null,null,null,2025-06-01,2025-06-01 17:35:00,5:35 PM,2025-06-01 09:35:00,False,LGK,AK,2025-06-01,KUL,"""AK 6314 """,Landed,null,null,null,null,null,null,null,null,2025-06-01 10:41:11,KUL,2025-06-01T07:58:00,2025-06-01T06:24:00,AK,HKT,2025-06-01T07:59:00,null,"""825  ""","""  """,2025-06-01T08:10:00,2025-06-01T06:35:00,null,9M-AGA,2025-06-01 10:40:00,2025-06-01 09:35:00
AK833_2026-04-04_HKT_KUL,2,6,84,D2-D5,""" """,2025-06-02,2025-06-02 13:44:00,1:44 PM,2025-06-02 05:44:00,null,null,null,null,2025-06-02,2025-06-02 13:45:00,1:45 PM,2025-06-02 05:45:00,2025-06-02,2025-06-02 11:11:00,11:11 AM,2025-06-02 04:11:00,null,null,null,null,2025-06-02,2025-06-02 11:10:00,11:10 AM,2025-06-02 04:10:00,False,KUL,AK,2025-06-02,HKT,"""AK 833  """,Landed,null,null,null,null,null,null,null,null,2025-06-02 05:51:14,HKT,2025-06-02T03:26:00,2025-06-02T02:03:00,AK,KUL,2025-06-02T03:29:00,null,"""832  ""","""  """,2025-06-02T03:40:00,2025-06-02T02:10:00,null,9M-AGS,2025-06-02 05:45:00,2025-06-02 04:10:00
AK5115_2025-09-21_BKI_KUL,2,,,,1,2025-06-03,2025-06-03 00:44:00,12:44 AM,2025-06-02 16:44:00,null,null,null,null,2025-06-02,2025-06-02 22:55:00,10:55 PM,2025-06-02 14:55:00,2025-06-02,2025-06-02 22:05:00,10:05 PM,2025-06-02 14:05:00,null,null,null,null,2025-06-02,2025-06-02 20:20:00,8:20 PM,2025-06-02 12:20:00,False,KUL,AK,2025-06-02,BKI,"""AK 5115 """,Landed,null,null,null,null,null,null,null,null,2025-06-02 16:51:10,BKI,2025-06-02T13:30:00,2025-06-02T11:00:00,AK,KUL,2025-06-02T13:37:00,2025-06-02T10:50:00,"""5114 ""","""  """,2025-06-02T11:55:00,2025-06-02T09:20:00,null,9M-AQQ,2025-06-02 02:55:00,2025-06-02 12:20:00
AK6260_2025-06-02_BKI_TWU,""" """,B,,D01-D16,1,2025-06-02,2025-06-02 09:56:00,9:56 AM,2025-06-02 01:56:00,null,null,null,null,2025-06-02,2025-06-02 09:55:00,9:55 AM,2025-06-02 01:55:00,2025-06-02,2025-06-02 08:56:00,8:56 AM,2025-06-02 00:56:00,null,null,null,null,2025-06-02,2025-06-02 09:05:00,9:05 AM,2025-06-02 01:05:00,False,TWU,AK,2025-06-02,BKI,"""AK 6260 """,Landed,null,null,null,null,null,null,null,null,2025-06-02 02:11:15,BKI,2025-06-02T00:25:00,2025-06-01T23:36:00,AK,TWU,2025-06-02T00:30:00,null,"""6269 ""","""  """,2025-06-02T00:40:00,2025-06-01T23:50:00,null,9M-AGZ,2025-06-02 01:55:00,2025-06-02 01:05:00
AK6145_2025-05-04_PEN_KUL,2,1,A1A,24-36,""" """,2025-06-03,2025-06-03 07:10:00,7:10 AM,2025-06-02 23:10:00,null,null,null,null,2025-06-03,2025-06-03 07:30:00,7:30 AM,2025-06-02 23:30:00,2025-06-03,2025-06-03 06:10:00,6:10 AM,2025-06-02 22:10:00,null,null,null,null,2025-06-03,2025-06-03 06:25:00,6:25 AM,2025-06-02 22:25:00,False,KUL,AK,2025-06-02,PEN,"""AK 6145 """,Landed,null,null,null,null,null,null,null,null,2025-06-02 23:21:11,"""   """,null,null,"""  ""","""   """,null,null,"""     ""","""  """,null,null,null,9M-AQF,2025-06-02 11:30:00,2025-06-02 22:25:00
AK1720_2026-02-07_SIN_PEN,""" """,C,G9,"""4,5""",4,2025-06-03,2025-06-03 15:44:00,3:44 PM,2025-06-03 07:44:00,null,null,null,null,2025-06-03,2025-06-03 14:25:00,2:25 PM,2025-06-03 06:25:00,2025-06-03,2025-06-03 14:16:00,2:16 PM,2025-06-03 06:16:00,null,null,null,null,2025-06-03,2025-06-03 13:10:00,1:10 PM,2025-06-03 05:10:00,False,PEN,AK,2025-06-03,SIN,"""AK 1720 """,Landed,null,null,null,null,null,null,null,null,2025-06-03 07:51:15,SIN,2025-06-03T05:45:00,2025-06-03T03:56:00,AK,PEN,2025-06-03T05:28:00,2025-06-03T04:05:00,"""1721 ""","""  """,2025-06-03T04:30:00,2025-06-03T03:05:00,null,9M-AQF,2025-06-03 06:25:00,2025-06-03 05:10:00
AK377_2025-06-01_DPS_KUL,2,6,3,E,""" """,2025-06-02,2025-06-02 18:44:00,6:44 PM,2025-06-02 10:44:00,null,null,null,null,2025-06-02,2025-06-02 17:55:00,5:55 PM,2025-06-02 09:55:00,2025-06-02,2025-06-02 15:08:00,3:08 PM,2025-06-02 07:08:00,null,null,null,null,2025-06-02,2025-06-02 14:45:00,2:45 PM,2025-06-02 06:45:00,False,KUL,AK,2025-06-02,DPS,"""AK 377  """,Landed,null,null,null,null,null,null,null,null,2025-06-02 10:51:18,DPS,2025-06-02T06:24:00,2025-06-02T03:07:00,AK,KUL,2025-06-02T06:06:00,null,"""376  ""","""  """,2025-06-02T06:10:00,2025-06-02T03:05:00,null,9M-VAG,2025-06-02 09:55:00,2025-06-02 06:45:00
AK6082_2024-11-27,,,G2,17-24,,2025-06-01,2025-06-01 09:02:00,9:02 AM,2025-06-01 01:02:00,null,null,null,null,2025-06-01,2025-06-01 09:20:00,9:20 AM,2025-06-01 01:20:00,2025-06-01,2025-06-01 08:06:00,8:06 AM,2025-06-01 00:06:00,null,null,null,null,2025-06-01,2025-06-01 08:20:00,8:20 AM,2025-06-01 00:20:00,False,IPH,AK,2025-06-01,JHB,"""AK 6082 """,Landed,null,null,null,null,null,null,null,null,2025-06-01 01:41:14,JHB,2025-05-31T23:07:00,2025-05-31T19:03:00,AK,CAN,2025-05-31T23:05:00,null,"""1395 ""","""  """,2025-05-31T23:00:00,2025-05-31T19:05:00,null,9M-AGP,2025-06-01 01:20:00,2025-06-01 00:20:00
AK1517_2025-10-21_PVG_BKI,1,,,,2,2025-06-02,2025-06-02 07:46:00,7:46 AM,2025-06-01 23:46:00,null,null,null,null,2025-06-02,2025-06-02 08:01:00,8:01 AM,2025-06-02 00:01:00,2025-06-02,2025-06-02 03:10:00,3:10 AM,2025-06-01 19:10:00,null,null,null,null,2025-06-02,2025-06-02 03:20:00,3:20 AM,2025-06-01 19:20:00,False,BKI,AK,2025-06-01,PVG,"""AK 1517 """,Landed,null,null,null,null,null,null,null,null,2025-06-02 00:11:11,"""   """,null,null,"""  ""","""   """,null,null,"""     ""","""  """,null,null,null,9M-RAO,2025-06-02 12:01:00,2025-06-01 19:20:00
AK6413_2026-03-07_PEN_JHB,""" """,,A1,24-36,""" """,2025-06-03,2025-06-03 07:32:00,7:32 AM,2025-06-02 23:32:00,null,null,null,null,2025-06-03,2025-06-03 07:55:00,7:55 AM,2025-06-02 23:55:00,2025-06-03,2025-06-03 06:29:00,6:29 AM,2025-06-02 22:29:00,null,null,null,null,2025-06-03,2025-06-03 06:45:00,6:45 AM,2025-06-02 22:45:00,False,JHB,AK,2025-06-02,PEN,"""AK 6413 """,Landed,null,null,null,null,null,null,null,null,2025-06-03 01:51:10,"""   """,null,null,"""  ""","""   """,null,null,"""     ""","""  """,null,null,null,9M-AHL,2025-06-02 11:55:00,2025-06-02 22:45:00
AK186_2025-03-21_KUL_MFM,""" """,3,L16,"""U,V,W,X,Y""",2,2025-06-01,2025-06-01 22:08:00,10:08 PM,2025-06-01 14:08:00,null,null,null,null,2025-06-01,2025-06-01 21:15:00,9:15 PM,2025-06-01 13:15:00,2025-06-01,2025-06-01 17:55:00,5:55 PM,2025-06-01 09:55:00,null,null,null,null,2025-06-01,2025-06-01 17:25:00,5:25 PM,2025-06-01 09:25:00,False,MFM,AK,2025-06-01,KUL,"""AK 186  """,landed,null,null,null,null,null,null,null,null,2025-06-01 14:51:20,KUL,2025-06-01T09:19:00,2025-06-01T07:05:00,AK,BTU,2025-06-01T09:20:00,2025-06-01T06:50:00,"""5245 ""","""  """,2025-06-01T08:50:00,2025-06-01T06:30:00,null,9M-AQM,2025-06-01 01:15:00,2025-06-01 09:25:00
AK528_2025-10-12_KUL_SGN,2,,L12,"""U,V,W,X,Y""",2,2025-06-01,2025-06-01 12:30:00,12:30 PM,2025-06-01 05:30:00,null,null,null,null,2025-06-01,2025-06-01 12:10:00,12:10 PM,2025-06-01 05:10:00,2025-06-01,2025-06-01 11:22:00,11:22 AM,2025-06-01 03:22:00,null,null,null,null,2025-06-01,2025-06-01 11:10:00,11:10 AM,2025-06-01 03:10:00,False,SGN,AK,2025-06-01,KUL,"""AK 528  """,Landed,null,null,null,null,null,null,null,null,2025-06-01 05:41:10,KUL,2025-06-01T02:38:00,2025-06-01T00:43:00,AK,BTU,2025-06-01T02:48:00,null,"""5247 ""","""  """,2025-06-01T02:40:00,2025-06-01T00:35:00,null,9M-AJZ,2025-06-01 05:10:00,2025-06-01 03:10:00
AK6321_2025-09-03_LGK_KUL,2,2,2,1-9,""" """,2025-06-01,2025-06-01 13:41:00,1:41 PM,2025-06-01 05:41:00,null,null,null,null,2025-06-01,2025-06-01 13:40:00,1:40 PM,2025-06-01 05:40:00,2025-06-01,2025-06-01 12:31:00,12:31 PM,2025-06-01 04:31:00,null,null,null,null,2025-06-01,2025-06-01 12:35:00,12:35 PM,2025-06-01 04:35:00,False,KUL,AK,2025-06-01,LGK,"""AK 6321 """,Landed,null,null,null,null,null,null,null,null,2025-06-01 06:11:10,LGK,2025-06-01T04:09:00,2025-06-01T02:59:00,AK,KUL,2025-06-01T04:10:00,null,"""6320 ""","""  """,2025-06-01T04:10:00,2025-06-01T03:05:00,null,9M-AGQ,2025-06-01 05:40:00,2025-06-01 04:35:00
AK5113_2025-09-12_BKI_KUL,2,,,,1,2025-06-02,2025-06-02 18:38:00,6:38 PM,2025-06-02 10:38:00,null,null,null,null,2025-06-02,2025-06-02 15:30:00,3:30 PM,2025-06-02 07:30:00,2025-06-02,2025-06-02 16:12:00,4:12 PM,2025-06-02 08:12:00,null,null,null,null,2025-06-02,2025-06-02 13:00:00,1:00 PM,2025-06-02 05:00:00,False,KUL,AK,2025-06-02,BKI,"""AK 5113 """,Landed,null,null,null,null,null,null,null,null,2025-06-02 10:51:09,BKI,2025-06-02T07:21:00,2025-06-02T04:38:00,AK,KUL,2025-06-02T07:21:00,2025-06-02T04:30:00,"""5112 ""","""  """,2025-06-02T04:35:00,2025-06-02T02:00:00,null,9M-AJJ,2025-06-02 07:30:00,2025-06-02 05:00:00
AK5173_2026-03-19_LBU_KUL,2,2,1,9-12,""" """,2025-06-02,2025-06-02 17:41:00,5:41 PM,2025-06-02 09:41:00,null,null,null,null,2025-06-02,2025-06-02 17:15:00,5:15 PM,2025-06-02 09:15:00,2025-06-02,2025-06-02 15:09:00,3:09 PM,2025-06-02 07:09:00,null,null,null,null,2025-06-02,2025-06-02 15:00:00,3:00 PM,2025-06-02 07:00:00,False,KUL,AK,2025-06-02,LBU,"""AK 5173 """,Landed,null,null,null,null,null,null,null,null,2025-06-02 10:01:25,LBU,2025-06-02T06:42:00,2025-06-02T04:08:00,AK,KUL,2025-06-02T06:39:00,null,"""5172 ""","""  """,2025-06-02T06:35:00,2025-06-02T04:05:00,null,9M-RAA,2025-06-02 09:15:00,2025-06-02 07:00:00
AK704_2026-02-07_SIN_KUL,2,5,G9,"""4,5""",4,2025-06-02,2025-06-02 10:51:00,10:51 AM,2025-06-02 02:51:00,null,null,null,null,2025-06-02,2025-06-02 11:10:00,11:10 AM,2025-06-02 03:10:00,2025-06-02,2025-06-02 09:59:00,9:59 AM,2025-06-02 01:59:00,null,null,null,null,2025-06-02,2025-06-02 10:05:00,10:05 AM,2025-06-02 02:05:00,False,KUL,AK,2025-06-02,SIN,"""AK 704  """,Landed,null,null,null,null,null,null,null,null,2025-06-02 03:41:19,SIN,2025-06-02T00:56:00,2025-06-01T23:46:00,AK,KUL,2025-06-02T00:57:00,null,"""705  ""","""  """,2025-06-02T01:05:00,2025-06-01T23:55:00,null,9M-VAE,2025-06-02 03:10:00,2025-06-02 02:05:00
AK19_2025-01-05,1,B2,P13,"""U,V,W,X,Y""",2,2025-06-01,2025-06-01 22:28:00,10:28 PM,2025-06-01 16:58:00,null,null,null,null,2025-06-01,2025-06-01 21:20:00,9:20 PM,2025-06-01 15:50:00,2025-06-01,2025-06-01 18:39:00,6:39 PM,2025-06-01 10:39:00,null,null,null,null,2025-06-01,2025-06-01 18:25:00,6:25 PM,2025-06-01 10:25:00,False,JAI,AK,2025-06-01,KUL,"""AK 19   """,Landed,null,null,null,null,null,null,null,null,2025-06-01 17:21:12,KUL,2025-06-01T09:51:00,2025-06-01T09:02:00,AK,PKU,2025-06-01T10:05:00,null,"""428  ""","""  """,2025-06-01T09:50:00,2025-06-01T09:00:00,null,9M-RAJ,2025-06-01 03:50:00,2025-06-01 10:25:00
AK1729_2026-02-20_PEN_SIN,4,,A4,24-36,""" """,2025-06-01,2025-06-01 21:00:00,9:00 PM,2025-06-01 13:00:00,null,null,null,null,2025-06-01,2025-06-01 20:20:00,8:20 PM,2025-06-01 12:20:00,2025-06-01,2025-06-01 19:33:00,7:33 PM,2025-06-01 11:33:00,null,null,null,null,2025-06-01,2025-06-01 18:55:00,6:55 PM,2025-06-01 10:55:00,False,SIN,AK,2025-06-01,PEN,"""AK 1729 """,Landed,null,null,null,null,null,null,null,null,2025-06-01 13:21:09,PEN,2025-06-01T11:03:00,2025-06-01T10:35:00,AK,LGK,2025-06-01T11:08:00,2025-06-01T10:41:00,"""6247 ""","""  """,2025-06-01T10:30:00,2025-06-01T09:55:00,null,9M-AGT,2025-06-01 12:20:00,2025-06-01 10:55:00
AK6243_2025-12-11_LGK_PEN,""" """,E,3,1-9,""" """,2025-06-03,2025-06-03 12:37:00,12:37 PM,2025-06-03 04:37:00,null,null,null,null,2025-06-03,2025-06-03 12:45:00,12:45 PM,2025-06-03 04:45:00,2025-06-03,2025-06-03 11:56:00,11:56 AM,2025-06-03 03:56:00,null,null,null,null,2025-06-03,2025-06-03 12:10:00,12:10 PM,2025-06-03 04:10:00,False,PEN,AK,2025-06-03,LGK,"""AK 6243 """,Landed,null,null,null,null,null,null,null,null,2025-06-03 04:51:20,LGK,2025-06-03T03:34:00,2025-06-03T02:55:00,AK,PEN,2025-06-03T03:36:00,null,"""6242 ""","""  """,2025-06-03T03:45:00,2025-06-03T03:10:00,null,9M-AQI,2025-06-03 04:45:00,2025-06-03 04:10:00
AK53_2026-02-27_KUL_BLR,2,3A,L7,"""U,V,W,X,Y""",2,2025-06-02,2025-06-02 22:53:00,10:53 PM,2025-06-02 17:23:00,null,null,null,null,2025-06-02,2025-06-02 22:45:00,10:45 PM,2025-06-02 17:15:00,2025-06-02,2025-06-02 21:15:00,9:15 PM,2025-06-02 13:15:00,null,null,null,null,2025-06-02,2025-06-02 21:05:00,9:05 PM,2025-06-02 13:05:00,False,BLR,AK,2025-06-02,KUL,"""AK 53   """,Landed,null,null,null,null,null,null,null,null,2025-06-02 17:31:11,KUL,2025-06-02T12:31:00,2025-06-02T10:04:00,AK,DMK,2025-06-02T12:25:00,null,"""887  ""","""  """,2025-06-02T12:15:00,2025-06-02T10:00:00,null,9M-AGS,2025-06-02 05:15:00,2025-06-02 13:05:00
AK832_2025-01-11_KUL_HKT,""" """,3,L14,"""U,V,W,X,Y""",2,2025-06-01,2025-06-01 11:00:00,11:00 AM,2025-06-01 04:00:00,null,null,null,null,2025-06-01,2025-06-01 10:50:00,10:50 AM,2025-06-01 03:50:00,2025-06-01,2025-06-01 10:20:00,10:20 AM,2025-06-01 02:20:00,null,null,null,null,2025-06-01,2025-06-01 10:15:00,10:15 AM,2025-06-01 02:15:00,False,HKT,AK,2025-06-01,KUL,"""AK 832  """,Landed,null,null,null,null,null,null,null,null,2025-06-01 05:31:12,KUL,2025-06-01T01:45:00,2025-06-01T00:40:00,AK,TGG,2025-06-01T01:42:00,null,"""6225 ""","""  """,2025-06-01T01:40:00,2025-06-01T00:40:00,null,9M-AHL,2025-06-01 03:50:00,2025-06-01 02:15:00
AK5508_2026-03-17_KBR_KCH,""" """,C,7,12-15,""" """,2025-06-01,2025-06-01 21:21:00,9:21 PM,2025-06-01 13:21:00,null,null,null,null,2025-06-01,2025-06-01 21:25:00,9:25 PM,2025-06-01 13:25:00,2025-06-01,2025-06-01 19:35:00,7:35 PM,2025-06-01 11:35:00,null,null,null,null,2025-06-01,2025-06-01 19:35:00,7:35 PM,2025-06-01 11:35:00,False,KCH,AK,2025-06-01,KBR,"""AK 5508 """,Landed,null,null,null,null,null,null,null,null,2025-06-01 13:31:09,KBR,2025-06-01T10:58:00,2025-06-01T09:10:00,AK,KCH,2025-06-01T11:00:00,null,"""5507 ""","""  """,2025-06-01T11:10:00,2025-06-01T09:25:00,null,9M-AQZ,2025-06-01 01:25:00,2025-06-01 11:35:00
AK6051_2025-09-04_KUL_JHB,""" """,,J6,"""S,T""",2,2025-06-03,2025-06-03 09:13:00,9:13 AM,2025-06-03 01:13:00,null,null,null,null,2025-06-03,2025-06-03 09:20:00,9:20 AM,2025-06-03 01:20:00,2025-06-03,2025-06-03 08:28:00,8:28 AM,2025-06-03 00:28:00,null,null,null,null,2025-06-03,2025-06-03 08:25:00,8:25 AM,2025-06-03 00:25:00,False,JHB,AK,2025-06-03,KUL,"""AK 6051 """,Landed,null,null,null,null,null,null,null,null,2025-06-03 06:01:10,"""   """,null,null,"""  ""","""   """,null,null,"""     ""","""  """,null,null,null,9M-AGP,2025-06-03 01:20:00,2025-06-03 00:25:00
AK1727_2026-01-11_PEN_SIN,4,1,A4,24-36,""" """,2025-06-01,2025-06-01 22:16:00,10:16 PM,2025-06-01 14:16:00,null,null,null,null,2025-06-01,2025-06-01 22:25:00,10:25 PM,2025-06-01 14:25:00,2025-06-01,2025-06-01 20:42:00,8:42 PM,2025-06-01 12:42:00,null,null,null,null,2025-06-01,2025-06-01 21:00:00,9:00 PM,2025-06-01 13:00:00,False,SIN,AK,2025-06-01,PEN,"""AK 1727 """,Landed,null,null,null,null,null,null,null,null,2025-06-01 15:01:21,PEN,2025-06-01T11:01:00,2025-06-01T09:50:00,AK,KUL,2025-06-01T10:57:00,null,"""6130 ""","""  """,2025-06-01T10:55:00,2025-06-01T09:55:00,null,9M-AQD,2025-06-01 02:25:00,2025-06-01 13:00:00
AK1534_2026-04-16_BKI_CAN,3,71,B6,D,1,null,null,null,null,2025-06-02,2025-06-02 23:07:00,11:07 PM,2025-06-02 15:07:00,2025-06-02,2025-06-02 23:20:00,11:20 PM,2025-06-02 15:20:00,2025-06-02,2025-06-02 19:55:00,7:55 PM,2025-06-02 11:55:00,null,null,null,null,2025-06-02,2025-06-02 20:05:00,8:05 PM,2025-06-02 12:05:00,False,CAN,AK,2025-06-02,BKI,"""AK 1534 """,Departed On Time,null,null,null,null,null,null,null,null,2025-06-02 12:51:09,BKI,2025-06-02T08:47:00,2025-06-02T05:32:00,AK,SZX,2025-06-02T08:45:00,null,"""1521 ""","""  """,2025-06-02T08:50:00,2025-06-02T05:40:00,null,9M-RAT,2025-06-02 03:20:00,2025-06-02 12:05:00
AK6469_2025-10-19_SBW_KCH,""" """,A,,1-7,""" """,2025-06-01,2025-06-01 20:35:00,8:35 PM,2025-06-01 12:35:00,null,null,null,null,2025-06-01,2025-06-01 17:25:00,5:25 PM,2025-06-01 09:25:00,2025-06-01,2025-06-01 19:58:00,7:58 PM,2025-06-01 11:58:00,null,null,null,null,2025-06-01,2025-06-01 16:50:00,4:50 PM,2025-06-01 08:50:00,False,KCH,AK,2025-06-01,SBW,"""AK 6469 """,Landed,null,null,null,null,null,null,null,null,2025-06-01 12:51:11,SBW,2025-06-01T11:27:00,2025-06-01T10:51:00,AK,KCH,2025-06-01T11:30:00,2025-06-01T10:40:00,"""6468 ""","""  """,2025-06-01T08:25:00,2025-06-01T07:45:00,null,9M-AFE,2025-06-01 09:25:00,2025-06-01 08:50:00
AK6271_2025-10-04_TWU_BKI,1,F,4,6-9,""" """,2025-06-01,2025-06-01 17:20:00,5:20 PM,2025-06-01 09:20:00,null,null,null,null,2025-06-01,2025-06-01 17:10:00,5:10 PM,2025-06-01 09:10:00,2025-06-01,2025-06-01 16:31:00,4:31 PM,2025-06-01 08:31:00,null,null,null,null,2025-06-01,2025-06-01 16:15:00,4:15 PM,2025-06-01 08:15:00,False,BKI,AK,2025-06-01,TWU,"""AK 6271 """,Landed,null,null,null,null,null,null,null,null,2025-06-01 10:31:16,TWU,2025-06-01T08:09:00,2025-06-01T07:17:00,AK,BKI,2025-06-01T08:14:00,null,"""6270 ""","""  """,2025-06-01T07:50:00,2025-06-01T07:00:00,null,9M-RAD,2025-06-01 09:10:00,2025-06-01 08:15:00
AK5649_2024-11-16,,1,,12-15,,2025-06-02,2025-06-02 00:42:00,12:42 AM,2025-06-01 16:42:00,null,null,null,null,2025-06-02,2025-06-02 00:40:00,12:40 AM,2025-06-01 16:40:00,2025-06-01,2025-06-01 22:33:00,10:33 PM,2025-06-01 14:33:00,null,null,null,null,2025-06-01,2025-06-01 22:25:00,10:25 PM,2025-06-01 14:25:00,False,KUL,AK,2025-06-01,MYY,"""AK 5649 """,Landed,null,null,null,null,null,null,null,null,2025-06-01 16:51:13,MYY,2025-06-01T14:04:00,2025-06-01T11:49:00,AK,KUL,2025-06-01T14:05:00,null,"""5648 ""","""  """,2025-06-01T14:00:00,2025-06-01T11:40:00,null,9M-RAC,2025-06-01 04:40:00,2025-06-01 14:25:00
AK6181_2026-04-11_MYY_KCH,""" """,A,,12-15,""" """,2025-06-03,2025-06-03 08:18:00,8:18 AM,2025-06-03 00:18:00,null,null,null,null,2025-06-03,2025-06-03 08:25:00,8:25 AM,2025-06-03 00:25:00,2025-06-03,2025-06-03 07:18:00,7:18 AM,2025-06-02 23:18:00,null,null,null,null,2025-06-03,2025-06-03 07:25:00,7:25 AM,2025-06-02 23:25:00,False,KCH,AK,2025-06-02,MYY,"""AK 6181 """,Landed,null,null,null,null,null,null,null,null,2025-06-03 04:01:15,MYY,2025-06-02T22:47:00,2025-06-02T21:50:00,AK,KCH,2025-06-02T22:54:00,null,"""6180 ""","""  """,2025-06-02T23:00:00,2025-06-02T22:00:00,null,9M-AQP,2025-06-03 12:25:00,2025-06-02 23:25:00
AK6064_2026-01-14_KCH_BTU,""" """,,7,,""" """,2025-06-04,2025-06-04 08:07:00,8:07 AM,2025-06-04 00:07:00,null,null,null,null,2025-06-04,2025-06-04 08:20:00,8:20 AM,2025-06-04 00:20:00,2025-06-04,2025-06-04 07:13:00,7:13 AM,2025-06-03 23:13:00,null,null,null,null,2025-06-04,2025-06-04 07:30:00,7:30 AM,2025-06-03 23:30:00,False,BTU,AK,2025-06-03,KCH,"""AK 6064 """,Landed,null,null,null,null,null,null,null,null,2025-06-04 00:11:15,"""   """,null,null,"""  ""","""   """,null,null,"""     ""","""  """,null,null,null,9M-AQF,2025-06-04 12:20:00,2025-06-03 23:30:00
AK265_2025-06-30_KOS_KUL,2,9,,,""" """,2025-06-01,2025-06-01 17:26:00,5:26 PM,2025-06-01 09:26:00,null,null,null,null,2025-06-01,2025-06-01 16:20:00,4:20 PM,2025-06-01 08:20:00,2025-06-01,2025-06-01 14:36:00,2:36 PM,2025-06-01 07:36:00,null,null,null,null,2025-06-01,2025-06-01 13:30:00,1:30 PM,2025-06-01 06:30:00,False,KUL,AK,2025-06-01,KOS,"""AK 265  """,Landed,null,null,null,null,null,null,null,null,2025-06-01 10:31:15,KOS,2025-06-01T07:13:00,2025-06-01T05:25:00,AK,KUL,2025-06-01T07:16:00,2025-06-01T05:30:00,"""264  ""","""  """,2025-06-01T06:00:00,2025-06-01T04:10:00,null,9M-AQG,2025-06-01 08:20:00,2025-06-01 06:30:00
AK1691_2025-05-08_SZX_PEN,""" """,C,314,E,3,2025-06-02,2025-06-02 07:45:00,7:45 AM,2025-06-01 23:45:00,null,null,null,null,2025-06-02,2025-06-02 07:15:00,7:15 AM,2025-06-01 23:15:00,2025-06-02,2025-06-02 03:21:00,3:21 AM,2025-06-01 19:21:00,null,null,null,null,2025-06-02,2025-06-02 03:25:00,3:25 AM,2025-06-01 19:25:00,False,PEN,AK,2025-06-01,SZX,"""AK 1691 """,Landed,null,null,null,null,null,null,null,null,2025-06-01 23:51:20,"""   """,null,null,"""  ""","""   """,null,null,"""     ""","""  """,null,null,null,9M-AGT,2025-06-01 11:15:00,2025-06-01 19:25:00
AK5306_2025-06-10_JHB_BKI,""" """,D,,17-24,""" """,2025-06-03,2025-06-03 21:54:00,9:54 PM,2025-06-03 13:54:00,null,null,null,null,2025-06-03,2025-06-03 21:40:00,9:40 PM,2025-06-03 13:40:00,2025-06-03,2025-06-03 19:32:00,7:32 PM,2025-06-03 11:32:00,null,null,null,null,2025-06-03,2025-06-03 19:25:00,7:25 PM,2025-06-03 11:25:00,False,BKI,AK,2025-06-03,JHB,"""AK 5306 """,Landed,null,null,null,null,null,null,null,null,2025-06-03 14:31:27,JHB,2025-06-03T10:54:00,2025-06-03T08:31:00,AK,BKI,2025-06-03T10:52:00,null,"""5305 ""","""  """,2025-06-03T11:00:00,2025-06-03T08:45:00,null,9M-AGZ,2025-06-03 01:40:00,2025-06-03 11:25:00
AK114_2025-02-24_KUL_CAN,""" """,3,L3,"""U,V,W,X,Y""",2,2025-06-02,2025-06-02 04:52:00,4:52 AM,2025-06-01 20:52:00,null,null,null,null,2025-06-02,2025-06-02 04:50:00,4:50 AM,2025-06-01 20:50:00,2025-06-02,2025-06-02 00:30:00,12:30 AM,2025-06-01 16:30:00,null,null,null,null,2025-06-02,2025-06-02 00:40:00,12:40 AM,2025-06-01 16:40:00,False,CAN,AK,2025-06-01,KUL,"""AK 114  """,landed,null,null,null,null,null,null,null,null,2025-06-01 22:01:48,"""   """,null,null,"""  ""","""   """,null,null,"""     ""","""  """,null,null,null,9M-AGT,2025-06-01 08:50:00,2025-06-01 16:40:00
AK6032_2025-11-23_KUL_JHB,""" """,,K8,"""S,T""",2,2025-06-01,2025-06-01 23:51:00,11:51 PM,2025-06-01 15:51:00,null,null,null,null,2025-06-01,2025-06-01 19:50:00,7:50 PM,2025-06-01 11:50:00,2025-06-01,2025-06-01 22:58:00,10:58 PM,2025-06-01 14:58:00,null,null,null,null,2025-06-01,2025-06-01 18:55:00,6:55 PM,2025-06-01 10:55:00,False,JHB,AK,2025-06-01,KUL,"""AK 6032 """,Landed,null,null,null,null,null,null,null,null,2025-06-01 16:03:50,KUL,2025-06-01T14:18:00,2025-06-01T11:59:00,AK,DMK,2025-06-01T14:15:00,null,"""893  ""","""  """,2025-06-01T13:55:00,2025-06-01T11:40:00,null,9M-AJZ,2025-06-01 11:50:00,2025-06-01 10:55:00
AK718_2025-07-15_SIN_KUL,2,,G7,"""4,5""",4,2025-06-02,2025-06-02 00:44:00,12:44 AM,2025-06-01 16:44:00,null,null,null,null,2025-06-01,2025-06-01 21:55:00,9:55 PM,2025-06-01 13:55:00,2025-06-01,2025-06-01 23:35:00,11:35 PM,2025-06-01 15:35:00,null,null,null,null,2025-06-01,2025-06-01 20:45:00,8:45 PM,2025-06-01 12:45:00,False,KUL,AK,2025-06-01,SIN,"""AK 718  """,Landed,null,null,null,null,null,null,null,null,2025-06-01 16:51:10,SIN,2025-06-01T15:06:00,2025-06-01T13:59:00,AK,KUL,2025-06-01T15:05:00,2025-06-01T13:35:00,"""719  ""","""  """,2025-06-01T12:00:00,2025-06-01T10:50:00,null,9M-AJN,2025-06-01 01:55:00,2025-06-01 12:45:00
AK721_2026-03-20_KUL_SIN,4,3,L3,"""U,V,W,X,Y""",2,2025-06-02,2025-06-02 21:55:00,9:55 PM,2025-06-02 13:55:00,null,null,null,null,2025-06-02,2025-06-02 21:55:00,9:55 PM,2025-06-02 13:55:00,2025-06-02,2025-06-02 20:48:00,8:48 PM,2025-06-02 12:48:00,null,null,null,null,2025-06-02,2025-06-02 20:35:00,8:35 PM,2025-06-02 12:35:00,False,SIN,AK,2025-06-02,KUL,"""AK 721  """,Landed,null,null,null,null,null,null,null,null,2025-06-02 14:51:10,KUL,2025-06-02T12:06:00,2025-06-02T11:05:00,AK,SIN,2025-06-02T12:20:00,2025-06-02T10:54:00,"""716  ""","""  """,2025-06-02T11:45:00,2025-06-02T10:35:00,null,9M-VAH,2025-06-02 01:55:00,2025-06-02 12:35:00
AK127_2025-08-02_SZX_KUL,2,4,317,E,3,2025-06-01,2025-06-01 15:47:00,3:47 PM,2025-06-01 07:47:00,null,null,null,null,2025-06-01,2025-06-01 15:30:00,3:30 PM,2025-06-01 07:30:00,2025-06-01,2025-06-01 11:41:00,11:41 AM,2025-06-01 03:41:00,null,null,null,null,2025-06-01,2025-06-01 11:25:00,11:25 AM,2025-06-01 03:25:00,False,KUL,AK,2025-06-01,SZX,"""AK 127  """,Landed,null,null,null,null,null,null,null,null,2025-06-01 08:01:20,SZX,2025-06-01T02:18:00,2025-05-31T22:05:00,AK,KUL,2025-06-01T02:17:00,null,"""126  ""","""  """,2025-06-01T02:20:00,2025-05-31T22:05:00,null,9M-AGH,2025-06-01 07:30:00,2025-06-01 03:25:00
AK5743_2025-12-13_TWU_KUL,2,3,4,6-9,""" """,2025-06-04,2025-06-04 14:43:00,2:43 PM,2025-06-04 06:43:00,null,null,null,null,2025-06-04,2025-06-04 14:10:00,2:10 PM,2025-06-04 06:10:00,2025-06-04,2025-06-04 11:47:00,11:47 AM,2025-06-04 03:47:00,null,null,null,null,2025-06-04,2025-06-04 11:20:00,11:20 AM,2025-06-04 03:20:00,False,KUL,AK,2025-06-04,TWU,"""AK 5743 """,Landed,null,null,null,null,null,null,null,null,2025-06-04 08:51:13,TWU,2025-06-04T03:17:00,2025-06-04T00:17:00,AK,KUL,2025-06-04T03:12:00,null,"""5742 ""","""  """,2025-06-04T02:55:00,2025-06-04T00:00:00,null,9M-AGN,2025-06-04 06:10:00,2025-06-04 03:20:00
AK279_2026-03-09_BWN_KUL,2,10,7,ROW D,""" """,2025-06-02,2025-06-02 19:24:00,7:24 PM,2025-06-02 11:24:00,null,null,null,null,2025-06-02,2025-06-02 18:55:00,6:55 PM,2025-06-02 10:55:00,2025-06-02,2025-06-02 17:03:00,5:03 PM,2025-06-02 09:03:00,null,null,null,null,2025-06-02,2025-06-02 16:30:00,4:30 PM,2025-06-02 08:30:00,False,KUL,AK,2025-06-02,BWN,"""AK 279  """,On time,null,null,null,null,null,null,null,null,2025-06-02 11:31:11,BWN,2025-06-02T08:36:00,2025-06-02T05:59:00,AK,KUL,2025-06-02T08:45:00,2025-06-02T06:00:00,"""278  ""","""  """,2025-06-02T08:05:00,2025-06-02T05:45:00,null,9M-AQD,2025-06-02 10:55:00,2025-06-02 08:30:00
AK6319_2025-02-09_LGK_KUL,2,3,5,1-9,""" """,2025-06-01,2025-06-01 16:41:00,4:41 PM,2025-06-01 08:41:00,null,null,null,null,2025-06-01,2025-06-01 16:30:00,4:30 PM,2025-06-01 08:30:00,2025-06-01,2025-06-01 15:24:00,3:24 PM,2025-06-01 07:24:00,null,null,null,null,2025-06-01,2025-06-01 15:25:00,3:25 PM,2025-06-01 07:25:00,False,KUL,AK,2025-06-01,LGK,"""AK 6319 """,Landed,null,null,null,null,null,null,null,null,2025-06-01 09:41:13,LGK,2025-06-01T06:55:00,2025-06-01T05:47:00,AK,KUL,2025-06-01T06:56:00,null,"""6318 ""","""  """,2025-06-01T06:50:00,2025-06-01T05:45:00,null,9M-AGJ,2025-06-01 08:30:00,2025-06-01 07:25:00
AK6036_2025-08-21_JHB_KUL,2,2,G2,17-24,""" """,2025-06-03,2025-06-03 17:17:00,5:17 PM,2025-06-03 09:17:00,null,null,null,null,2025-06-03,2025-06-03 16:30:00,4:30 PM,2025-06-03 08:30:00,2025-06-03,2025-06-03 16:19:00,4:19 PM,2025-06-03 08:19:00,null,null,null,null,2025-06-03,2025-06-03 15:40:00,3:40 PM,2025-06-03 07:40:00,False,KUL,AK,2025-06-03,JHB,"""AK 6036 """,Landed,null,null,null,null,null,null,null,null,2025-06-03 09:41:12,JHB,2025-06-03T07:49:00,2025-06-03T06:56:00,AK,KUL,2025-06-03T07:47:00,2025-06-03T07:00:00,"""6037 ""","""  """,2025-06-03T07:10:00,2025-06-03T06:15:00,null,9M-RCB,2025-06-03 08:30:00,2025-06-03 07:40:00
AK6260_2026-02-03_BKI_TWU,""" """,B,A9,D01-D16,1,2025-06-03,2025-06-03 09:56:00,9:56 AM,2025-06-03 01:56:00,null,null,null,null,2025-06-03,2025-06-03 09:50:00,9:50 AM,2025-06-03 01:50:00,2025-06-03,2025-06-03 09:08:00,9:08 AM,2025-06-03 01:08:00,null,null,null,null,2025-06-03,2025-06-03 09:00:00,9:00 AM,2025-06-03 01:00:00,False,TWU,AK,2025-06-03,BKI,"""AK 6260 """,Landed,null,null,null,null,null,null,null,null,2025-06-03 02:02:53,BKI,2025-06-03T00:27:00,2025-06-02T23:39:00,AK,TWU,2025-06-03T00:31:00,null,"""6269 ""","""  """,2025-06-03T00:30:00,2025-06-02T23:40:00,null,9M-RAG,2025-06-03 01:50:00,2025-06-03 01:00:00
AK14_2025-12-18_LKO_KUL,2,,21A,73-76,3,null,null,null,null,2025-06-02,2025-06-02 07:49:00,7:49 AM,2025-06-01 23:49:00,2025-06-02,2025-06-02 05:30:00,5:30 AM,2025-06-01 21:30:00,2025-06-02,2025-06-02 00:24:00,12:24 AM,2025-06-01 18:54:00,null,null,null,null,2025-06-01,2025-06-01 22:05:00,10:05 PM,2025-06-01 16:35:00,False,KUL,AK,2025-06-01,LKO,"""AK 14   """,Departed,null,null,null,null,null,null,null,null,2025-06-01 20:31:11,LKO,2025-06-01T18:08:00,2025-06-01T12:49:00,AK,KUL,2025-06-01T18:30:00,2025-06-01T11:20:00,"""15   ""","""  """,2025-06-01T15:50:00,2025-06-01T11:05:00,null,9M-AGS,2025-06-01 09:30:00,2025-06-01 16:35:00
AK6494_2026-03-08_BKI_SDK,""" """,,A3,D01-D16,1,2025-06-01,2025-06-01 17:49:00,5:49 PM,2025-06-01 09:49:00,null,null,null,null,2025-06-01,2025-06-01 18:00:00,6:00 PM,2025-06-01 10:00:00,2025-06-01,2025-06-01 17:03:00,5:03 PM,2025-06-01 09:03:00,null,null,null,null,2025-06-01,2025-06-01 17:15:00,5:15 PM,2025-06-01 09:15:00,False,SDK,AK,2025-06-01,BKI,"""AK 6494 """,Landed,null,null,null,null,null,null,null,null,2025-06-01 09:51:11,BKI,2025-06-01T08:04:00,2025-06-01T05:06:00,AK,HKG,2025-06-01T08:03:00,null,"""236  ""","""  """,2025-06-01T07:55:00,2025-06-01T05:05:00,null,9M-RAN,2025-06-01 10:00:00,2025-06-01 09:15:00
AK6063_2026-03-19_BTU_KCH,""" """,A,1,7-10,""" """,2025-06-03,2025-06-03 14:40:00,2:40 PM,2025-06-03 06:40:00,null,null,null,null,2025-06-03,2025-06-03 14:35:00,2:35 PM,2025-06-03 06:35:00,2025-06-03,2025-06-03 13:54:00,1:54 PM,2025-06-03 05:54:00,null,null,null,null,2025-06-03,2025-06-03 13:45:00,1:45 PM,2025-06-03 05:45:00,False,KCH,AK,2025-06-03,BTU,"""AK 6063 """,Landed,null,null,null,null,null,null,null,null,2025-06-03 06:51:19,BTU,2025-06-03T05:27:00,2025-06-03T04:37:00,AK,KCH,2025-06-03T05:38:00,null,"""6062 ""","""  """,2025-06-03T05:20:00,2025-06-03T04:30:00,null,9M-AGM,2025-06-03 06:35:00,2025-06-03 05:45:00
AK6114_2025-05-27_KUL_PEN,""" """,F,J3,"""S,T""",2,null,null,null,null,null,null,null,null,2025-06-02,2025-06-02 08:35:00,8:35 AM,2025-06-02 00:35:00,null,null,null,null,null,null,null,null,2025-06-02,2025-06-02 07:40:00,7:40 AM,2025-06-01 23:40:00,False,PEN,AK,2025-06-01,KUL,"""AK 6114 """,Landed,null,null,null,null,null,null,null,null,2025-06-02 04:51:17,KUL,null,null,AK,PEN,null,null,"""6115 ""","""  """,2025-06-01T23:00:00,2025-06-01T22:00:00,null,9M-AQF,2025-06-02 12:35:00,2025-06-01 23:40:00
AK402_2025-09-10_PDG_KUL,2,9,,,""" """,2025-06-01,2025-06-01 10:38:00,10:38 AM,2025-06-01 02:38:00,null,null,null,null,2025-06-01,2025-06-01 10:35:00,10:35 AM,2025-06-01 02:35:00,2025-06-01,2025-06-01 08:17:00,8:17 AM,2025-06-01 01:17:00,null,null,null,null,2025-06-01,2025-06-01 08:25:00,8:25 AM,2025-06-01 01:25:00,False,KUL,AK,2025-06-01,PDG,"""AK 402  """,Landed,null,null,null,null,null,null,null,null,2025-06-01 03:01:10,PDG,2025-06-01T00:46:00,2025-05-31T23:38:00,AK,KUL,2025-06-01T00:43:00,null,"""403  ""","""  """,2025-06-01T00:55:00,2025-05-31T23:45:00,null,9M-AQS,2025-06-01 02:35:00,2025-06-01 01:25:00
AK6492_2026-01-27_BKI_SDK,""" """,,A12,D01-D16,1,2025-06-03,2025-06-03 07:22:00,7:22 AM,2025-06-02 23:22:00,null,null,null,null,2025-06-03,2025-06-03 07:30:00,7:30 AM,2025-06-02 23:30:00,2025-06-03,2025-06-03 06:43:00,6:43 AM,2025-06-02 22:43:00,null,null,null,null,2025-06-03,2025-06-03 06:45:00,6:45 AM,2025-06-02 22:45:00,False,SDK,AK,2025-06-02,BKI,"""AK 6492 """,Landed,null,null,null,null,null,null,null,null,2025-06-02 23:31:21,"""   """,null,null,"""  ""","""   """,null,null,"""     ""","""  """,null,null,null,9M-RAB,2025-06-02 11:30:00,2025-06-02 22:45:00
AK5744_2026-02-16_KUL_TWU,""" """,B,K18,"""S,T""",2,2025-06-04,2025-06-04 08:47:00,8:47 AM,2025-06-04 00:47:00,null,null,null,null,2025-06-04,2025-06-04 08:55:00,8:55 AM,2025-06-04 00:55:00,2025-06-04,2025-06-04 06:06:00,6:06 AM,2025-06-03 22:06:00,null,null,null,null,2025-06-04,2025-06-04 06:05:00,6:05 AM,2025-06-03 22:05:00,False,TWU,AK,2025-06-03,KUL,"""AK 5744 """,Landed,null,null,null,null,null,null,null,null,2025-06-04 03:51:09,"""   """,null,null,"""  ""","""   """,null,null,"""     ""","""  """,null,null,null,9M-AGL,2025-06-04 12:55:00,2025-06-03 22:05:00
AK6187_2025-01-09_MYY_KCH,""" """,A,,12-15,""" """,2025-06-01,2025-06-01 14:45:00,2:45 PM,2025-06-01 06:45:00,null,null,null,null,2025-06-01,2025-06-01 15:00:00,3:00 PM,2025-06-01 07:00:00,2025-06-01,2025-06-01 13:43:00,1:43 PM,2025-06-01 05:43:00,null,null,null,null,2025-06-01,2025-06-01 14:00:00,2:00 PM,2025-06-01 06:00:00,False,KCH,AK,2025-06-01,MYY,"""AK 6187 """,Landed,null,null,null,null,null,null,null,null,2025-06-01 07:41:15,MYY,2025-06-01T05:14:00,2025-06-01T04:15:00,AK,KCH,2025-06-01T05:36:00,null,"""6186 ""","""  """,2025-06-01T05:35:00,2025-06-01T04:30:00,null,9M-AQQ,2025-06-01 07:00:00,2025-06-01 06:00:00
AK394_2025-02-02_KNO_KUL,2,10,,B,""" """,2025-06-01,2025-06-01 23:31:00,11:31 PM,2025-06-01 15:31:00,null,null,null,null,2025-06-01,2025-06-01 23:20:00,11:20 PM,2025-06-01 15:20:00,2025-06-01,2025-06-01 21:34:00,9:34 PM,2025-06-01 14:34:00,null,null,null,null,2025-06-01,2025-06-01 21:15:00,9:15 PM,2025-06-01 14:15:00,False,KUL,AK,2025-06-01,KNO,"""AK 394  """,Landed,null,null,null,null,null,null,null,null,2025-06-01 15:41:16,KNO,2025-06-01T14:05:00,2025-06-01T13:00:00,AK,KUL,2025-06-01T14:08:00,2025-06-01T12:55:00,"""395  ""","""  """,2025-06-01T13:35:00,2025-06-01T12:30:00,null,9M-AGI,2025-06-01 03:20:00,2025-06-01 14:15:00
AK6225_2026-02-20_TGG_KUL,2,2,C,3-5,""" """,2025-06-02,2025-06-02 09:29:00,9:29 AM,2025-06-02 01:29:00,null,null,null,null,2025-06-02,2025-06-02 09:40:00,9:40 AM,2025-06-02 01:40:00,2025-06-02,2025-06-02 08:27:00,8:27 AM,2025-06-02 00:27:00,null,null,null,null,2025-06-02,2025-06-02 08:40:00,8:40 AM,2025-06-02 00:40:00,False,KUL,AK,2025-06-02,TGG,"""AK 6225 """,Landed,null,null,null,null,null,null,null,null,2025-06-02 01:41:12,TGG,2025-06-02T00:03:00,2025-06-01T23:05:00,AK,KUL,2025-06-02T00:03:00,null,"""6224 ""","""  """,2025-06-02T00:15:00,2025-06-01T23:15:00,null,9M-AGT,2025-06-02 01:40:00,2025-06-02 00:40:00
AK6269_2025-03-15_TWU_BKI,1,F,4,6-9,""" """,2025-06-02,2025-06-02 08:22:00,8:22 AM,2025-06-02 00:22:00,null,null,null,null,2025-06-02,2025-06-02 08:40:00,8:40 AM,2025-06-02 00:40:00,2025-06-02,2025-06-02 07:31:00,7:31 AM,2025-06-01 23:31:00,null,null,null,null,2025-06-02,2025-06-02 07:50:00,7:50 AM,2025-06-01 23:50:00,False,BKI,AK,2025-06-01,TWU,"""AK 6269 """,Landed,null,null,null,null,null,null,null,null,2025-06-02 00:31:30,TWU,2025-06-01T23:06:00,2025-06-01T22:17:00,AK,BKI,2025-06-01T23:13:00,null,"""6268 ""","""  """,2025-06-01T23:15:00,2025-06-01T22:25:00,null,9M-RAA,2025-06-02 12:40:00,2025-06-01 23:50:00
AK5436_2025-07-16_KCH_PEN,""" """,F,7,,""" """,2025-06-02,2025-06-02 21:10:00,9:10 PM,2025-06-02 13:10:00,null,null,null,null,2025-06-02,2025-06-02 21:00:00,9:00 PM,2025-06-02 13:00:00,2025-06-02,2025-06-02 19:14:00,7:14 PM,2025-06-02 11:14:00,null,null,null,null,2025-06-02,2025-06-02 19:15:00,7:15 PM,2025-06-02 11:15:00,False,PEN,AK,2025-06-02,KCH,"""AK 5436 """,Landed,null,null,null,null,null,null,null,null,2025-06-02 13:21:21,KCH,2025-06-02T10:48:00,2025-06-02T09:21:00,AK,JHB,2025-06-02T10:46:00,null,"""5416 ""","""  """,2025-06-02T10:50:00,2025-06-02T09:25:00,null,9M-AGU,2025-06-02 01:00:00,2025-06-02 11:15:00
AK544_2026-01-16_PQC_KUL,2,10,9,28-29,""" """,2025-06-02,2025-06-02 12:49:00,12:49 PM,2025-06-02 04:49:00,null,null,null,null,2025-06-02,2025-06-02 12:50:00,12:50 PM,2025-06-02 04:50:00,2025-06-02,2025-06-02 10:07:00,10:07 AM,2025-06-02 03:07:00,null,null,null,null,2025-06-02,2025-06-02 10:00:00,10:00 AM,2025-06-02 03:00:00,False,KUL,AK,2025-06-02,PQC,"""AK 544  """,Landed,null,null,null,null,null,null,null,null,2025-06-02 05:01:13,PQC,2025-06-02T02:30:00,2025-06-02T00:36:00,AK,KUL,2025-06-02T02:30:00,null,"""543  ""","""  """,2025-06-02T02:30:00,2025-06-02T00:40:00,null,9M-AFD,2025-06-02 04:50:00,2025-06-02 03:00:00
AK6313_2025-09-29_LGK_KUL,2,1,2,1-9,""" """,2025-06-02,2025-06-02 13:00:00,1:00 PM,2025-06-02 05:00:00,null,null,null,null,2025-06-02,2025-06-02 13:05:00,1:05 PM,2025-06-02 05:05:00,2025-06-02,2025-06-02 11:55:00,11:55 AM,2025-06-02 03:55:00,null,null,null,null,2025-06-02,2025-06-02 11:55:00,11:55 AM,2025-06-02 03:55:00,False,KUL,AK,2025-06-02,LGK,"""AK 6313 """,Landed,null,null,null,null,null,null,null,null,2025-06-02 05:41:10,LGK,2025-06-02T03:22:00,2025-06-02T02:22:00,AK,KUL,2025-06-02T03:26:00,null,"""6308 ""","""  """,2025-06-02T03:30:00,2025-06-02T02:25:00,null,9M-AGH,2025-06-02 05:05:00,2025-06-02 03:55:00
AK6249_2026-03-14_LGK_PEN,""" """,E,2,1-9,""" """,2025-06-01,2025-06-01 16:59:00,4:59 PM,2025-06-01 08:59:00,null,null,null,null,2025-06-01,2025-06-01 17:05:00,5:05 PM,2025-06-01 09:05:00,2025-06-01,2025-06-01 16:16:00,4:16 PM,2025-06-01 08:16:00,null,null,null,null,2025-06-01,2025-06-01 16:30:00,4:30 PM,2025-06-01 08:30:00,False,PEN,AK,2025-06-01,LGK,"""AK 6249 """,Landed,null,null,null,null,null,null,null,null,2025-06-01 09:11:11,LGK,2025-06-01T08:00:00,2025-06-01T07:22:00,AK,PEN,2025-06-01T08:04:00,null,"""6248 ""","""  """,2025-06-01T08:05:00,2025-06-01T07:30:00,null,9M-AHL,2025-06-01 09:05:00,2025-06-01 08:30:00
AK6454_2025-06-30_JHB_LGK,""" """,2,,17-24,""" """,2025-06-01,2025-06-01 14:23:00,2:23 PM,2025-06-01 06:23:00,null,null,null,null,2025-06-01,2025-06-01 14:40:00,2:40 PM,2025-06-01 06:40:00,2025-06-01,2025-06-01 13:10:00,1:10 PM,2025-06-01 05:10:00,null,null,null,null,2025-06-01,2025-06-01 13:25:00,1:25 PM,2025-06-01 05:25:00,False,LGK,AK,2025-06-01,JHB,"""AK 6454 """,Landed,null,null,null,null,null,null,null,null,2025-06-01 06:41:15,JHB,2025-06-01T04:28:00,2025-06-01T03:15:00,AK,AOR,2025-06-01T04:30:00,null,"""6173 ""","""  """,2025-06-01T04:40:00,2025-06-01T03:25:00,null,9M-AGT,2025-06-01 06:40:00,2025-06-01 05:25:00
AK38_2025-03-04_COK_KUL,2,7,2,B7-B14,3,2025-06-02,2025-06-02 06:18:00,6:18 AM,2025-06-01 22:18:00,null,null,null,null,2025-06-02,2025-06-02 06:00:00,6:00 AM,2025-06-01 22:00:00,2025-06-01,2025-06-01 23:16:00,11:16 PM,2025-06-01 17:46:00,null,null,null,null,2025-06-01,2025-06-01 23:20:00,11:20 PM,2025-06-01 17:50:00,False,KUL,AK,2025-06-01,COK,"""AK 38   """,Landed,null,null,null,null,null,null,null,null,2025-06-01 22:21:18,COK,2025-06-01T17:03:00,2025-06-01T13:04:00,AK,KUL,2025-06-01T16:58:00,null,"""39   ""","""  """,2025-06-01T17:10:00,2025-06-01T13:05:00,null,9M-AJK,2025-06-01 10:00:00,2025-06-01 17:50:00
AK6054_2025-09-29_KCH_BTU,""" """,,2,,""" """,2025-06-01,2025-06-01 10:36:00,10:36 AM,2025-06-01 02:36:00,null,null,null,null,2025-06-01,2025-06-01 10:50:00,10:50 AM,2025-06-01 02:50:00,2025-06-01,2025-06-01 09:47:00,9:47 AM,2025-06-01 01:47:00,null,null,null,null,2025-06-01,2025-06-01 09:55:00,9:55 AM,2025-06-01 01:55:00,False,BTU,AK,2025-06-01,KCH,"""AK 6054 """,Landed,null,null,null,null,null,null,null,null,2025-06-01 02:51:09,KCH,2025-06-01T01:16:00,2025-06-01T00:10:00,AK,MYY,2025-06-01T01:13:00,null,"""6181 ""","""  """,2025-06-01T01:30:00,2025-06-01T00:30:00,null,9M-AHJ,2025-06-01 02:50:00,2025-06-01 01:55:00
AK365_2026-02-04_DPS_KUL,2,9,7,E,I,2025-06-01,2025-06-01 16:15:00,4:15 PM,2025-06-01 08:15:00,null,null,null,null,2025-06-01,2025-06-01 16:10:00,4:10 PM,2025-06-01 08:10:00,2025-06-01,2025-06-01 13:03:00,1:03 PM,2025-06-01 05:03:00,null,null,null,null,2025-06-01,2025-06-01 13:05:00,1:05 PM,2025-06-01 05:05:00,False,KUL,AK,2025-06-01,DPS,"""AK 365  """,Landed,null,null,null,null,null,null,null,null,2025-06-01 09:11:36,DPS,2025-06-01T04:22:00,2025-06-01T01:12:00,AK,KUL,2025-06-01T04:18:00,null,"""364  ""","""  """,2025-06-01T04:30:00,2025-06-01T01:15:00,null,9M-VAF,2025-06-01 08:10:00,2025-06-01 05:05:00
AK5140_2025-01-26_KUL_BKI,1,,J3,"""S,T""",2,2025-06-01,2025-06-01 12:47:00,12:47 PM,2025-06-01 04:47:00,null,null,null,null,2025-06-01,2025-06-01 12:15:00,12:15 PM,2025-06-01 04:15:00,2025-06-01,2025-06-01 09:44:00,9:44 AM,2025-06-01 01:44:00,null,null,null,null,2025-06-01,2025-06-01 09:45:00,9:45 AM,2025-06-01 01:45:00,False,BKI,AK,2025-06-01,KUL,"""AK 5140 """,Landed,null,null,null,null,null,null,null,null,2025-06-01 05:51:12,KUL,2025-05-31T22:22:00,2025-05-31T18:27:00,AK,MNL,2025-05-31T22:03:00,2025-05-31T18:20:00,"""585  ""","""  """,2025-05-31T21:00:00,2025-05-31T17:10:00,null,9M-AHL,2025-06-01 04:15:00,2025-06-01 01:45:00
AK36_2025-03-08_COK_KUL,2,10,5A,A6-A9,3,2025-06-04,2025-06-04 07:31:00,7:31 AM,2025-06-03 23:31:00,null,null,null,null,2025-06-04,2025-06-04 07:15:00,7:15 AM,2025-06-03 23:15:00,2025-06-04,2025-06-04 00:33:00,12:33 AM,2025-06-03 19:03:00,null,null,null,null,2025-06-04,2025-06-04 00:30:00,12:30 AM,2025-06-03 19:00:00,False,KUL,AK,2025-06-03,COK,"""AK 36   """,Landed,null,null,null,null,null,null,null,null,2025-06-03 23:41:22,"""   """,null,null,"""  ""","""   """,null,null,"""     ""","""  """,null,null,null,9M-RAH,2025-06-03 11:15:00,2025-06-03 19:00:00
AK189_2024-12-10,,5,9,D12-D14,,2025-06-01,2025-06-01 18:45:00,6:45 PM,2025-06-01 10:45:00,null,null,null,null,2025-06-01,2025-06-01 18:25:00,6:25 PM,2025-06-01 10:25:00,2025-06-01,2025-06-01 14:45:00,2:45 PM,2025-06-01 06:45:00,null,null,null,null,2025-06-01,2025-06-01 14:25:00,2:25 PM,2025-06-01 06:25:00,False,KUL,AK,2025-06-01,MFM,"""AK 189  """,Landed,null,null,null,null,null,null,null,null,2025-06-01 11:01:13,MFM,2025-06-01T06:00:00,2025-06-01T01:58:00,AK,KUL,2025-06-01T05:57:00,null,"""188  ""","""  """,2025-06-01T05:55:00,2025-06-01T02:05:00,null,9M-RAI,2025-06-01 10:25:00,2025-06-01 06:25:00
AK704_2025-08-27_SIN_KUL,2,6,G11,"""4,5""",4,2025-06-01,2025-06-01 14:55:00,2:55 PM,2025-06-01 06:55:00,null,null,null,null,2025-06-01,2025-06-01 13:10:00,1:10 PM,2025-06-01 05:10:00,2025-06-01,2025-06-01 13:40:00,1:40 PM,2025-06-01 05:40:00,null,null,null,null,2025-06-01,2025-06-01 11:55:00,11:55 AM,2025-06-01 03:55:00,False,KUL,AK,2025-06-01,SIN,"""AK 704  """,Landed,null,null,null,null,null,null,null,null,2025-06-01 07:51:26,SIN,2025-06-01T05:08:00,2025-06-01T03:40:00,AK,KUL,2025-06-01T04:55:00,2025-06-01T02:20:00,"""705  ""","""  """,2025-06-01T03:20:00,2025-06-01T02:15:00,null,9M-VAE,2025-06-01 05:10:00,2025-06-01 03:55:00
AK6488_2025-04-17_BKI_SDK,""" """,,,D01-D16,""" """,2025-06-01,2025-06-01 09:52:00,9:52 AM,2025-06-01 01:52:00,null,null,null,null,2025-06-01,2025-06-01 10:05:00,10:05 AM,2025-06-01 02:05:00,2025-06-01,2025-06-01 09:07:00,9:07 AM,2025-06-01 01:07:00,null,null,null,null,2025-06-01,2025-06-01 09:15:00,9:15 AM,2025-06-01 01:15:00,False,SDK,AK,2025-06-01,BKI,"""AK 6488 """,Landed,null,null,null,null,null,null,null,null,2025-06-01 02:11:21,BKI,2025-06-01T00:43:00,2025-05-31T23:31:00,AK,SBW,2025-06-01T00:53:00,null,"""6091 ""","""  """,2025-06-01T00:50:00,2025-05-31T23:35:00,null,9M-RAV,2025-06-01 02:05:00,2025-06-01 01:15:00
AK6490_2025-02-26_BKI_SDK,""" """,,A10,D01-D16,1,2025-06-01,2025-06-01 10:50:00,10:50 AM,2025-06-01 02:50:00,null,null,null,null,2025-06-01,2025-06-01 10:55:00,10:55 AM,2025-06-01 02:55:00,2025-06-01,2025-06-01 10:04:00,10:04 AM,2025-06-01 02:04:00,null,null,null,null,2025-06-01,2025-06-01 10:10:00,10:10 AM,2025-06-01 02:10:00,False,SDK,AK,2025-06-01,BKI,"""AK 6490 """,Landed,null,null,null,null,null,null,null,null,2025-06-01 03:41:26,"""   """,null,null,"""  ""","""   """,null,null,"""     ""","""  """,null,null,null,9M-AGZ,2025-06-01 02:55:00,2025-06-01 02:10:00
AK1794_2025-02-15_SIN_BKI,1,,G2,"""4,5""",4,2025-06-01,2025-06-01 14:01:00,2:01 PM,2025-06-01 06:01:00,null,null,null,null,2025-06-01,2025-06-01 14:05:00,2:05 PM,2025-06-01 06:05:00,2025-06-01,2025-06-01 11:37:00,11:37 AM,2025-06-01 03:37:00,null,null,null,null,2025-06-01,2025-06-01 11:45:00,11:45 AM,2025-06-01 03:45:00,False,BKI,AK,2025-06-01,SIN,"""AK 1794 """,Landed,null,null,null,null,null,null,null,null,2025-06-01 06:11:13,SIN,2025-06-01T02:50:00,2025-06-01T00:26:00,AK,BKI,2025-06-01T02:46:00,null,"""1793 ""","""  """,2025-06-01T03:00:00,2025-06-01T00:35:00,null,9M-AGF,2025-06-01 06:05:00,2025-06-01 03:45:00
AK12_2025-08-07_MAA_KUL,2,6,,E,2,2025-06-02,2025-06-02 06:53:00,6:53 AM,2025-06-01 22:53:00,null,null,null,null,2025-06-02,2025-06-02 06:15:00,6:15 AM,2025-06-01 22:15:00,2025-06-02,2025-06-02 00:38:00,12:38 AM,2025-06-01 19:08:00,null,null,null,null,2025-06-01,2025-06-01 23:45:00,11:45 PM,2025-06-01 18:15:00,False,KUL,AK,2025-06-01,MAA,"""AK 12   """,Landed,null,null,null,null,null,null,null,null,2025-06-01 23:21:11,MAA,2025-06-01T18:26:00,2025-06-01T14:52:00,AK,KUL,2025-06-01T18:30:00,2025-06-01T14:10:00,"""13   ""","""  """,2025-06-01T17:35:00,2025-06-01T13:50:00,null,9M-AGH,2025-06-01 10:15:00,2025-06-01 18:15:00
AK1519_2025-02-09_NGB_BKI,""" """,,208,,""" """,2025-06-01,2025-06-01 19:49:00,7:49 PM,2025-06-01 11:49:00,null,null,null,null,2025-06-01,2025-06-01 19:20:00,7:20 PM,2025-06-01 11:20:00,2025-06-01,2025-06-01 15:21:00,3:21 PM,2025-06-01 07:21:00,null,null,null,null,2025-06-01,2025-06-01 15:00:00,3:00 PM,2025-06-01 07:00:00,False,BKI,AK,2025-06-01,NGB,"""AK 1519 """,Landed,null,null,null,null,null,null,null,null,2025-06-01 12:01:12,NGB,2025-06-01T05:57:00,2025-06-01T01:34:00,AK,BKI,2025-06-01T06:10:00,null,"""1518 ""","""  """,2025-06-01T05:55:00,2025-06-01T01:35:00,null,9M-RAK,2025-06-01 11:20:00,2025-06-01 07:00:00
AK861_2025-02-23_KBV_KUL,2,10,1,,""" """,null,null,null,null,null,null,null,null,2025-06-01,2025-06-01 20:30:00,8:30 PM,2025-06-01 12:30:00,null,null,null,null,null,null,null,null,2025-06-01,2025-06-01 18:00:00,6:00 PM,2025-06-01 11:00:00,False,KUL,AK,2025-06-01,KBV,"""AK 861  """,Landed,null,null,null,null,null,null,null,null,2025-06-01 16:51:14,KBV,null,null,AK,KUL,null,null,"""860  ""","""  """,2025-06-01T10:25:00,2025-06-01T09:05:00,null,9M-AFD,2025-06-01 12:30:00,2025-06-01 11:00:00
AK882_2025-02-15_KUL_DMK,1,3,L8,"""U,V,W,X,Y""",2,2025-06-01,2025-06-01 13:14:00,1:14 PM,2025-06-01 06:14:00,null,null,null,null,2025-06-01,2025-06-01 12:50:00,12:50 PM,2025-06-01 05:50:00,2025-06-01,2025-06-01 12:01:00,12:01 PM,2025-06-01 04:01:00,null,null,null,null,2025-06-01,2025-06-01 11:40:00,11:40 AM,2025-06-01 03:40:00,False,DMK,AK,2025-06-01,KUL,"""AK 882  """,Landed,null,null,null,null,null,null,null,null,2025-06-01 07:51:13,KUL,2025-06-01T03:22:00,2025-06-01T01:08:00,AK,SBW,2025-06-01T03:13:00,null,"""5877 ""","""  """,2025-06-01T03:10:00,2025-06-01T01:05:00,null,9M-AHY,2025-06-01 05:50:00,2025-06-01 03:40:00
AK68_2026-04-15_HYD_KUL,2,7,28B,,""" """,2025-06-03,2025-06-03 07:32:00,7:32 AM,2025-06-02 23:32:00,null,null,null,null,2025-06-03,2025-06-03 07:00:00,7:00 AM,2025-06-02 23:00:00,2025-06-03,2025-06-03 00:47:00,12:47 AM,2025-06-02 19:17:00,null,null,null,null,2025-06-02,2025-06-02 23:55:00,11:55 PM,2025-06-02 18:25:00,False,KUL,AK,2025-06-02,HYD,"""AK 68   """,Landed,null,null,null,null,null,null,null,null,2025-06-02 23:41:09,HYD,2025-06-02T18:36:00,2025-06-02T14:23:00,AK,KUL,2025-06-02T18:40:00,2025-06-02T14:35:00,"""69   ""","""  """,2025-06-02T17:45:00,2025-06-02T13:25:00,null,9M-AJE,2025-06-02 11:00:00,2025-06-02 18:25:00
AK406_2026-01-05_KUL_PDG,""" """,,L22,"""U,V,W,X,Y""",2,2025-06-02,2025-06-02 11:51:00,11:51 AM,2025-06-02 04:51:00,null,null,null,null,2025-06-02,2025-06-02 11:25:00,11:25 AM,2025-06-02 04:25:00,2025-06-02,2025-06-02 11:39:00,11:39 AM,2025-06-02 03:39:00,null,null,null,null,2025-06-02,2025-06-02 11:15:00,11:15 AM,2025-06-02 03:15:00,False,PDG,AK,2025-06-02,KUL,"""AK 406  """,Landed,null,null,null,null,null,null,null,null,2025-06-02 05:41:24,KUL,2025-06-02T02:43:00,2025-06-02T00:32:00,AK,BTU,2025-06-02T02:38:00,null,"""5247 ""","""  """,2025-06-02T02:40:00,2025-06-02T00:35:00,null,9M-AJK,2025-06-02 04:25:00,2025-06-02 03:15:00
AK541_2025-05-21_SAI_KUL,2,6,,C01-C16,""" """,2025-06-02,2025-06-02 18:13:00,6:13 PM,2025-06-02 10:13:00,null,null,null,null,2025-06-02,2025-06-02 18:10:00,6:10 PM,2025-06-02 10:10:00,2025-06-02,2025-06-02 14:54:00,2:54 PM,2025-06-02 07:54:00,null,null,null,null,2025-06-02,2025-06-02 14:55:00,2:55 PM,2025-06-02 07:55:00,False,KUL,AK,2025-06-02,SAI,"""AK 541  """,Landed,null,null,null,null,null,null,null,null,2025-06-02 10:21:16,SAI,2025-06-02T07:11:00,2025-06-02T05:06:00,AK,KUL,2025-06-02T07:19:00,null,"""540  ""","""  """,2025-06-02T07:10:00,2025-06-02T05:05:00,null,9M-AHE,2025-06-02 10:10:00,2025-06-02 07:55:00
AK38_2025-04-29_COK_KUL,2,4,4A,B10-B14,3,2025-06-03,2025-06-03 06:21:00,6:21 AM,2025-06-02 22:21:00,null,null,null,null,2025-06-03,2025-06-03 06:20:00,6:20 AM,2025-06-02 22:20:00,2025-06-02,2025-06-02 23:35:00,11:35 PM,2025-06-02 18:05:00,null,null,null,null,2025-06-02,2025-06-02 23:35:00,11:35 PM,2025-06-02 18:05:00,False,KUL,AK,2025-06-02,COK,"""AK 38   """,Landed,null,null,null,null,null,null,null,null,2025-06-02 22:31:14,COK,2025-06-02T17:28:00,2025-06-02T13:31:00,AK,KUL,2025-06-02T17:24:00,null,"""39   ""","""  """,2025-06-02T17:25:00,2025-06-02T13:30:00,null,9M-AHV,2025-06-02 10:20:00,2025-06-02 18:05:00
AK6131_2025-12-18_PEN_KUL,2,2,B3,24-36,""" """,2025-06-03,2025-06-03 18:38:00,6:38 PM,2025-06-03 10:38:00,null,null,null,null,2025-06-03,2025-06-03 17:25:00,5:25 PM,2025-06-03 09:25:00,2025-06-03,2025-06-03 17:22:00,5:22 PM,2025-06-03 09:22:00,null,null,null,null,2025-06-03,2025-06-03 16:25:00,4:25 PM,2025-06-03 08:25:00,False,KUL,AK,2025-06-03,PEN,"""AK 6131 """,Landed,null,null,null,null,null,null,null,null,2025-06-03 10:51:15,PEN,2025-06-03T08:49:00,2025-06-03T07:44:00,AK,KUL,2025-06-03T08:49:00,2025-06-03T07:29:00,"""6126 ""","""  """,2025-06-03T07:55:00,2025-06-03T06:55:00,null,9M-AQB,2025-06-03 09:25:00,2025-06-03 08:25:00
AK6145_2026-03-31_PEN_KUL,2,3,A1,24-36,""" """,2025-06-07,2025-06-07 07:49:00,7:49 AM,2025-06-06 23:49:00,null,null,null,null,2025-06-07,2025-06-07 08:05:00,8:05 AM,2025-06-07 00:05:00,2025-06-07,2025-06-07 06:51:00,6:51 AM,2025-06-06 22:51:00,null,null,null,null,2025-06-07,2025-06-07 07:05:00,7:05 AM,2025-06-06 23:05:00,False,KUL,AK,2025-06-06,PEN,"""AK 6145 """,Landed,null,null,null,null,null,null,null,null,2025-06-07 00:11:18,"""   """,null,null,"""  ""","""   """,null,null,"""     ""","""  """,null,null,null,9M-AQF,2025-06-07 12:05:00,2025-06-06 23:05:00
AK1730_2025-07-13_SIN_PEN,""" """,C,G1,"""4,5""",4,2025-06-01,2025-06-01 23:14:00,11:14 PM,2025-06-01 15:14:00,null,null,null,null,2025-06-01,2025-06-01 23:05:00,11:05 PM,2025-06-01 15:05:00,2025-06-01,2025-06-01 22:00:00,10:00 PM,2025-06-01 14:00:00,null,null,null,null,2025-06-01,2025-06-01 21:40:00,9:40 PM,2025-06-01 13:40:00,False,PEN,AK,2025-06-01,SIN,"""AK 1730 """,Landed,null,null,null,null,null,null,null,null,2025-06-01 15:31:28,SIN,2025-06-01T13:26:00,2025-06-01T11:47:00,AK,PEN,2025-06-01T13:18:00,2025-06-01T11:40:00,"""1729 ""","""  """,2025-06-01T13:00:00,2025-06-01T11:25:00,null,9M-AQI,2025-06-01 03:05:00,2025-06-01 13:40:00
AK886_2024-11-07,,3,L5,"""U,V,W,X,Y""",,2025-06-02,2025-06-02 17:03:00,5:03 PM,2025-06-02 10:03:00,null,null,null,null,2025-06-02,2025-06-02 17:15:00,5:15 PM,2025-06-02 10:15:00,2025-06-02,2025-06-02 15:53:00,3:53 PM,2025-06-02 07:53:00,null,null,null,null,2025-06-02,2025-06-02 16:05:00,4:05 PM,2025-06-02 08:05:00,False,DMK,AK,2025-06-02,KUL,"""AK 886  """,Landed,null,null,null,null,null,null,null,null,2025-06-02 11:01:13,"""   """,null,null,"""  ""","""   """,null,null,"""     ""","""  """,null,null,null,9M-AQZ,2025-06-02 10:15:00,2025-06-02 08:05:00
AK5871_2025-07-27_SBW_KUL,2,1,,1-7,""" """,2025-06-02,2025-06-02 17:13:00,5:13 PM,2025-06-02 09:13:00,null,null,null,null,2025-06-02,2025-06-02 16:40:00,4:40 PM,2025-06-02 08:40:00,2025-06-02,2025-06-02 15:07:00,3:07 PM,2025-06-02 07:07:00,null,null,null,null,2025-06-02,2025-06-02 14:40:00,2:40 PM,2025-06-02 06:40:00,False,KUL,AK,2025-06-02,SBW,"""AK 5871 """,Landed,null,null,null,null,null,null,null,null,2025-06-02 10:51:12,SBW,2025-06-02T06:36:00,2025-06-02T04:36:00,AK,KUL,2025-06-02T06:36:00,2025-06-02T04:25:00,"""5870 ""","""  """,2025-06-02T06:15:00,2025-06-02T04:15:00,null,9M-AGM,2025-06-02 08:40:00,2025-06-02 06:40:00
AK6495_2025-11-28_SDK_BKI,1,F,C,1-5,""" """,2025-06-01,2025-06-01 18:13:00,6:13 PM,2025-06-01 10:13:00,null,null,null,null,2025-06-01,2025-06-01 18:20:00,6:20 PM,2025-06-01 10:20:00,2025-06-01,2025-06-01 17:30:00,5:30 PM,2025-06-01 09:30:00,null,null,null,null,2025-06-01,2025-06-01 17:30:00,5:30 PM,2025-06-01 09:30:00,False,BKI,AK,2025-06-01,SDK,"""AK 6495 """,Landed,null,null,null,null,null,null,null,null,2025-06-01 10:21:19,BKI,2025-06-01T10:13:00,2025-06-01T09:30:00,AK,SDK,2025-06-01T10:15:00,null,"""6495 ""","""  """,2025-06-01T10:20:00,2025-06-01T09:30:00,null,9M-AQO,2025-06-01 10:20:00,2025-06-01 09:30:00
AK1716_2024-11-28,,2,G15,"""4,5""",,2025-06-01,2025-06-01 14:16:00,2:16 PM,2025-06-01 06:16:00,null,null,null,null,2025-06-01,2025-06-01 14:10:00,2:10 PM,2025-06-01 06:10:00,2025-06-01,2025-06-01 12:53:00,12:53 PM,2025-06-01 04:53:00,null,null,null,null,2025-06-01,2025-06-01 12:45:00,12:45 PM,2025-06-01 04:45:00,False,LGK,AK,2025-06-01,SIN,"""AK 1716 """,Landed,null,null,null,null,null,null,null,null,2025-06-01 06:21:14,SIN,2025-06-01T03:56:00,2025-06-01T02:20:00,AK,LGK,2025-06-01T03:57:00,null,"""1717 ""","""  """,2025-06-01T03:55:00,2025-06-01T02:20:00,null,9M-AJT,2025-06-01 06:10:00,2025-06-01 04:45:00
AK605_2025-04-29_PER_KUL,2,4,53,,""" """,2025-06-02,2025-06-02 11:20:00,11:20 AM,2025-06-02 03:20:00,null,null,null,null,2025-06-02,2025-06-02 10:50:00,10:50 AM,2025-06-02 02:50:00,2025-06-02,2025-06-02 05:33:00,5:33 AM,2025-06-01 21:33:00,null,null,null,null,2025-06-02,2025-06-02 05:10:00,5:10 AM,2025-06-01 21:10:00,False,KUL,AK,2025-06-01,PER,"""AK 605  """,Landed,null,null,null,null,null,null,null,null,2025-06-02 03:31:16,"""   """,null,null,"""  ""","""   """,null,null,"""     ""","""  """,null,null,null,9M-VAC,2025-06-02 02:50:00,2025-06-01 21:10:00
AK6303_2025-02-07_LGK_KUL,2,2,3,1-9,""" """,2025-06-01,2025-06-01 14:17:00,2:17 PM,2025-06-01 06:17:00,null,null,null,null,2025-06-01,2025-06-01 13:55:00,1:55 PM,2025-06-01 05:55:00,2025-06-01,2025-06-01 12:59:00,12:59 PM,2025-06-01 04:59:00,null,null,null,null,2025-06-01,2025-06-01 12:55:00,12:55 PM,2025-06-01 04:55:00,False,KUL,AK,2025-06-01,LGK,"""AK 6303 """,Landed,null,null,null,null,null,null,null,null,2025-06-01 06:21:12,LGK,2025-06-01T04:26:00,2025-06-01T03:19:00,AK,KUL,2025-06-01T04:26:00,null,"""6302 ""","""  """,2025-06-01T04:30:00,2025-06-01T03:25:00,null,9M-AJK,2025-06-01 05:55:00,2025-06-01 04:55:00
AK6321_2025-09-16_LGK_KUL,2,3,2,1-9,""" """,2025-06-02,2025-06-02 13:44:00,1:44 PM,2025-06-02 05:44:00,null,null,null,null,2025-06-02,2025-06-02 13:40:00,1:40 PM,2025-06-02 05:40:00,2025-06-02,2025-06-02 12:31:00,12:31 PM,2025-06-02 04:31:00,null,null,null,null,2025-06-02,2025-06-02 12:35:00,12:35 PM,2025-06-02 04:35:00,False,KUL,AK,2025-06-02,LGK,"""AK 6321 """,Landed,null,null,null,null,null,null,null,null,2025-06-02 06:01:16,LGK,2025-06-02T04:04:00,2025-06-02T02:58:00,AK,KUL,2025-06-02T04:10:00,null,"""6320 ""","""  """,2025-06-02T04:10:00,2025-06-02T03:05:00,null,9M-AHE,2025-06-02 05:40:00,2025-06-02 04:35:00
AK138_2025-05-24_KUL_HKG,1,14,Q13,"""U,V,W,X,Y""",2,2025-06-02,2025-06-02 11:26:00,11:26 AM,2025-06-02 03:26:00,null,null,null,null,2025-06-02,2025-06-02 11:15:00,11:15 AM,2025-06-02 03:15:00,2025-06-02,2025-06-02 07:13:00,7:13 AM,2025-06-01 23:13:00,null,null,null,null,2025-06-02,2025-06-02 07:15:00,7:15 AM,2025-06-01 23:15:00,False,HKG,AK,2025-06-01,KUL,"""AK 138  """,Landed,null,null,null,null,null,null,null,null,2025-06-02 03:51:12,"""   """,null,null,"""  ""","""   """,null,null,"""     ""","""  """,null,null,null,9M-AJJ,2025-06-02 03:15:00,2025-06-01 23:15:00
AK205_2026-03-16_CXR_KUL,2,4,G9,E1-E3,2,2025-06-01,2025-06-01 15:24:00,3:24 PM,2025-06-01 07:24:00,null,null,null,null,2025-06-01,2025-06-01 15:25:00,3:25 PM,2025-06-01 07:25:00,2025-06-01,2025-06-01 11:55:00,11:55 AM,2025-06-01 04:55:00,null,null,null,null,2025-06-01,2025-06-01 12:05:00,12:05 PM,2025-06-01 05:05:00,False,KUL,AK,2025-06-01,CXR,"""AK 205  """,Landed,null,null,null,null,null,null,null,null,2025-06-01 07:41:13,CXR,2025-06-01T04:26:00,2025-06-01T02:08:00,AK,KUL,2025-06-01T04:29:00,null,"""204  ""","""  """,2025-06-01T04:35:00,2025-06-01T02:15:00,null,9M-AJT,2025-06-01 07:25:00,2025-06-01 05:05:00
AK117_2024-11-13,,7,A110,G,,2025-06-02,2025-06-02 01:15:00,1:15 AM,2025-06-01 17:15:00,null,null,null,null,2025-06-02,2025-06-02 01:40:00,1:40 AM,2025-06-01 17:40:00,2025-06-01,2025-06-01 21:16:00,9:16 PM,2025-06-01 13:16:00,null,null,null,null,2025-06-01,2025-06-01 21:25:00,9:25 PM,2025-06-01 13:25:00,False,KUL,AK,2025-06-01,CAN,"""AK 117  """,Landed,null,null,null,null,null,null,null,null,2025-06-01 17:31:10,CAN,2025-06-01T12:31:00,2025-06-01T08:25:00,AK,KUL,2025-06-01T12:39:00,null,"""116  ""","""  """,2025-06-01T12:20:00,2025-06-01T08:00:00,null,9M-VAA,2025-06-01 05:40:00,2025-06-01 13:25:00
AK428_2025-08-11_PKU_KUL,2,9,,,""" """,2025-06-01,2025-06-01 17:53:00,5:53 PM,2025-06-01 09:53:00,null,null,null,null,2025-06-01,2025-06-01 17:55:00,5:55 PM,2025-06-01 09:55:00,2025-06-01,2025-06-01 15:54:00,3:54 PM,2025-06-01 08:54:00,null,null,null,null,2025-06-01,2025-06-01 16:00:00,4:00 PM,2025-06-01 09:00:00,False,KUL,AK,2025-06-01,PKU,"""AK 428  """,Landed,null,null,null,null,null,null,null,null,2025-06-01 10:01:09,PKU,2025-06-01T08:27:00,2025-06-01T07:37:00,AK,KUL,2025-06-01T08:30:00,null,"""429  ""","""  """,2025-06-01T08:35:00,2025-06-01T07:40:00,null,9M-AJD,2025-06-01 09:55:00,2025-06-01 09:00:00
AK6062_2025-11-25_KCH_BTU,""" """,,2,,""" """,2025-06-03,2025-06-03 13:07:00,1:07 PM,2025-06-03 05:07:00,null,null,null,null,2025-06-03,2025-06-03 13:20:00,1:20 PM,2025-06-03 05:20:00,2025-06-03,2025-06-03 12:20:00,12:20 PM,2025-06-03 04:20:00,null,null,null,null,2025-06-03,2025-06-03 12:30:00,12:30 PM,2025-06-03 04:30:00,False,BTU,AK,2025-06-03,KCH,"""AK 6062 """,Landed,null,null,null,null,null,null,null,null,2025-06-03 05:11:16,KCH,2025-06-03T03:48:00,2025-06-03T03:03:00,AK,BTU,2025-06-03T03:53:00,null,"""6055 ""","""  """,2025-06-03T04:05:00,2025-06-03T03:15:00,null,9M-DAB,2025-06-03 05:20:00,2025-06-03 04:30:00
AK64_2025-03-21_CCU_KUL,2,10,,H,""" """,2025-06-02,2025-06-02 05:34:00,5:34 AM,2025-06-01 21:34:00,null,null,null,null,2025-06-02,2025-06-02 05:30:00,5:30 AM,2025-06-01 21:30:00,2025-06-01,2025-06-01 23:08:00,11:08 PM,2025-06-01 17:38:00,null,null,null,null,2025-06-01,2025-06-01 23:05:00,11:05 PM,2025-06-01 17:35:00,False,KUL,AK,2025-06-01,CCU,"""AK 64   """,Landed,null,null,null,null,null,null,null,null,2025-06-01 21:41:13,CCU,2025-06-01T16:56:00,2025-06-01T12:53:00,AK,KUL,2025-06-01T16:58:00,null,"""65   ""","""  """,2025-06-01T16:50:00,2025-06-01T12:55:00,null,9M-AJA,2025-06-01 09:30:00,2025-06-01 17:35:00
AK6438_2025-05-29_KUL_KBR,""" """,2,J11,"""S,T""",2,2025-06-03,2025-06-03 20:37:00,8:37 PM,2025-06-03 12:37:00,null,null,null,null,2025-06-03,2025-06-03 20:00:00,8:00 PM,2025-06-03 12:00:00,2025-06-03,2025-06-03 19:31:00,7:31 PM,2025-06-03 11:31:00,null,null,null,null,2025-06-03,2025-06-03 18:55:00,6:55 PM,2025-06-03 10:55:00,False,KBR,AK,2025-06-03,KUL,"""AK 6438 """,Landed,null,null,null,null,null,null,null,null,2025-06-03 13:11:15,KUL,2025-06-03T10:55:00,2025-06-03T09:51:00,AK,TGG,2025-06-03T10:54:00,2025-06-03T09:52:00,"""6229 ""","""  """,2025-06-03T10:25:00,2025-06-03T09:20:00,null,9M-AQB,2025-06-03 12:00:00,2025-06-03 10:55:00
AK5219_2026-04-01_KCH_KUL,2,3,3,,""" """,2025-06-03,2025-06-03 01:03:00,1:03 AM,2025-06-02 17:03:00,null,null,null,null,2025-06-02,2025-06-02 23:55:00,11:55 PM,2025-06-02 15:55:00,2025-06-02,2025-06-02 23:13:00,11:13 PM,2025-06-02 15:13:00,null,null,null,null,2025-06-02,2025-06-02 22:10:00,10:10 PM,2025-06-02 14:10:00,False,KUL,AK,2025-06-02,KCH,"""AK 5219 """,Landed,null,null,null,null,null,null,null,null,2025-06-02 17:11:25,KCH,2025-06-02T14:40:00,2025-06-02T12:44:00,AK,KUL,2025-06-02T14:42:00,2025-06-02T12:35:00,"""5218 ""","""  """,2025-06-02T13:45:00,2025-06-02T11:55:00,null,9M-AGJ,2025-06-02 03:55:00,2025-06-02 14:10:00
AK6414_2024-10-25,,F,G3,17-24,,2025-06-01,2025-06-01 13:07:00,1:07 PM,2025-06-01 05:07:00,null,null,null,null,2025-06-01,2025-06-01 13:15:00,1:15 PM,2025-06-01 05:15:00,2025-06-01,2025-06-01 11:56:00,11:56 AM,2025-06-01 03:56:00,null,null,null,null,2025-06-01,2025-06-01 12:05:00,12:05 PM,2025-06-01 04:05:00,False,PEN,AK,2025-06-01,JHB,"""AK 6414 """,Landed,null,null,null,null,null,null,null,null,2025-06-01 06:41:14,JHB,2025-06-01T03:24:00,2025-06-01T01:39:00,AK,SGN,2025-06-01T03:26:00,null,"""1491 ""","""  """,2025-06-01T03:40:00,2025-06-01T01:50:00,null,9M-AGM,2025-06-01 05:15:00,2025-06-01 04:05:00
AK723_2026-02-15_KUL_SIN,4,1,L5,"""U,V,W,X,Y""",2,2025-06-03,2025-06-03 01:40:00,1:40 AM,2025-06-02 17:40:00,null,null,null,null,2025-06-02,2025-06-02 23:05:00,11:05 PM,2025-06-02 15:05:00,2025-06-02,2025-06-02 23:28:00,11:28 PM,2025-06-02 15:28:00,null,null,null,null,2025-06-02,2025-06-02 21:50:00,9:50 PM,2025-06-02 13:50:00,False,SIN,AK,2025-06-02,KUL,"""AK 723  """,Landed,null,null,null,null,null,null,null,null,2025-06-02 17:51:18,KUL,2025-06-02T14:47:00,2025-06-02T13:39:00,AK,SIN,2025-06-02T15:05:00,2025-06-02T13:15:00,"""718  ""","""  """,2025-06-02T13:25:00,2025-06-02T12:15:00,null,9M-RCB,2025-06-02 03:05:00,2025-06-02 13:50:00
AK1624_2026-01-10_ICN_BKI,1,B,126,E01-E05,1,2025-06-02,2025-06-02 14:28:00,2:28 PM,2025-06-02 06:28:00,null,null,null,null,2025-06-02,2025-06-02 14:30:00,2:30 PM,2025-06-02 06:30:00,2025-06-02,2025-06-02 10:06:00,10:06 AM,2025-06-02 01:06:00,null,null,null,null,2025-06-02,2025-06-02 10:15:00,10:15 AM,2025-06-02 01:15:00,False,BKI,AK,2025-06-02,ICN,"""AK 1624 """,Landed,null,null,null,null,null,null,null,null,2025-06-02 07:21:14,ICN,2025-06-01T23:26:00,2025-06-01T18:20:00,AK,BKI,2025-06-01T23:31:00,null,"""1623 ""","""  """,2025-06-01T23:35:00,2025-06-01T18:20:00,null,9M-RAE,2025-06-02 06:30:00,2025-06-02 01:15:00
AK6021_2025-07-30_AOR_KUL,2,1,1,9-10,""" """,2025-06-01,2025-06-01 10:01:00,10:01 AM,2025-06-01 02:01:00,null,null,null,null,2025-06-01,2025-06-01 09:50:00,9:50 AM,2025-06-01 01:50:00,2025-06-01,2025-06-01 08:50:00,8:50 AM,2025-06-01 00:50:00,null,null,null,null,2025-06-01,2025-06-01 08:45:00,8:45 AM,2025-06-01 00:45:00,False,KUL,AK,2025-06-01,AOR,"""AK 6021 """,On-Time,null,null,null,null,null,null,null,null,2025-06-01 02:11:10,AOR,2025-06-01T00:26:00,2025-05-31T23:10:00,AK,KUL,2025-06-01T00:25:00,null,"""6020 ""","""  """,2025-06-01T00:20:00,2025-05-31T23:15:00,null,9M-NEO,2025-06-01 01:50:00,2025-06-01 00:45:00
AK711_2026-02-03_KUL_SIN,4,4,L9,"""U,V,W,X,Y""",2,2025-06-03,2025-06-03 17:23:00,5:23 PM,2025-06-03 09:23:00,null,null,null,null,2025-06-03,2025-06-03 16:15:00,4:15 PM,2025-06-03 08:15:00,2025-06-03,2025-06-03 15:48:00,3:48 PM,2025-06-03 07:48:00,null,null,null,null,2025-06-03,2025-06-03 15:05:00,3:05 PM,2025-06-03 07:05:00,False,SIN,AK,2025-06-03,KUL,"""AK 711  """,Landed,null,null,null,null,null,null,null,null,2025-06-03 09:41:26,KUL,2025-06-03T05:53:00,2025-06-03T04:21:00,AK,HKT,2025-06-03T05:58:00,null,"""833  ""","""  """,2025-06-03T06:05:00,2025-06-03T04:30:00,null,9M-AGW,2025-06-03 08:15:00,2025-06-03 07:05:00
AK5413_2025-12-11_KCH_JHB,""" """,,1,,""" """,2025-06-03,2025-06-03 07:01:00,7:01 AM,2025-06-02 23:01:00,null,null,null,null,2025-06-03,2025-06-03 07:20:00,7:20 AM,2025-06-02 23:20:00,2025-06-03,2025-06-03 05:44:00,5:44 AM,2025-06-02 21:44:00,null,null,null,null,2025-06-03,2025-06-03 06:00:00,6:00 AM,2025-06-02 22:00:00,False,JHB,AK,2025-06-02,KCH,"""AK 5413 """,Landed,null,null,null,null,null,null,null,null,2025-06-02 23:11:15,"""   """,null,null,"""  ""","""   """,null,null,"""     ""","""  """,null,null,null,9M-AQD,2025-06-02 11:20:00,2025-06-02 22:00:00
AK840_2025-01-03,""" """,,L12,"""U,V,W,X,Y""",2,2025-06-02,2025-06-02 14:55:00,2:55 PM,2025-06-02 07:55:00,null,null,null,null,2025-06-02,2025-06-02 13:45:00,1:45 PM,2025-06-02 06:45:00,2025-06-02,2025-06-02 13:59:00,1:59 PM,2025-06-02 05:59:00,null,null,null,null,2025-06-02,2025-06-02 12:45:00,12:45 PM,2025-06-02 04:45:00,False,UTP,AK,2025-06-02,KUL,"""AK 840  """,Landed,null,null,null,null,null,null,null,null,2025-06-02 08:51:13,KUL,2025-06-02T05:11:00,2025-06-02T04:07:00,AK,PEN,2025-06-02T05:19:00,2025-06-02T04:00:00,"""6119 ""","""  """,2025-06-02T04:00:00,2025-06-02T03:00:00,null,9M-AJH,2025-06-02 06:45:00,2025-06-02 04:45:00
AK5652_2025-03-02_MYY_KUL,2,2,,12-15,""" """,2025-06-03,2025-06-03 11:03:00,11:03 AM,2025-06-03 03:03:00,null,null,null,null,2025-06-03,2025-06-03 11:20:00,11:20 AM,2025-06-03 03:20:00,2025-06-03,2025-06-03 08:50:00,8:50 AM,2025-06-03 00:50:00,null,null,null,null,2025-06-03,2025-06-03 08:55:00,8:55 AM,2025-06-03 00:55:00,False,KUL,AK,2025-06-03,MYY,"""AK 5652 """,Landed,null,null,null,null,null,null,null,null,2025-06-03 03:11:20,MYY,2025-06-03T00:13:00,2025-06-02T22:02:00,AK,KUL,2025-06-03T00:21:00,null,"""5651 ""","""  """,2025-06-03T00:30:00,2025-06-02T22:05:00,null,9M-AGK,2025-06-03 03:20:00,2025-06-03 00:55:00
AK126_2025-07-23_KUL_SZX,3,18,Q9,"""U,V,W,X,Y""",2,null,null,null,null,2025-06-02,2025-06-02 10:06:00,10:06 AM,2025-06-02 02:06:00,2025-06-02,2025-06-02 10:20:00,10:20 AM,2025-06-02 02:20:00,2025-06-02,2025-06-02 05:55:00,5:55 AM,2025-06-01 21:55:00,null,null,null,null,2025-06-02,2025-06-02 06:05:00,6:05 AM,2025-06-01 22:05:00,False,SZX,AK,2025-06-01,KUL,"""AK 126  """,Departed On Time,null,null,null,null,null,null,null,null,2025-06-02 01:41:11,"""   """,null,null,"""  ""","""   """,null,null,"""     ""","""  """,null,null,null,9M-AGT,2025-06-02 02:20:00,2025-06-01 22:05:00
AK5112_2025-11-07_KUL_BKI,1,D,K10,"""S,T""",2,2025-06-01,2025-06-01 12:57:00,12:57 PM,2025-06-01 04:57:00,null,null,null,null,2025-06-01,2025-06-01 12:30:00,12:30 PM,2025-06-01 04:30:00,2025-06-01,2025-06-01 10:18:00,10:18 AM,2025-06-01 02:18:00,null,null,null,null,2025-06-01,2025-06-01 10:00:00,10:00 AM,2025-06-01 02:00:00,False,BKI,AK,2025-06-01,KUL,"""AK 5112 """,Landed,null,null,null,null,null,null,null,null,2025-06-01 05:11:11,"""   """,null,null,"""  ""","""   """,null,null,"""     ""","""  """,null,null,null,9M-VAF,2025-06-01 04:30:00,2025-06-01 02:00:00
AK380_2025-10-04_KUL_CGK,2,,Q5,"""U,V,W,X,Y""",2,2025-06-04,2025-06-04 07:59:00,7:59 AM,2025-06-04 00:59:00,null,null,null,null,2025-06-04,2025-06-04 08:05:00,8:05 AM,2025-06-04 01:05:00,2025-06-04,2025-06-04 06:57:00,6:57 AM,2025-06-03 22:57:00,null,null,null,null,2025-06-04,2025-06-04 06:55:00,6:55 AM,2025-06-03 22:55:00,False,CGK,AK,2025-06-03,KUL,"""AK 380  """,Landed,null,null,null,null,null,null,null,null,2025-06-04 01:11:10,"""   """,null,null,"""  ""","""   """,null,null,"""     ""","""  """,null,null,null,9M-AGT,2025-06-04 01:05:00,2025-06-03 22:55:00
AK6064_2025-07-28_KCH_BTU,""" """,,3,,""" """,2025-06-03,2025-06-03 08:07:00,8:07 AM,2025-06-03 00:07:00,null,null,null,null,2025-06-03,2025-06-03 08:20:00,8:20 AM,2025-06-03 00:20:00,2025-06-03,2025-06-03 07:16:00,7:16 AM,2025-06-02 23:16:00,null,null,null,null,2025-06-03,2025-06-03 07:30:00,7:30 AM,2025-06-02 23:30:00,False,BTU,AK,2025-06-02,KCH,"""AK 6064 """,Landed,null,null,null,null,null,null,null,null,2025-06-03 00:11:19,"""   """,null,null,"""  ""","""   """,null,null,"""     ""","""  """,null,null,null,9M-AQB,2025-06-03 12:20:00,2025-06-02 23:30:00
AK5302_2025-01-20_JHB_BKI,1,,G4,17-24,""" """,2025-06-01,2025-06-01 12:17:00,12:17 PM,2025-06-01 04:17:00,null,null,null,null,2025-06-01,2025-06-01 12:30:00,12:30 PM,2025-06-01 04:30:00,2025-06-01,2025-06-01 09:58:00,9:58 AM,2025-06-01 01:58:00,null,null,null,null,2025-06-01,2025-06-01 10:10:00,10:10 AM,2025-06-01 02:10:00,False,BKI,AK,2025-06-01,JHB,"""AK 5302 """,Landed,null,null,null,null,null,null,null,null,2025-06-01 05:51:14,JHB,2025-06-01T01:28:00,2025-06-01T00:23:00,AK,PEN,2025-06-01T01:34:00,null,"""6413 ""","""  """,2025-06-01T01:45:00,2025-06-01T00:35:00,null,9M-AJA,2025-06-01 04:30:00,2025-06-01 02:10:00
AK5649_2025-11-21_MYY_KUL,2,2,,12-15,""" """,2025-06-03,2025-06-03 01:15:00,1:15 AM,2025-06-02 17:15:00,null,null,null,null,2025-06-03,2025-06-03 01:20:00,1:20 AM,2025-06-02 17:20:00,2025-06-02,2025-06-02 23:08:00,11:08 PM,2025-06-02 15:08:00,null,null,null,null,2025-06-02,2025-06-02 23:00:00,11:00 PM,2025-06-02 15:00:00,False,KUL,AK,2025-06-02,MYY,"""AK 5649 """,Landed,null,null,null,null,null,null,null,null,2025-06-02 17:31:53,MYY,2025-06-02T14:40:00,2025-06-02T12:27:00,AK,KUL,2025-06-02T14:40:00,2025-06-02T12:30:00,"""5648 ""","""  """,2025-06-02T14:35:00,2025-06-02T12:20:00,null,9M-AGN,2025-06-02 05:20:00,2025-06-02 15:00:00
AK1490_2025-01-12_JHB_SGN,2,,G1,17-24,""" """,2025-06-02,2025-06-02 07:50:00,7:50 AM,2025-06-02 00:50:00,null,null,null,null,2025-06-02,2025-06-02 08:00:00,8:00 AM,2025-06-02 01:00:00,2025-06-02,2025-06-02 06:55:00,6:55 AM,2025-06-01 22:55:00,null,null,null,null,2025-06-02,2025-06-02 07:05:00,7:05 AM,2025-06-01 23:05:00,False,SGN,AK,2025-06-01,JHB,"""AK 1490 """,Landed,null,null,null,null,null,null,null,null,2025-06-02 01:01:17,"""   """,null,null,"""  ""","""   """,null,null,"""     ""","""  """,null,null,null,9M-AGU,2025-06-02 01:00:00,2025-06-01 23:05:00
AK6439_2026-04-10_KBR_KUL,2,1,7,12-15,""" """,2025-06-02,2025-06-02 21:05:00,9:05 PM,2025-06-02 13:05:00,null,null,null,null,2025-06-02,2025-06-02 20:35:00,8:35 PM,2025-06-02 12:35:00,2025-06-02,2025-06-02 20:01:00,8:01 PM,2025-06-02 12:01:00,null,null,null,null,2025-06-02,2025-06-02 19:30:00,7:30 PM,2025-06-02 11:30:00,False,KUL,AK,2025-06-02,KBR,"""AK 6439 """,Landed,null,null,null,null,null,null,null,null,2025-06-02 13:11:10,KBR,2025-06-02T11:25:00,2025-06-02T10:19:00,AK,KUL,2025-06-02T11:25:00,null,"""6438 ""","""  """,2025-06-02T11:05:00,2025-06-02T10:00:00,null,9M-AHZ,2025-06-02 12:35:00,2025-06-02 11:30:00
AK6116_2025-10-23_KUL_PEN,""" """,F,K14,"""S,T""",2,2025-06-02,2025-06-02 18:06:00,6:06 PM,2025-06-02 10:06:00,null,null,null,null,2025-06-02,2025-06-02 17:05:00,5:05 PM,2025-06-02 09:05:00,2025-06-02,2025-06-02 17:12:00,5:12 PM,2025-06-02 09:12:00,null,null,null,null,2025-06-02,2025-06-02 16:05:00,4:05 PM,2025-06-02 08:05:00,False,PEN,AK,2025-06-02,KUL,"""AK 6116 """,landed,null,null,null,null,null,null,null,null,2025-06-02 10:21:17,KUL,2025-06-02T08:03:00,2025-06-02T04:03:00,AK,KWL,2025-06-02T07:59:00,null,"""157  ""","""  """,2025-06-02T08:15:00,2025-06-02T04:05:00,null,9M-AHL,2025-06-02 09:05:00,2025-06-02 08:05:00
AK5874_2025-04-29_KUL_SBW,""" """,,K14,"""S,T""",2,2025-06-01,2025-06-01 20:36:00,8:36 PM,2025-06-01 12:36:00,null,null,null,null,2025-06-01,2025-06-01 20:50:00,8:50 PM,2025-06-01 12:50:00,2025-06-01,2025-06-01 18:40:00,6:40 PM,2025-06-01 10:40:00,null,null,null,null,2025-06-01,2025-06-01 18:45:00,6:45 PM,2025-06-01 10:45:00,False,SBW,AK,2025-06-01,KUL,"""AK 5874 """,Landed,null,null,null,null,null,null,null,null,2025-06-01 12:51:12,KUL,2025-06-01T09:48:00,2025-06-01T05:21:00,AK,KHH,2025-06-01T09:45:00,null,"""171  ""","""  """,2025-06-01T10:05:00,2025-06-01T05:45:00,null,9M-RAM,2025-06-01 12:50:00,2025-06-01 10:45:00
AK826_2025-05-04_KUL_HKT,""" """,1,L7,"""U,V,W,X,Y""",2,2025-06-03,2025-06-03 16:34:00,4:34 PM,2025-06-03 09:34:00,null,null,null,null,2025-06-03,2025-06-03 16:35:00,4:35 PM,2025-06-03 09:35:00,2025-06-03,2025-06-03 16:04:00,4:04 PM,2025-06-03 08:04:00,null,null,null,null,2025-06-03,2025-06-03 16:05:00,4:05 PM,2025-06-03 08:05:00,False,HKT,AK,2025-06-03,KUL,"""AK 826  """,Landed,null,null,null,null,null,null,null,null,2025-06-03 10:41:23,KUL,2025-06-03T07:15:00,2025-06-03T03:18:00,AK,SZX,null,null,"""127  ""","""  """,2025-06-03T07:30:00,2025-06-03T03:25:00,null,9M-RAT,2025-06-03 09:35:00,2025-06-03 08:05:00
AK6358_2025-07-24_KCH_BKI,""" """,D,2,,""" """,2025-06-03,2025-06-03 16:02:00,4:02 PM,2025-06-03 08:02:00,null,null,null,null,2025-06-03,2025-06-03 15:55:00,3:55 PM,2025-06-03 07:55:00,2025-06-03,2025-06-03 14:25:00,2:25 PM,2025-06-03 06:25:00,null,null,null,null,2025-06-03,2025-06-03 14:25:00,2:25 PM,2025-06-03 06:25:00,False,BKI,AK,2025-06-03,KCH,"""AK 6358 """,Landed,null,null,null,null,null,null,null,null,2025-06-03 08:31:11,KCH,2025-06-03T05:55:00,2025-06-03T04:36:00,AK,BKI,2025-06-03T05:57:00,null,"""6359 ""","""  """,2025-06-03T06:00:00,2025-06-03T04:40:00,null,9M-RAC,2025-06-03 07:55:00,2025-06-03 06:25:00
AK426_2024-11-03,,,,,,null,null,null,null,null,null,null,null,2025-06-01,2025-06-01 09:55:00,9:55 AM,2025-06-01 01:55:00,null,null,null,null,null,null,null,null,2025-06-01,2025-06-01 08:00:00,8:00 AM,2025-06-01 01:00:00,False,KUL,AK,2025-06-01,PKU,"""AK 426  """,On Time,null,null,null,null,null,null,null,null,2025-05-31 12:51:12,PKU,null,null,AK,KUL,null,null,"""427  ""","""  """,2025-06-01T00:35:00,2025-05-31T23:40:00,null,9M-AHL,2025-06-01 01:55:00,2025-06-01 01:00:00
AK6082_2025-02-19_JHB_IPH,""" """,,G2,17-24,""" """,2025-06-02,2025-06-02 09:05:00,9:05 AM,2025-06-02 01:05:00,null,null,null,null,2025-06-02,2025-06-02 09:20:00,9:20 AM,2025-06-02 01:20:00,2025-06-02,2025-06-02 08:02:00,8:02 AM,2025-06-02 00:02:00,null,null,null,null,2025-06-02,2025-06-02 08:20:00,8:20 AM,2025-06-02 00:20:00,False,IPH,AK,2025-06-02,JHB,"""AK 6082 """,Landed,null,null,null,null,null,null,null,null,2025-06-02 01:41:14,JHB,2025-06-01T22:33:00,2025-06-01T18:41:00,AK,CAN,2025-06-01T22:45:00,null,"""1395 ""","""  """,2025-06-01T23:00:00,2025-06-01T19:05:00,null,9M-AHE,2025-06-02 01:20:00,2025-06-02 00:20:00
AK93_2025-05-21_ATQ_KUL,2,4,,,""" """,2025-06-02,2025-06-02 07:51:00,7:51 AM,2025-06-01 23:51:00,null,null,null,null,2025-06-02,2025-06-02 07:50:00,7:50 AM,2025-06-01 23:50:00,2025-06-01,2025-06-01 23:37:00,11:37 PM,2025-06-01 18:07:00,null,null,null,null,2025-06-01,2025-06-01 23:35:00,11:35 PM,2025-06-01 18:05:00,False,KUL,AK,2025-06-01,ATQ,"""AK 93   """,landed,null,null,null,null,null,null,null,null,2025-06-02 00:02:52,ATQ,2025-06-01T17:13:00,2025-06-01T11:03:00,AK,KUL,2025-06-01T17:14:00,null,"""94   ""","""  """,2025-06-01T17:10:00,2025-06-01T11:05:00,null,9M-VAD,2025-06-01 11:50:00,2025-06-01 18:05:00
AK607_2025-09-26_PER_KUL,2,5,54,,1,2025-06-03,2025-06-03 03:18:00,3:18 AM,2025-06-02 19:18:00,null,null,null,null,2025-06-03,2025-06-03 02:05:00,2:05 AM,2025-06-02 18:05:00,2025-06-02,2025-06-02 21:43:00,9:43 PM,2025-06-02 13:43:00,null,null,null,null,2025-06-02,2025-06-02 20:30:00,8:30 PM,2025-06-02 12:30:00,False,KUL,AK,2025-06-02,PER,"""AK 607  """,Landed,null,null,null,null,null,null,null,null,2025-06-02 19:31:36,PER,2025-06-02T12:46:00,2025-06-02T07:21:00,AK,KUL,2025-06-02T12:47:00,2025-06-02T07:15:00,"""606  ""","""  """,2025-06-02T11:50:00,2025-06-02T06:10:00,null,9M-VAD,2025-06-02 06:05:00,2025-06-02 12:30:00
AK6263_2024-10-25,,,4,6-9,,2025-06-01,2025-06-01 17:07:00,5:07 PM,2025-06-01 09:07:00,null,null,null,null,2025-06-01,2025-06-01 17:05:00,5:05 PM,2025-06-01 09:05:00,2025-06-01,2025-06-01 16:12:00,4:12 PM,2025-06-01 08:12:00,null,null,null,null,2025-06-01,2025-06-01 16:15:00,4:15 PM,2025-06-01 08:15:00,False,BKI,AK,2025-06-01,TWU,"""AK 6263 """,Landed,null,null,null,null,null,null,null,null,2025-06-01 09:21:15,TWU,2025-06-01T07:34:00,2025-06-01T06:45:00,AK,BKI,2025-06-01T07:40:00,null,"""6262 ""","""  """,2025-06-01T07:50:00,2025-06-01T06:55:00,null,9M-RAQ,2025-06-01 09:05:00,2025-06-01 08:15:00
AK6435_2026-03-07_KBR_KUL,2,1,8,12-15,""" """,2025-06-01,2025-06-01 20:24:00,8:24 PM,2025-06-01 12:24:00,null,null,null,null,2025-06-01,2025-06-01 19:45:00,7:45 PM,2025-06-01 11:45:00,2025-06-01,2025-06-01 19:00:00,7:00 PM,2025-06-01 11:00:00,null,null,null,null,2025-06-01,2025-06-01 18:40:00,6:40 PM,2025-06-01 10:40:00,False,KUL,AK,2025-06-01,KBR,"""AK 6435 """,Landed,null,null,null,null,null,null,null,null,2025-06-01 13:31:11,KBR,2025-06-01T10:35:00,2025-06-01T09:33:00,AK,KUL,2025-06-01T10:38:00,2025-06-01T09:25:00,"""6434 ""","""  """,2025-06-01T10:10:00,2025-06-01T09:05:00,null,9M-RAL,2025-06-01 11:45:00,2025-06-01 10:40:00
AK583_2024-10-30,,7,C1,C01-C07,,2025-06-01,2025-06-01 18:07:00,6:07 PM,2025-06-01 10:07:00,null,null,null,null,2025-06-01,2025-06-01 16:55:00,4:55 PM,2025-06-01 08:55:00,2025-06-01,2025-06-01 14:04:00,2:04 PM,2025-06-01 06:04:00,null,null,null,null,2025-06-01,2025-06-01 12:55:00,12:55 PM,2025-06-01 04:55:00,False,KUL,AK,2025-06-01,MNL,"""AK 583  """,Landed,null,null,null,null,null,null,null,null,2025-06-01 10:41:13,MNL,2025-06-01T05:04:00,2025-06-01T00:48:00,AK,KUL,2025-06-01T04:50:00,null,"""582  ""","""  """,2025-06-01T04:15:00,2025-06-01T00:20:00,null,9M-AHL,2025-06-01 08:55:00,2025-06-01 04:55:00
AK6269_2026-01-24_TWU_BKI,1,F,4,6-9,""" """,2025-06-04,2025-06-04 08:27:00,8:27 AM,2025-06-04 00:27:00,null,null,null,null,2025-06-04,2025-06-04 08:30:00,8:30 AM,2025-06-04 00:30:00,2025-06-04,2025-06-04 07:33:00,7:33 AM,2025-06-03 23:33:00,null,null,null,null,2025-06-04,2025-06-04 07:40:00,7:40 AM,2025-06-03 23:40:00,False,BKI,AK,2025-06-03,TWU,"""AK 6269 """,Landed,null,null,null,null,null,null,null,null,2025-06-04 00:41:15,TWU,2025-06-03T23:09:00,2025-06-03T22:17:00,AK,BKI,2025-06-03T23:13:00,null,"""6268 ""","""  """,2025-06-03T23:15:00,2025-06-03T22:25:00,null,9M-RAP,2025-06-04 12:30:00,2025-06-03 23:40:00
AK6090_2025-06-09_BKI_SBW,""" """,,A12,D01-D16,""" """,2025-06-02,2025-06-02 07:05:00,7:05 AM,2025-06-01 23:05:00,null,null,null,null,2025-06-02,2025-06-02 07:10:00,7:10 AM,2025-06-01 23:10:00,2025-06-02,2025-06-02 05:48:00,5:48 AM,2025-06-01 21:48:00,null,null,null,null,2025-06-02,2025-06-02 06:00:00,6:00 AM,2025-06-01 22:00:00,False,SBW,AK,2025-06-01,BKI,"""AK 6090 """,Landed,null,null,null,null,null,null,null,null,2025-06-02 02:51:13,"""   """,null,null,"""  ""","""   """,null,null,"""     ""","""  """,null,null,null,9M-RAC,2025-06-01 11:10:00,2025-06-01 22:00:00
AK6173_2025-01-24_AOR_JHB,""" """,,1,9-10,""" """,2025-06-01,2025-06-01 22:54:00,10:54 PM,2025-06-01 14:54:00,null,null,null,null,2025-06-01,2025-06-01 22:50:00,10:50 PM,2025-06-01 14:50:00,2025-06-01,2025-06-01 21:46:00,9:46 PM,2025-06-01 13:46:00,null,null,null,null,2025-06-01,2025-06-01 21:35:00,9:35 PM,2025-06-01 13:35:00,False,JHB,AK,2025-06-01,AOR,"""AK 6173 """,Landed,null,null,null,null,null,null,null,null,2025-06-01 17:51:17,AOR,2025-06-01T13:17:00,2025-06-01T12:06:00,AK,JHB,2025-06-01T13:20:00,2025-06-01T12:10:00,"""6172 ""","""  """,2025-06-01T13:05:00,2025-06-01T11:50:00,null,9M-AGM,2025-06-01 02:50:00,2025-06-01 13:35:00
AK6354_2025-07-07_KCH_BKI,1,D,8,,""" """,2025-06-01,2025-06-01 14:55:00,2:55 PM,2025-06-01 06:55:00,null,null,null,null,2025-06-01,2025-06-01 15:10:00,3:10 PM,2025-06-01 07:10:00,2025-06-01,2025-06-01 13:33:00,1:33 PM,2025-06-01 05:33:00,null,null,null,null,2025-06-01,2025-06-01 13:45:00,1:45 PM,2025-06-01 05:45:00,False,BKI,AK,2025-06-01,KCH,"""AK 6354 """,Landed,null,null,null,null,null,null,null,null,2025-06-01 07:01:10,KCH,2025-06-01T04:56:00,2025-06-01T03:38:00,AK,SIN,2025-06-01T05:04:00,null,"""1776 ""","""  """,2025-06-01T05:15:00,2025-06-01T03:45:00,null,9M-AQF,2025-06-01 07:10:00,2025-06-01 05:45:00
AK385_2025-03-14_CGK_KUL,2,9,F3,91-96,2,2025-06-01,2025-06-01 18:29:00,6:29 PM,2025-06-01 10:29:00,null,null,null,null,2025-06-01,2025-06-01 18:15:00,6:15 PM,2025-06-01 10:15:00,2025-06-01,2025-06-01 15:07:00,3:07 PM,2025-06-01 08:07:00,null,null,null,null,2025-06-01,2025-06-01 15:10:00,3:10 PM,2025-06-01 08:10:00,False,KUL,AK,2025-06-01,CGK,"""AK 385  """,Landed,null,null,null,null,null,null,null,null,2025-06-01 13:51:12,CGK,2025-06-01T07:21:00,2025-06-01T05:19:00,AK,KUL,2025-06-01T07:26:00,null,"""384  ""","""  """,2025-06-01T07:25:00,2025-06-01T05:15:00,null,9M-AHZ,2025-06-01 10:15:00,2025-06-01 08:10:00
AK6082_2026-03-14_JHB_IPH,""" """,,G5,17-24,""" """,2025-06-04,2025-06-04 16:14:00,4:14 PM,2025-06-04 08:14:00,null,null,null,null,2025-06-04,2025-06-04 16:25:00,4:25 PM,2025-06-04 08:25:00,2025-06-04,2025-06-04 15:08:00,3:08 PM,2025-06-04 07:08:00,null,null,null,null,2025-06-04,2025-06-04 15:25:00,3:25 PM,2025-06-04 07:25:00,False,IPH,AK,2025-06-04,JHB,"""AK 6082 """,Landed,null,null,null,null,null,null,null,null,2025-06-04 08:41:16,JHB,2025-06-04T06:05:00,2025-06-04T05:10:00,AK,IPH,2025-06-04T06:08:00,null,"""6085 ""","""  """,2025-06-04T06:15:00,2025-06-04T05:20:00,null,9M-AGU,2025-06-04 08:25:00,2025-06-04 07:25:00
AK9049_2025-01-26_BTU_KUL,2,3,,7-10,""" """,2025-06-02,2025-06-02 03:39:00,3:39 AM,2025-06-01 19:39:00,null,null,null,null,2025-06-02,2025-06-02 03:35:00,3:35 AM,2025-06-01 19:35:00,2025-06-02,2025-06-02 01:35:00,1:35 AM,2025-06-01 17:35:00,null,null,null,null,2025-06-02,2025-06-02 01:25:00,1:25 AM,2025-06-01 17:25:00,False,KUL,AK,2025-06-01,BTU,"""AK 9049 """,Landed,null,null,null,null,null,null,null,null,2025-06-01 19:51:18,"""   """,null,null,"""  ""","""   """,null,null,"""     ""","""  """,null,null,null,9M-RAU,2025-06-01 07:35:00,2025-06-01 17:25:00
AK6258_2026-02-25_BKI_TWU,""" """,B,A13,D01-D16,1,2025-06-01,2025-06-01 18:13:00,6:13 PM,2025-06-01 10:13:00,null,null,null,null,2025-06-01,2025-06-01 17:50:00,5:50 PM,2025-06-01 09:50:00,2025-06-01,2025-06-01 17:19:00,5:19 PM,2025-06-01 09:19:00,null,null,null,null,2025-06-01,2025-06-01 17:00:00,5:00 PM,2025-06-01 09:00:00,False,TWU,AK,2025-06-01,BKI,"""AK 6258 """,Landed,null,null,null,null,null,null,null,null,2025-06-01 10:21:17,BKI,2025-06-01T08:47:00,2025-06-01T08:07:00,AK,SDK,2025-06-01T08:49:00,2025-06-01T08:20:00,"""6497 ""","""  """,2025-06-01T08:05:00,2025-06-01T07:20:00,null,9M-RAG,2025-06-01 09:50:00,2025-06-01 09:00:00
AK5740_2025-12-09_KUL_TWU,""" """,,,,2,null,null,null,null,2025-06-01,2025-06-01 13:02:00,1:02 PM,2025-06-01 05:02:00,2025-06-01,2025-06-01 13:10:00,1:10 PM,2025-06-01 05:10:00,null,null,null,null,null,null,null,null,2025-06-01,2025-06-01 10:15:00,10:15 AM,2025-06-01 02:15:00,False,TWU,AK,2025-06-01,KUL,"""AK 5740 """,On Time,null,null,null,null,null,null,null,null,2025-05-31 20:51:09,"""   """,null,null,"""  ""","""   """,null,null,"""     ""","""  """,null,null,null,9M-AGV,2025-06-01 05:10:00,2025-06-01 02:15:00
AK396_2025-05-14_KNO_KUL,2,5,,B,""" """,2025-06-01,2025-06-01 16:16:00,4:16 PM,2025-06-01 08:16:00,null,null,null,null,2025-06-01,2025-06-01 16:15:00,4:15 PM,2025-06-01 08:15:00,2025-06-01,2025-06-01 14:13:00,2:13 PM,2025-06-01 07:13:00,null,null,null,null,2025-06-01,2025-06-01 14:10:00,2:10 PM,2025-06-01 07:10:00,False,KUL,AK,2025-06-01,KNO,"""AK 396  """,Landed,null,null,null,null,null,null,null,null,2025-06-01 09:31:19,KNO,2025-06-01T06:40:00,2025-06-01T05:33:00,AK,KUL,2025-06-01T06:37:00,null,"""397  ""","""  """,2025-06-01T06:45:00,2025-06-01T05:40:00,null,9M-RAJ,2025-06-01 08:15:00,2025-06-01 07:10:00
AK169_2025-01-27_NNG_KUL,2,9,5,A,2,2025-06-01,2025-06-01 21:36:00,9:36 PM,2025-06-01 13:36:00,null,null,null,null,2025-06-01,2025-06-01 21:15:00,9:15 PM,2025-06-01 13:15:00,2025-06-01,2025-06-01 17:49:00,5:49 PM,2025-06-01 09:49:00,null,null,null,null,2025-06-01,2025-06-01 17:30:00,5:30 PM,2025-06-01 09:30:00,False,KUL,AK,2025-06-01,NNG,"""AK 169  """,Landed,null,null,null,null,null,null,null,null,2025-06-01 14:01:12,NNG,2025-06-01T09:03:00,2025-06-01T05:33:00,AK,KUL,2025-06-01T09:09:00,null,"""168  ""","""  """,2025-06-01T08:45:00,2025-06-01T05:10:00,null,9M-RAK,2025-06-01 01:15:00,2025-06-01 09:30:00
AK5106_2025-10-16_KUL_BKI,1,D,J5,"""S,T""",2,null,null,null,null,2025-06-02,2025-06-02 10:30:00,10:30 AM,2025-06-02 02:30:00,2025-06-02,2025-06-02 10:30:00,10:30 AM,2025-06-02 02:30:00,2025-06-02,2025-06-02 07:59:00,7:59 AM,2025-06-01 23:59:00,null,null,null,null,2025-06-02,2025-06-02 08:00:00,8:00 AM,2025-06-02 00:00:00,False,BKI,AK,2025-06-02,KUL,"""AK 5106 """,Departed On Time,null,null,null,null,null,null,null,null,2025-06-02 01:21:09,"""   """,null,null,"""  ""","""   """,null,null,"""     ""","""  """,null,null,null,9M-RAE,2025-06-02 02:30:00,2025-06-02 00:00:00
AK386_2025-08-31_KUL_CGK,2,11,L8,"""U,V,W,X,Y""",2,null,null,null,null,2025-06-02,2025-06-02 23:51:00,11:51 PM,2025-06-02 16:51:00,2025-06-02,2025-06-02 20:00:00,8:00 PM,2025-06-02 13:00:00,2025-06-02,2025-06-02 22:45:00,10:45 PM,2025-06-02 14:45:00,null,null,null,null,2025-06-02,2025-06-02 18:35:00,6:35 PM,2025-06-02 10:35:00,False,CGK,AK,2025-06-02,KUL,"""AK 386  """,Departed,null,null,null,null,null,null,null,null,2025-06-02 15:51:11,KUL,2025-06-02T13:54:00,2025-06-02T10:29:00,AK,NNG,2025-06-02T14:00:00,null,"""169  ""","""  """,2025-06-02T13:10:00,2025-06-02T09:30:00,null,9M-AHL,2025-06-02 01:00:00,2025-06-02 10:35:00
AK1394_2025-02-14_JHB_CAN,1,3,2PLB,17-24,""" """,2025-06-02,2025-06-02 01:37:00,1:37 AM,2025-06-01 17:37:00,null,null,null,null,2025-06-02,2025-06-02 02:00:00,2:00 AM,2025-06-01 18:00:00,2025-06-01,2025-06-01 21:40:00,9:40 PM,2025-06-01 13:40:00,null,null,null,null,2025-06-01,2025-06-01 22:00:00,10:00 PM,2025-06-01 14:00:00,False,CAN,AK,2025-06-01,JHB,"""AK 1394 """,Landed,null,null,null,null,null,null,null,null,2025-06-01 19:11:18,JHB,2025-06-01T09:40:00,2025-06-01T08:44:00,AK,IPH,2025-06-01T09:41:00,null,"""6085 ""","""  """,2025-06-01T09:50:00,2025-06-01T08:55:00,null,9M-AGU,2025-06-01 06:00:00,2025-06-01 14:00:00
AK5323_2025-02-08_BKI_PEN,""" """,F,A12,D01-D16,""" """,2025-06-03,2025-06-03 09:46:00,9:46 AM,2025-06-03 01:46:00,null,null,null,null,2025-06-03,2025-06-03 09:50:00,9:50 AM,2025-06-03 01:50:00,2025-06-03,2025-06-03 07:01:00,7:01 AM,2025-06-02 23:01:00,null,null,null,null,2025-06-03,2025-06-03 07:10:00,7:10 AM,2025-06-02 23:10:00,False,PEN,AK,2025-06-02,BKI,"""AK 5323 """,Landed,null,null,null,null,null,null,null,null,2025-06-03 02:11:13,"""   """,null,null,"""  ""","""   """,null,null,"""     ""","""  """,null,null,null,9M-RAA,2025-06-03 01:50:00,2025-06-02 23:10:00
AK33_2024-11-05,,,P21,"""U,V,W,X,Y""",,2025-06-01,2025-06-01 23:33:00,11:33 PM,2025-06-01 18:03:00,null,null,null,null,2025-06-01,2025-06-01 23:25:00,11:25 PM,2025-06-01 17:55:00,2025-06-01,2025-06-01 21:47:00,9:47 PM,2025-06-01 13:47:00,null,null,null,null,2025-06-01,2025-06-01 21:55:00,9:55 PM,2025-06-01 13:55:00,False,CCJ,AK,2025-06-01,KUL,"""AK 33   """,LANDED,null,null,null,null,null,null,null,null,2025-06-01 18:11:14,KUL,2025-06-01T09:10:00,2025-06-01T07:44:00,AK,LGK,2025-06-01T09:09:00,null,"""6329 ""","""  """,2025-06-01T07:45:00,2025-06-01T06:35:00,null,9M-AGJ,2025-06-01 05:55:00,2025-06-01 13:55:00
AK380_2024-12-23,2,13,L5,"""U,V,W,X,Y""",2,2025-06-02,2025-06-02 08:12:00,8:12 AM,2025-06-02 01:12:00,null,null,null,null,2025-06-02,2025-06-02 08:05:00,8:05 AM,2025-06-02 01:05:00,2025-06-02,2025-06-02 07:02:00,7:02 AM,2025-06-01 23:02:00,null,null,null,null,2025-06-02,2025-06-02 07:00:00,7:00 AM,2025-06-01 23:00:00,False,CGK,AK,2025-06-01,KUL,"""AK 380  """,Landed,null,null,null,null,null,null,null,null,2025-06-02 02:51:11,"""   """,null,null,"""  ""","""   """,null,null,"""     ""","""  """,null,null,null,9M-AJD,2025-06-02 01:05:00,2025-06-01 23:00:00
AK583_2025-04-03_MNL_KUL,2,,C1,C01-C07,3,null,null,null,null,2025-06-02,2025-06-02 18:17:00,6:17 PM,2025-06-02 10:17:00,2025-06-02,2025-06-02 17:15:00,5:15 PM,2025-06-02 09:15:00,2025-06-02,2025-06-02 14:25:00,2:25 PM,2025-06-02 06:25:00,null,null,null,null,2025-06-02,2025-06-02 13:15:00,1:15 PM,2025-06-02 05:15:00,False,KUL,AK,2025-06-02,MNL,"""AK 583  """,Departed,null,null,null,null,null,null,null,null,2025-06-02 07:01:16,MNL,2025-06-02T05:39:00,2025-06-02T01:39:00,AK,KUL,2025-06-02T05:34:00,null,"""582  ""","""  """,2025-06-02T04:15:00,2025-06-02T00:10:00,null,9M-DAE,2025-06-02 09:15:00,2025-06-02 05:15:00
AK5138_2026-03-16_KUL_BKI,1,D,J5,"""S,T""",2,null,null,null,null,2025-06-02,2025-06-02 18:45:00,6:45 PM,2025-06-02 10:45:00,2025-06-02,2025-06-02 15:35:00,3:35 PM,2025-06-02 07:35:00,2025-06-02,2025-06-02 16:10:00,4:10 PM,2025-06-02 08:10:00,null,null,null,null,2025-06-02,2025-06-02 13:00:00,1:00 PM,2025-06-02 05:00:00,False,BKI,AK,2025-06-02,KUL,"""AK 5138 """,Landed,null,null,null,null,null,null,null,null,2025-06-02 10:51:19,"""   """,null,null,"""  ""","""   """,null,null,"""     ""","""  """,null,null,null,9M-AGI,2025-06-02 07:35:00,2025-06-02 05:00:00
AK5111_2026-01-02_BKI_KUL,2,1,A3,D01-D16,1,2025-06-03,2025-06-03 11:13:00,11:13 AM,2025-06-03 03:13:00,null,null,null,null,2025-06-03,2025-06-03 10:25:00,10:25 AM,2025-06-03 02:25:00,2025-06-03,2025-06-03 08:46:00,8:46 AM,2025-06-03 00:46:00,null,null,null,null,2025-06-03,2025-06-03 07:50:00,7:50 AM,2025-06-02 23:50:00,False,KUL,AK,2025-06-02,BKI,"""AK 5111 """,Landed,null,null,null,null,null,null,null,null,2025-06-03 03:31:22,BKI,2025-06-02T21:38:00,2025-06-02T16:23:00,AK,PKX,2025-06-02T21:50:00,null,"""1561 ""","""  """,2025-06-02T21:35:00,2025-06-02T16:15:00,null,9M-RAP,2025-06-03 02:25:00,2025-06-02 23:50:00
AK823_2025-04-22_HKT_KUL,2,,,,""" """,2025-06-01,2025-06-01 18:03:00,6:03 PM,2025-06-01 10:03:00,null,null,null,null,2025-06-01,2025-06-01 18:00:00,6:00 PM,2025-06-01 10:00:00,2025-06-01,2025-06-01 15:30:00,3:30 PM,2025-06-01 08:30:00,null,null,null,null,2025-06-01,2025-06-01 15:30:00,3:30 PM,2025-06-01 08:30:00,False,KUL,AK,2025-06-01,HKT,"""AK 823  """,Landed,null,null,null,null,null,null,null,null,2025-06-01 10:11:14,HKT,2025-06-01T07:56:00,2025-06-01T06:28:00,AK,KUL,2025-06-01T07:59:00,null,"""822  ""","""  """,2025-06-01T07:55:00,2025-06-01T06:30:00,null,9M-RAC,2025-06-01 10:00:00,2025-06-01 08:30:00
AK5221_2025-01-29_KCH_KUL,2,1,6,,""" """,2025-06-01,2025-06-01 18:03:00,6:03 PM,2025-06-01 10:03:00,null,null,null,null,2025-06-01,2025-06-01 18:10:00,6:10 PM,2025-06-01 10:10:00,2025-06-01,2025-06-01 16:20:00,4:20 PM,2025-06-01 08:20:00,null,null,null,null,2025-06-01,2025-06-01 16:25:00,4:25 PM,2025-06-01 08:25:00,False,KUL,AK,2025-06-01,KCH,"""AK 5221 """,Landed,null,null,null,null,null,null,null,null,2025-06-01 12:51:12,KCH,2025-06-01T07:41:00,2025-06-01T05:39:00,AK,PEN,2025-06-01T07:39:00,null,"""5432 ""","""  """,2025-06-01T07:55:00,2025-06-01T05:55:00,null,9M-AQM,2025-06-01 10:10:00,2025-06-01 08:25:00
AK6145_2024-11-15,,3,A1A,24-36,,2025-06-02,2025-06-02 07:28:00,7:28 AM,2025-06-01 23:28:00,null,null,null,null,2025-06-02,2025-06-02 07:40:00,7:40 AM,2025-06-01 23:40:00,2025-06-02,2025-06-02 06:25:00,6:25 AM,2025-06-01 22:25:00,null,null,null,null,2025-06-02,2025-06-02 06:35:00,6:35 AM,2025-06-01 22:35:00,False,KUL,AK,2025-06-01,PEN,"""AK 6145 """,Landed,null,null,null,null,null,null,null,null,2025-06-02 00:31:11,"""   """,null,null,"""  ""","""   """,null,null,"""     ""","""  """,null,null,null,9M-AFV,2025-06-01 11:40:00,2025-06-01 22:35:00
AK6331_2026-02-08_KUL_LGK,""" """,2,K4,"""S,T""",2,2025-06-02,2025-06-02 16:40:00,4:40 PM,2025-06-02 08:40:00,null,null,null,null,2025-06-02,2025-06-02 16:10:00,4:10 PM,2025-06-02 08:10:00,2025-06-02,2025-06-02 15:41:00,3:41 PM,2025-06-02 07:41:00,null,null,null,null,2025-06-02,2025-06-02 15:05:00,3:05 PM,2025-06-02 07:05:00,False,LGK,AK,2025-06-02,KUL,"""AK 6331 """,Landed,null,null,null,null,null,null,null,null,2025-06-02 09:01:10,KUL,2025-06-02T07:12:00,2025-06-02T05:41:00,AK,KBV,2025-06-02T07:14:00,2025-06-02T05:35:00,"""867  ""","""  """,2025-06-02T06:45:00,2025-06-02T05:20:00,null,9M-AGN,2025-06-02 08:10:00,2025-06-02 07:05:00
AK711_2025-01-16_KUL_SIN,4,6,L20,"""U,V,W,X,Y""",2,2025-06-02,2025-06-02 13:43:00,1:43 PM,2025-06-02 05:43:00,null,null,null,null,2025-06-02,2025-06-02 13:40:00,1:40 PM,2025-06-02 05:40:00,2025-06-02,2025-06-02 12:32:00,12:32 PM,2025-06-02 04:32:00,null,null,null,null,2025-06-02,2025-06-02 12:30:00,12:30 PM,2025-06-02 04:30:00,False,SIN,AK,2025-06-02,KUL,"""AK 711  """,Landed,null,null,null,null,null,null,null,null,2025-06-02 06:11:13,KUL,2025-06-02T03:58:00,2025-06-02T02:57:00,AK,PEN,2025-06-02T03:55:00,null,"""6119 ""","""  """,2025-06-02T04:00:00,2025-06-02T03:00:00,null,9M-AQO,2025-06-02 05:40:00,2025-06-02 04:30:00
AK74_2024-12-19,""" """,,P1,"""U,V,W,X,Y""",2,2025-06-01,2025-06-01 10:06:00,10:06 AM,2025-06-01 05:06:00,null,null,null,null,2025-06-01,2025-06-01 09:55:00,9:55 AM,2025-06-01 04:55:00,2025-06-01,2025-06-01 08:58:00,8:58 AM,2025-06-01 00:58:00,null,null,null,null,2025-06-01,2025-06-01 08:40:00,8:40 AM,2025-06-01 00:40:00,False,MLE,AK,2025-06-01,KUL,"""AK 74   """,Landed,null,null,null,null,null,null,null,null,2025-06-01 05:11:14,KUL,2025-06-01T00:04:00,2025-05-31T19:38:00,AK,TRV,2025-06-01T00:03:00,2025-05-31T19:35:00,"""8    ""","""  """,2025-05-31T23:05:00,2025-05-31T18:55:00,null,9M-AGV,2025-06-01 04:55:00,2025-06-01 00:40:00
AK6267_2024-12-22,1,,4,6-9,""" """,2025-06-01,2025-06-01 15:50:00,3:50 PM,2025-06-01 07:50:00,null,null,null,null,2025-06-01,2025-06-01 14:40:00,2:40 PM,2025-06-01 06:40:00,2025-06-01,2025-06-01 14:58:00,2:58 PM,2025-06-01 06:58:00,null,null,null,null,2025-06-01,2025-06-01 13:50:00,1:50 PM,2025-06-01 05:50:00,False,BKI,AK,2025-06-01,TWU,"""AK 6267 """,Landed,null,null,null,null,null,null,null,null,2025-06-01 07:51:13,TWU,2025-06-01T06:15:00,2025-06-01T05:24:00,AK,BKI,2025-06-01T06:21:00,null,"""6266 ""","""  """,2025-06-01T05:25:00,2025-06-01T04:35:00,null,9M-RAA,2025-06-01 06:40:00,2025-06-01 05:50:00
AK6123_2025-10-14_PEN_KUL,2,1,B3,24-36,""" """,2025-06-01,2025-06-01 08:52:00,8:52 AM,2025-06-01 00:52:00,null,null,null,null,2025-06-01,2025-06-01 09:10:00,9:10 AM,2025-06-01 01:10:00,2025-06-01,2025-06-01 07:54:00,7:54 AM,2025-05-31 23:54:00,null,null,null,null,2025-06-01,2025-06-01 08:10:00,8:10 AM,2025-06-01 00:10:00,False,KUL,AK,2025-06-01,PEN,"""AK 6123 """,Landed,null,null,null,null,null,null,null,null,2025-06-01 05:51:15,PEN,2025-05-31T23:26:00,2025-05-31T22:34:00,AK,KUL,2025-05-31T23:24:00,null,"""6124 ""","""  """,2025-05-31T23:40:00,2025-05-31T22:40:00,null,9M-RCB,2025-06-01 01:10:00,2025-06-01 00:10:00
AK5302_2025-06-03_JHB_BKI,1,,,17-24,""" """,2025-06-02,2025-06-02 12:26:00,12:26 PM,2025-06-02 04:26:00,null,null,null,null,2025-06-02,2025-06-02 12:30:00,12:30 PM,2025-06-02 04:30:00,2025-06-02,2025-06-02 10:09:00,10:09 AM,2025-06-02 02:09:00,null,null,null,null,2025-06-02,2025-06-02 10:10:00,10:10 AM,2025-06-02 02:10:00,False,BKI,AK,2025-06-02,JHB,"""AK 5302 """,Landed,null,null,null,null,null,null,null,null,2025-06-02 04:31:14,JHB,2025-06-02T01:46:00,2025-06-02T00:40:00,AK,PEN,2025-06-02T01:51:00,null,"""6413 ""","""  """,2025-06-02T01:45:00,2025-06-02T00:35:00,null,9M-AGT,2025-06-02 04:30:00,2025-06-02 02:10:00
AK6498_2025-02-02_BKI_SDK,""" """,,A9,D01-D16,1,2025-06-01,2025-06-01 17:15:00,5:15 PM,2025-06-01 09:15:00,null,null,null,null,2025-06-01,2025-06-01 16:55:00,4:55 PM,2025-06-01 08:55:00,2025-06-01,2025-06-01 16:27:00,4:27 PM,2025-06-01 08:27:00,null,null,null,null,2025-06-01,2025-06-01 16:05:00,4:05 PM,2025-06-01 08:05:00,False,SDK,AK,2025-06-01,BKI,"""AK 6498 """,Landed,null,null,null,null,null,null,null,null,2025-06-01 09:41:12,BKI,2025-06-01T07:57:00,2025-06-01T05:10:00,AK,PEN,2025-06-01T08:15:00,2025-06-01T05:06:00,"""5322 ""","""  """,2025-06-01T07:35:00,2025-06-01T04:45:00,null,9M-RAA,2025-06-01 08:55:00,2025-06-01 08:05:00
AK5218_2025-12-10_KUL_KCH,""" """,C,K18,"""S,T""",2,2025-06-03,2025-06-03 21:36:00,9:36 PM,2025-06-03 13:36:00,null,null,null,null,2025-06-03,2025-06-03 21:45:00,9:45 PM,2025-06-03 13:45:00,2025-06-03,2025-06-03 19:55:00,7:55 PM,2025-06-03 11:55:00,null,null,null,null,2025-06-03,2025-06-03 19:55:00,7:55 PM,2025-06-03 11:55:00,False,KCH,AK,2025-06-03,KUL,"""AK 5218 """,Landed,null,null,null,null,null,null,null,null,2025-06-03 13:41:26,KUL,2025-06-03T11:02:00,2025-06-03T09:03:00,AK,SGN,2025-06-03T11:00:00,null,"""523  ""","""  """,2025-06-03T11:10:00,2025-06-03T09:10:00,null,9M-AQM,2025-06-03 01:45:00,2025-06-03 11:55:00
AK6341_2025-08-20_BTU_BKI,1,D,PBB2,7-10,""" """,2025-06-03,2025-06-03 08:19:00,8:19 AM,2025-06-03 00:19:00,null,null,null,null,2025-06-03,2025-06-03 08:25:00,8:25 AM,2025-06-03 00:25:00,2025-06-03,2025-06-03 07:14:00,7:14 AM,2025-06-02 23:14:00,null,null,null,null,2025-06-03,2025-06-03 07:25:00,7:25 AM,2025-06-02 23:25:00,False,BKI,AK,2025-06-02,BTU,"""AK 6341 """,Landed,null,null,null,null,null,null,null,null,2025-06-03 00:31:13,BTU,2025-06-02T22:48:00,2025-06-02T21:52:00,AK,BKI,2025-06-02T22:50:00,null,"""6340 ""","""  """,2025-06-02T23:00:00,2025-06-02T22:00:00,null,9M-RAC,2025-06-03 12:25:00,2025-06-02 23:25:00
AK868_2025-12-15_KUL_KBV,""" """,2,L1,"""U,V,W,X,Y""",2,2025-06-02,2025-06-02 14:20:00,2:20 PM,2025-06-02 07:20:00,null,null,null,null,2025-06-02,2025-06-02 13:55:00,1:55 PM,2025-06-02 06:55:00,2025-06-02,2025-06-02 13:53:00,1:53 PM,2025-06-02 05:53:00,null,null,null,null,2025-06-02,2025-06-02 13:40:00,1:40 PM,2025-06-02 05:40:00,False,KBV,AK,2025-06-02,KUL,"""AK 868  """,Landed,null,null,null,null,null,null,null,null,2025-06-02 08:01:21,KUL,2025-06-02T05:16:00,2025-06-02T03:48:00,AK,PLM,2025-06-02T05:25:00,null,"""461  ""","""  """,2025-06-02T05:00:00,2025-06-02T03:30:00,null,9M-AGE,2025-06-02 06:55:00,2025-06-02 05:40:00
AK390_2025-10-27_KNO_KUL,2,5,,B,""" """,2025-06-02,2025-06-02 14:39:00,2:39 PM,2025-06-02 06:39:00,null,null,null,null,2025-06-02,2025-06-02 13:00:00,1:00 PM,2025-06-02 05:00:00,2025-06-02,2025-06-02 12:30:00,12:30 PM,2025-06-02 05:30:00,null,null,null,null,2025-06-02,2025-06-02 11:00:00,11:00 AM,2025-06-02 04:00:00,False,KUL,AK,2025-06-02,KNO,"""AK 390  """,Landed,null,null,null,null,null,null,null,null,2025-06-02 09:51:12,KNO,2025-06-02T05:01:00,2025-06-02T03:58:00,AK,KUL,2025-06-02T05:02:00,2025-06-02T04:00:00,"""391  ""","""  """,2025-06-02T03:35:00,2025-06-02T02:35:00,null,9M-RAT,2025-06-02 05:00:00,2025-06-02 04:00:00
AK524_2025-04-18_KUL_SGN,2,,L3,"""U,V,W,X,Y""",2,2025-06-02,2025-06-02 21:29:00,9:29 PM,2025-06-02 14:29:00,null,null,null,null,2025-06-02,2025-06-02 20:40:00,8:40 PM,2025-06-02 13:40:00,2025-06-02,2025-06-02 20:21:00,8:21 PM,2025-06-02 12:21:00,null,null,null,null,2025-06-02,2025-06-02 19:35:00,7:35 PM,2025-06-02 11:35:00,False,SGN,AK,2025-06-02,KUL,"""AK 524  """,Landed,null,null,null,null,null,null,null,null,2025-06-02 14:41:19,KUL,2025-06-02T10:59:00,2025-06-02T08:35:00,AK,DMK,2025-06-02T11:02:00,2025-06-02T08:34:00,"""885  ""","""  """,2025-06-02T10:35:00,2025-06-02T08:15:00,null,9M-AJN,2025-06-02 01:40:00,2025-06-02 11:35:00
AK825_2026-02-02_HKT_KUL,2,8,15,D2-D5,""" """,2025-06-02,2025-06-02 16:26:00,4:26 PM,2025-06-02 08:26:00,null,null,null,null,2025-06-02,2025-06-02 16:10:00,4:10 PM,2025-06-02 08:10:00,2025-06-02,2025-06-02 13:56:00,1:56 PM,2025-06-02 06:56:00,null,null,null,null,2025-06-02,2025-06-02 13:35:00,1:35 PM,2025-06-02 06:35:00,False,KUL,AK,2025-06-02,HKT,"""AK 825  """,Landed,null,null,null,null,null,null,null,null,2025-06-02 08:41:22,HKT,2025-06-02T06:17:00,2025-06-02T04:43:00,AK,KUL,2025-06-02T06:10:00,null,"""824  ""","""  """,2025-06-02T06:00:00,2025-06-02T04:30:00,null,9M-AQQ,2025-06-02 08:10:00,2025-06-02 06:35:00
AK6131_2025-04-17_PEN_KUL,2,,,24-36,""" """,2025-06-01,2025-06-01 21:26:00,9:26 PM,2025-06-01 13:26:00,null,null,null,null,2025-06-01,2025-06-01 17:45:00,5:45 PM,2025-06-01 09:45:00,2025-06-01,2025-06-01 20:12:00,8:12 PM,2025-06-01 12:12:00,null,null,null,null,2025-06-01,2025-06-01 16:40:00,4:40 PM,2025-06-01 08:40:00,False,KUL,AK,2025-06-01,PEN,"""AK 6131 """,Landed,null,null,null,null,null,null,null,null,2025-06-01 13:51:12,SIN,2025-06-01T09:53:00,2025-06-01T08:01:00,AK,PEN,2025-06-01T09:31:00,null,"""1725 ""","""  """,2025-06-01T09:10:00,2025-06-01T07:35:00,null,9M-DAE,2025-06-01 09:45:00,2025-06-01 08:40:00
AK6441_2025-09-01_KBR_KUL,2,1,8,12-15,""" """,2025-06-01,2025-06-01 19:00:00,7:00 PM,2025-06-01 11:00:00,null,null,null,null,2025-06-01,2025-06-01 18:55:00,6:55 PM,2025-06-01 10:55:00,2025-06-01,2025-06-01 17:50:00,5:50 PM,2025-06-01 09:50:00,null,null,null,null,2025-06-01,2025-06-01 17:50:00,5:50 PM,2025-06-01 09:50:00,False,KUL,AK,2025-06-01,KBR,"""AK 6441 """,Landed,null,null,null,null,null,null,null,null,2025-06-01 11:31:53,KCH,null,null,AK,KUL,2025-06-01T13:11:00,2025-06-01T11:25:00,"""5214 ""","""  """,2025-06-01T11:15:00,2025-06-01T09:30:00,null,9M-AGI,2025-06-01 10:55:00,2025-06-01 09:50:00
AK6262_2025-10-11_BKI_TWU,""" """,B,A5,D01-D16,1,2025-06-03,2025-06-03 18:28:00,6:28 PM,2025-06-03 10:28:00,null,null,null,null,2025-06-03,2025-06-03 18:30:00,6:30 PM,2025-06-03 10:30:00,2025-06-03,2025-06-03 17:35:00,5:35 PM,2025-06-03 09:35:00,null,null,null,null,2025-06-03,2025-06-03 17:40:00,5:40 PM,2025-06-03 09:40:00,False,TWU,AK,2025-06-03,BKI,"""AK 6262 """,Landed,null,null,null,null,null,null,null,null,2025-06-03 10:51:16,BKI,2025-06-03T08:32:00,2025-06-03T06:27:00,AK,SGN,2025-06-03T08:42:00,null,"""1631 ""","""  """,2025-06-03T08:35:00,2025-06-03T06:25:00,null,9M-RAD,2025-06-03 10:30:00,2025-06-03 09:40:00
AK701_2025-08-02_KUL_SIN,4,1,Q7,"""U,V,W,X,Y""",2,2025-06-02,2025-06-02 07:23:00,7:23 AM,2025-06-01 23:23:00,null,null,null,null,2025-06-02,2025-06-02 07:15:00,7:15 AM,2025-06-01 23:15:00,2025-06-02,2025-06-02 06:15:00,6:15 AM,2025-06-01 22:15:00,null,null,null,null,2025-06-02,2025-06-02 06:05:00,6:05 AM,2025-06-01 22:05:00,False,SIN,AK,2025-06-01,KUL,"""AK 701  """,LANDED,null,null,null,null,null,null,null,null,2025-06-01 23:51:09,"""   """,null,null,"""  ""","""   """,null,null,"""     ""","""  """,null,null,null,9M-VAG,2025-06-01 11:15:00,2025-06-01 22:05:00
AK529_2024-12-27,2,5,,"""I,J""",2,2025-06-01,2025-06-01 13:44:00,1:44 PM,2025-06-01 05:44:00,null,null,null,null,2025-06-01,2025-06-01 13:35:00,1:35 PM,2025-06-01 05:35:00,2025-06-01,2025-06-01 10:39:00,10:39 AM,2025-06-01 03:39:00,null,null,null,null,2025-06-01,2025-06-01 10:35:00,10:35 AM,2025-06-01 03:35:00,False,KUL,AK,2025-06-01,SGN,"""AK 529  """,Landed,null,null,null,null,null,null,null,null,2025-06-01 06:01:38,SGN,2025-06-01T02:53:00,2025-06-01T00:56:00,AK,KUL,2025-06-01T03:00:00,null,"""528  ""","""  """,2025-06-01T03:05:00,2025-06-01T01:00:00,null,9M-AGB,2025-06-01 05:35:00,2025-06-01 03:35:00
AK376_2025-09-03_KUL_DPS,I,2,L9,"""U,V,W,X,Y""",2,2025-06-01,2025-06-01 14:16:00,2:16 PM,2025-06-01 06:16:00,null,null,null,null,2025-06-01,2025-06-01 14:10:00,2:10 PM,2025-06-01 06:10:00,2025-06-01,2025-06-01 11:05:00,11:05 AM,2025-06-01 03:05:00,null,null,null,null,2025-06-01,2025-06-01 11:05:00,11:05 AM,2025-06-01 03:05:00,False,DPS,AK,2025-06-01,KUL,"""AK 376  """,Landed,null,null,null,null,null,null,null,null,2025-06-01 06:41:13,KUL,2025-06-01T02:13:00,2025-06-01T01:03:00,AK,SIN,2025-06-01T02:16:00,null,"""702  ""","""  """,2025-06-01T02:25:00,2025-06-01T01:10:00,null,9M-VAC,2025-06-01 06:10:00,2025-06-01 03:05:00
AK6192_2026-04-11_KCH_MYY,""" """,,7,,""" """,2025-06-03,2025-06-03 12:11:00,12:11 PM,2025-06-03 04:11:00,null,null,null,null,2025-06-03,2025-06-03 12:35:00,12:35 PM,2025-06-03 04:35:00,2025-06-03,2025-06-03 11:16:00,11:16 AM,2025-06-03 03:16:00,null,null,null,null,2025-06-03,2025-06-03 11:35:00,11:35 AM,2025-06-03 03:35:00,False,MYY,AK,2025-06-03,KCH,"""AK 6192 """,Landed,null,null,null,null,null,null,null,null,2025-06-03 04:21:09,KCH,2025-06-03T02:48:00,2025-06-03T02:07:00,AK,PNK,2025-06-03T02:53:00,null,"""1782 ""","""  """,2025-06-03T03:05:00,2025-06-03T02:20:00,null,9M-AGM,2025-06-03 04:35:00,2025-06-03 03:35:00
AK6352_2025-12-21_KCH_BKI,1,D,3,,""" """,2025-06-03,2025-06-03 18:46:00,6:46 PM,2025-06-03 10:46:00,null,null,null,null,2025-06-03,2025-06-03 14:40:00,2:40 PM,2025-06-03 06:40:00,2025-06-03,2025-06-03 17:10:00,5:10 PM,2025-06-03 09:10:00,null,null,null,null,2025-06-03,2025-06-03 13:10:00,1:10 PM,2025-06-03 05:10:00,False,BKI,AK,2025-06-03,KCH,"""AK 6352 """,Landed,null,null,null,null,null,null,null,null,2025-06-03 11:01:18,BKI,2025-06-03T04:15:00,2025-06-03T03:32:00,AK,SDK,2025-06-03T04:17:00,null,"""6487 ""","""  """,2025-06-03T04:25:00,2025-06-03T03:40:00,null,9M-RAI,2025-06-03 06:40:00,2025-06-03 05:10:00
AK1721_2025-11-17_PEN_SIN,4,4,A1A,24-36,""" """,2025-06-01,2025-06-01 11:29:00,11:29 AM,2025-06-01 03:29:00,null,null,null,null,2025-06-01,2025-06-01 11:20:00,11:20 AM,2025-06-01 03:20:00,2025-06-01,2025-06-01 09:59:00,9:59 AM,2025-06-01 01:59:00,null,null,null,null,2025-06-01,2025-06-01 09:55:00,9:55 AM,2025-06-01 01:55:00,False,SIN,AK,2025-06-01,PEN,"""AK 1721 """,Landed,null,null,null,null,null,null,null,null,2025-06-01 03:41:13,PEN,2025-06-01T01:24:00,2025-06-01T00:14:00,AK,JHB,2025-06-01T01:25:00,null,"""6412 ""","""  """,2025-06-01T01:30:00,2025-06-01T00:20:00,null,9M-AQQ,2025-06-01 03:20:00,2025-06-01 01:55:00
AK5436_2025-04-17_KCH_PEN,""" """,,,,""" """,2025-06-01,2025-06-01 21:48:00,9:48 PM,2025-06-01 13:48:00,null,null,null,null,2025-06-01,2025-06-01 21:00:00,9:00 PM,2025-06-01 13:00:00,2025-06-01,2025-06-01 19:44:00,7:44 PM,2025-06-01 11:44:00,null,null,null,null,2025-06-01,2025-06-01 19:00:00,7:00 PM,2025-06-01 11:00:00,False,PEN,AK,2025-06-01,KCH,"""AK 5436 """,On-Time,null,null,null,null,null,null,null,null,2025-06-01 15:41:11,KCH,2025-06-01T11:12:00,2025-06-01T09:45:00,AK,JHB,2025-06-01T11:10:00,2025-06-01T09:40:00,"""5418 ""","""  """,2025-06-01T10:35:00,2025-06-01T09:10:00,null,9M-AQF,2025-06-01 01:00:00,2025-06-01 11:00:00
AK5244_2025-09-07_KUL_BTU,""" """,,K16,"""S,T""",2,2025-06-01,2025-06-01 14:18:00,2:18 PM,2025-06-01 06:18:00,null,null,null,null,2025-06-01,2025-06-01 14:15:00,2:15 PM,2025-06-01 06:15:00,2025-06-01,2025-06-01 12:11:00,12:11 PM,2025-06-01 04:11:00,null,null,null,null,2025-06-01,2025-06-01 12:05:00,12:05 PM,2025-06-01 04:05:00,False,BTU,AK,2025-06-01,KUL,"""AK 5244 """,Landed,null,null,null,null,null,null,null,null,2025-06-01 06:31:12,KUL,2025-06-01T03:28:00,2025-06-01T01:33:00,AK,SGN,2025-06-01T03:36:00,null,"""521  ""","""  """,2025-06-01T03:35:00,2025-06-01T01:35:00,null,9M-AGH,2025-06-01 06:15:00,2025-06-01 04:05:00
AK116_2026-01-19_KUL_CAN,1,5,L12,"""U,V,W,X,Y""",2,2025-06-04,2025-06-04 21:37:00,9:37 PM,2025-06-04 13:37:00,null,null,null,null,2025-06-04,2025-06-04 20:20:00,8:20 PM,2025-06-04 12:20:00,2025-06-04,2025-06-04 17:35:00,5:35 PM,2025-06-04 09:35:00,null,null,null,null,2025-06-04,2025-06-04 16:10:00,4:10 PM,2025-06-04 08:10:00,False,CAN,AK,2025-06-04,KUL,"""AK 116  """,Landed,null,null,null,null,null,null,null,null,2025-06-04 13:41:14,KUL,2025-06-04T08:56:00,2025-06-04T06:15:00,AK,BKI,2025-06-04T08:45:00,2025-06-04T05:55:00,"""5113 ""","""  """,2025-06-04T07:35:00,2025-06-04T05:05:00,null,9M-VAB,2025-06-04 12:20:00,2025-06-04 08:10:00
AK5211_2025-04-06_KCH_KUL,2,2,,,""" """,2025-06-01,2025-06-01 23:27:00,11:27 PM,2025-06-01 15:27:00,null,null,null,null,2025-06-01,2025-06-01 22:10:00,10:10 PM,2025-06-01 14:10:00,2025-06-01,2025-06-01 21:29:00,9:29 PM,2025-06-01 13:29:00,null,null,null,null,2025-06-01,2025-06-01 20:25:00,8:25 PM,2025-06-01 12:25:00,False,KUL,AK,2025-06-01,KCH,"""AK 5211 """,Landed,null,null,null,null,null,null,null,null,2025-06-01 15:41:20,KCH,2025-06-01T12:48:00,2025-06-01T11:03:00,AK,KUL,2025-06-01T12:50:00,2025-06-01T10:43:00,"""5206 ""","""  """,2025-06-01T11:55:00,2025-06-01T10:05:00,null,9M-AHL,2025-06-01 02:10:00,2025-06-01 12:25:00
AK5115_2025-06-23_BKI_KUL,2,,,,1,2025-06-01,2025-06-01 23:40:00,11:40 PM,2025-06-01 15:40:00,null,null,null,null,2025-06-01,2025-06-01 23:05:00,11:05 PM,2025-06-01 15:05:00,2025-06-01,2025-06-01 21:08:00,9:08 PM,2025-06-01 13:08:00,null,null,null,null,2025-06-01,2025-06-01 20:30:00,8:30 PM,2025-06-01 12:30:00,False,KUL,AK,2025-06-01,BKI,"""AK 5115 """,Landed,null,null,null,null,null,null,null,null,2025-06-01 15:51:10,BKI,2025-06-01T12:27:00,2025-06-01T09:47:00,AK,KUL,2025-06-01T12:28:00,2025-06-01T09:45:00,"""5114 ""","""  """,2025-06-01T11:55:00,2025-06-01T09:20:00,null,9M-VAG,2025-06-01 03:05:00,2025-06-01 12:30:00
AK6033_2025-09-11_JHB_KUL,2,2,G2,17-24,""" """,2025-06-01,2025-06-01 21:43:00,9:43 PM,2025-06-01 13:43:00,null,null,null,null,2025-06-01,2025-06-01 21:00:00,9:00 PM,2025-06-01 13:00:00,2025-06-01,2025-06-01 20:41:00,8:41 PM,2025-06-01 12:41:00,null,null,null,null,2025-06-01,2025-06-01 20:10:00,8:10 PM,2025-06-01 12:10:00,False,KUL,AK,2025-06-01,JHB,"""AK 6033 """,landed,null,null,null,null,null,null,null,null,2025-06-01 13:51:23,JHB,2025-06-01T12:11:00,2025-06-01T11:21:00,AK,KUL,2025-06-01T12:11:00,2025-06-01T11:00:00,"""6032 ""","""  """,2025-06-01T11:45:00,2025-06-01T10:50:00,null,9M-AJZ,2025-06-01 01:00:00,2025-06-01 12:10:00
AK1720_2025-03-17_SIN_PEN,""" """,C,G5,"""4,5""",4,2025-06-01,2025-06-01 12:42:00,12:42 PM,2025-06-01 04:42:00,null,null,null,null,2025-06-01,2025-06-01 13:00:00,1:00 PM,2025-06-01 05:00:00,2025-06-01,2025-06-01 11:36:00,11:36 AM,2025-06-01 03:36:00,null,null,null,null,2025-06-01,2025-06-01 11:45:00,11:45 AM,2025-06-01 03:45:00,False,PEN,AK,2025-06-01,SIN,"""AK 1720 """,Landed,null,null,null,null,null,null,null,null,2025-06-01 04:51:11,SIN,2025-06-01T02:57:00,2025-06-01T01:39:00,AK,PEN,2025-06-01T03:05:00,null,"""1721 ""","""  """,2025-06-01T03:20:00,2025-06-01T01:55:00,null,9M-AQF,2025-06-01 05:00:00,2025-06-01 03:45:00
AK90_2025-12-12_AMD_KUL,2,,G5,32-35,2,2025-06-04,2025-06-04 08:10:00,8:10 AM,2025-06-04 00:10:00,null,null,null,null,2025-06-04,2025-06-04 07:15:00,7:15 AM,2025-06-03 23:15:00,2025-06-04,2025-06-04 00:22:00,12:22 AM,2025-06-03 18:52:00,null,null,null,null,2025-06-03,2025-06-03 23:20:00,11:20 PM,2025-06-03 17:50:00,False,KUL,AK,2025-06-03,AMD,"""AK 90   """,Landed,null,null,null,null,null,null,null,null,2025-06-04 00:21:10,AMD,2025-06-03T18:05:00,2025-06-03T12:41:00,AK,KUL,2025-06-03T18:09:00,2025-06-03T12:10:00,"""91   ""","""  """,2025-06-03T17:00:00,2025-06-03T11:30:00,null,9M-AGL,2025-06-03 11:15:00,2025-06-03 17:50:00
AK6077_2025-09-02_BKI_MYY,""" """,,A12,D01-D16,1,2025-06-01,2025-06-01 13:51:00,1:51 PM,2025-06-01 05:51:00,null,null,null,null,2025-06-01,2025-06-01 12:15:00,12:15 PM,2025-06-01 04:15:00,2025-06-01,2025-06-01 13:04:00,1:04 PM,2025-06-01 05:04:00,null,null,null,null,2025-06-01,2025-06-01 11:25:00,11:25 AM,2025-06-01 03:25:00,False,MYY,AK,2025-06-01,BKI,"""AK 6077 """,Landed,null,null,null,null,null,null,null,null,2025-06-01 06:01:36,BKI,2025-06-01T03:05:00,2025-06-01T02:12:00,AK,TWU,2025-06-01T03:06:00,null,"""6261 ""","""  """,2025-06-01T03:10:00,2025-06-01T02:20:00,null,9M-AGZ,2025-06-01 04:15:00,2025-06-01 03:25:00
AK431_2024-12-22,""" """,5,P7,"""U,V,W,X,Y""",2,2025-06-01,2025-06-01 10:43:00,10:43 AM,2025-06-01 03:43:00,null,null,null,null,2025-06-01,2025-06-01 10:30:00,10:30 AM,2025-06-01 03:30:00,2025-06-01,2025-06-01 10:43:00,10:43 AM,2025-06-01 02:43:00,null,null,null,null,2025-06-01,2025-06-01 10:35:00,10:35 AM,2025-06-01 02:35:00,False,PKU,AK,2025-06-01,KUL,"""AK 431  """,Landed,null,null,null,null,null,null,null,null,2025-06-01 04:41:13,KUL,2025-06-01T02:01:00,2025-06-01T01:10:00,AK,PKU,2025-06-01T02:23:00,2025-06-01T01:02:00,"""426  ""","""  """,2025-06-01T01:55:00,2025-06-01T01:00:00,null,9M-AHE,2025-06-01 03:30:00,2025-06-01 02:35:00
AK348_2025-03-28_KUL_YIA,""" """,2,Q11,"""U,V,W,X,Y""",2,2025-06-01,2025-06-01 18:05:00,6:05 PM,2025-06-01 11:05:00,null,null,null,null,2025-06-01,2025-06-01 17:05:00,5:05 PM,2025-06-01 10:05:00,2025-06-01,2025-06-01 16:20:00,4:20 PM,2025-06-01 08:20:00,null,null,null,null,2025-06-01,2025-06-01 15:25:00,3:25 PM,2025-06-01 07:25:00,False,YIA,AK,2025-06-01,KUL,"""AK 348  """,Landed,null,null,null,null,null,null,null,null,2025-06-01 11:11:12,KUL,2025-06-01T07:48:00,2025-06-01T06:22:00,AK,KBV,2025-06-01T07:45:00,2025-06-01T06:21:00,"""867  ""","""  """,2025-06-01T06:45:00,2025-06-01T05:20:00,null,9M-AFF,2025-06-01 10:05:00,2025-06-01 07:25:00
AK482_2025-01-08,2,8,G2,C14-C16,""" """,2025-06-01,2025-06-01 21:56:00,9:56 PM,2025-06-01 13:56:00,null,null,null,null,2025-06-01,2025-06-01 21:30:00,9:30 PM,2025-06-01 13:30:00,2025-06-01,2025-06-01 19:20:00,7:20 PM,2025-06-01 11:20:00,null,null,null,null,2025-06-01,2025-06-01 18:55:00,6:55 PM,2025-06-01 10:55:00,False,KUL,AK,2025-06-01,BPN,"""AK 482  """,Landed,null,null,null,null,null,null,null,null,2025-06-01 14:01:16,BPN,2025-06-01T10:45:00,2025-06-01T07:46:00,AK,KUL,2025-06-01T10:40:00,null,"""483  ""","""  """,2025-06-01T10:30:00,2025-06-01T07:45:00,null,9M-RAJ,2025-06-01 01:30:00,2025-06-01 10:55:00
AK428_2025-12-21_PKU_KUL,2,6,,,""" """,2025-06-02,2025-06-02 18:18:00,6:18 PM,2025-06-02 10:18:00,null,null,null,null,2025-06-02,2025-06-02 17:50:00,5:50 PM,2025-06-02 09:50:00,2025-06-02,2025-06-02 16:34:00,4:34 PM,2025-06-02 09:34:00,null,null,null,null,2025-06-02,2025-06-02 16:00:00,4:00 PM,2025-06-02 09:00:00,False,KUL,AK,2025-06-02,PKU,"""AK 428  """,Landed,null,null,null,null,null,null,null,null,2025-06-02 11:51:15,PKU,2025-06-02T09:09:00,2025-06-02T08:07:00,AK,KUL,2025-06-02T09:10:00,null,"""429  ""","""  """,2025-06-02T08:35:00,2025-06-02T07:40:00,null,9M-AQH,2025-06-02 09:50:00,2025-06-02 09:00:00
AK9867_2024-12-26,2,9,3,,""" """,2025-06-01,2025-06-01 15:05:00,3:05 PM,2025-06-01 07:05:00,null,null,null,null,2025-06-01,2025-06-01 14:45:00,2:45 PM,2025-06-01 06:45:00,2025-06-01,2025-06-01 12:30:00,12:30 PM,2025-06-01 05:30:00,null,null,null,null,2025-06-01,2025-06-01 12:20:00,12:20 PM,2025-06-01 05:20:00,False,KUL,AK,2025-06-01,KBV,"""AK 9867 """,Landed,null,null,null,null,null,null,null,null,2025-06-01 07:11:18,KBV,2025-06-01T04:58:00,2025-06-01T03:48:00,AK,KUL,2025-06-01T05:13:00,2025-06-01T03:50:00,"""9866 ""","""  """,2025-06-01T04:20:00,2025-06-01T03:00:00,null,9M-AQO,2025-06-01 06:45:00,2025-06-01 05:20:00
AK1725_2026-03-03_PEN_SIN,4,7,A6,24-36,""" """,2025-06-04,2025-06-04 17:58:00,5:58 PM,2025-06-04 09:58:00,null,null,null,null,2025-06-04,2025-06-04 17:55:00,5:55 PM,2025-06-04 09:55:00,2025-06-04,2025-06-04 16:08:00,4:08 PM,2025-06-04 08:08:00,null,null,null,null,2025-06-04,2025-06-04 16:25:00,4:25 PM,2025-06-04 08:25:00,False,SIN,AK,2025-06-04,PEN,"""AK 1725 """,Landed,null,null,null,null,null,null,null,null,2025-06-04 11:21:11,PEN,2025-06-04T06:55:00,2025-06-04T05:32:00,AK,SIN,2025-06-04T07:04:00,null,"""1722 ""","""  """,2025-06-04T07:05:00,2025-06-04T05:45:00,null,9M-AHL,2025-06-04 09:55:00,2025-06-04 08:25:00
AK5653_2025-02-02_KUL_MYY,""" """,,J6,"""S,T""",2,2025-06-01,2025-06-01 10:30:00,10:30 AM,2025-06-01 02:30:00,null,null,null,null,2025-06-01,2025-06-01 10:25:00,10:25 AM,2025-06-01 02:25:00,2025-06-01,2025-06-01 08:00:00,8:00 AM,2025-06-01 00:00:00,null,null,null,null,2025-06-01,2025-06-01 08:05:00,8:05 AM,2025-06-01 00:05:00,False,MYY,AK,2025-06-01,KUL,"""AK 5653 """,Landed,null,null,null,null,null,null,null,null,2025-06-01 03:11:21,KUL,2025-05-31T21:15:00,2025-05-31T18:32:00,AK,TWU,2025-05-31T21:13:00,null,"""9031 ""","""  """,2025-05-31T20:40:00,2025-05-31T17:50:00,null,9M-RAT,2025-06-01 02:25:00,2025-06-01 00:05:00
AK347_2025-10-02_YIA_KUL,2,4,,B13-B17,""" """,2025-06-02,2025-06-02 16:24:00,4:24 PM,2025-06-02 08:24:00,null,null,null,null,2025-06-02,2025-06-02 15:15:00,3:15 PM,2025-06-02 07:15:00,2025-06-02,2025-06-02 12:47:00,12:47 PM,2025-06-02 05:47:00,null,null,null,null,2025-06-02,2025-06-02 11:45:00,11:45 AM,2025-06-02 04:45:00,False,KUL,AK,2025-06-02,YIA,"""AK 347  """,Landed,null,null,null,null,null,null,null,null,2025-06-02 08:41:14,YIA,2025-06-02T05:22:00,2025-06-02T02:55:00,AK,KUL,2025-06-02T05:36:00,2025-06-02T03:00:00,"""346  ""","""  """,2025-06-02T04:20:00,2025-06-02T01:35:00,null,9M-AHX,2025-06-02 07:15:00,2025-06-02 04:45:00
AK1516_2026-03-25_BKI_PVG,2,25,B5,D,1,null,null,null,null,2025-06-04,2025-06-04 02:27:00,2:27 AM,2025-06-03 18:27:00,2025-06-04,2025-06-04 02:20:00,2:20 AM,2025-06-03 18:20:00,2025-06-03,2025-06-03 22:01:00,10:01 PM,2025-06-03 14:01:00,null,null,null,null,2025-06-03,2025-06-03 21:55:00,9:55 PM,2025-06-03 13:55:00,False,PVG,AK,2025-06-03,BKI,"""AK 1516 """,Departed On Time,null,null,null,null,null,null,null,null,2025-06-03 17:21:11,BKI,2025-06-03T08:47:00,2025-06-03T05:27:00,AK,SZX,2025-06-03T08:40:00,null,"""1521 ""","""  """,2025-06-03T08:25:00,2025-06-03T05:15:00,null,9M-RAO,2025-06-03 06:20:00,2025-06-03 13:55:00
AK5175_2025-05-03_LBU_KUL,2,2,,9-12,""" """,2025-06-01,2025-06-01 11:49:00,11:49 AM,2025-06-01 03:49:00,null,null,null,null,2025-06-01,2025-06-01 12:20:00,12:20 PM,2025-06-01 04:20:00,2025-06-01,2025-06-01 09:38:00,9:38 AM,2025-06-01 01:38:00,null,null,null,null,2025-06-01,2025-06-01 09:55:00,9:55 AM,2025-06-01 01:55:00,False,KUL,AK,2025-06-01,LBU,"""AK 5175 """,Landed,null,null,null,null,null,null,null,null,2025-06-01 04:11:10,LBU,2025-06-01T01:14:00,2025-05-31T22:51:00,AK,KUL,2025-06-01T01:15:00,null,"""5174 ""","""  """,2025-06-01T01:30:00,2025-05-31T23:00:00,null,9M-RAN,2025-06-01 04:20:00,2025-06-01 01:55:00
AK1624_2025-02-17_ICN_BKI,""" """,,113,H01-H05,""" """,2025-06-02,2025-06-02 05:28:00,5:28 AM,2025-06-01 21:28:00,null,null,null,null,2025-06-02,2025-06-02 05:35:00,5:35 AM,2025-06-01 21:35:00,2025-06-02,2025-06-02 01:13:00,1:13 AM,2025-06-01 16:13:00,null,null,null,null,2025-06-02,2025-06-02 01:05:00,1:05 AM,2025-06-01 16:05:00,False,BKI,AK,2025-06-01,ICN,"""AK 1624 """,Landed,null,null,null,null,null,null,null,null,2025-06-01 22:01:14,"""   """,null,null,"""  ""","""   """,null,null,"""     ""","""  """,null,null,null,9M-AGZ,2025-06-01 09:35:00,2025-06-01 16:05:00
AK6414_2026-03-09_JHB_PEN,""" """,F,G7,17-24,""" """,2025-06-04,2025-06-04 10:58:00,10:58 AM,2025-06-04 02:58:00,null,null,null,null,2025-06-04,2025-06-04 11:20:00,11:20 AM,2025-06-04 03:20:00,2025-06-04,2025-06-04 09:52:00,9:52 AM,2025-06-04 01:52:00,null,null,null,null,2025-06-04,2025-06-04 10:10:00,10:10 AM,2025-06-04 02:10:00,False,PEN,AK,2025-06-04,JHB,"""AK 6414 """,Landed,null,null,null,null,null,null,null,null,2025-06-04 03:11:19,"""   """,null,null,"""  ""","""   """,null,null,"""     ""","""  """,null,null,null,9M-DAE,2025-06-04 03:20:00,2025-06-04 02:10:00
AK5743_2025-05-19_TWU_KUL,2,2,4,6-9,""" """,2025-06-01,2025-06-01 14:39:00,2:39 PM,2025-06-01 06:39:00,null,null,null,null,2025-06-01,2025-06-01 14:40:00,2:40 PM,2025-06-01 06:40:00,2025-06-01,2025-06-01 11:52:00,11:52 AM,2025-06-01 03:52:00,null,null,null,null,2025-06-01,2025-06-01 11:50:00,11:50 AM,2025-06-01 03:50:00,False,KUL,AK,2025-06-01,TWU,"""AK 5743 """,Landed,null,null,null,null,null,null,null,null,2025-06-01 07:01:25,TWU,2025-06-01T03:20:00,2025-06-01T00:27:00,AK,KUL,2025-06-01T03:19:00,null,"""5742 ""","""  """,2025-06-01T03:15:00,2025-06-01T00:20:00,null,9M-VAB,2025-06-01 06:40:00,2025-06-01 03:50:00
AK143_2024-12-18,2,7,122,43-46,""" """,2025-06-01,2025-06-01 20:44:00,8:44 PM,2025-06-01 12:44:00,null,null,null,null,2025-06-01,2025-06-01 20:10:00,8:10 PM,2025-06-01 12:10:00,2025-06-01,2025-06-01 16:20:00,4:20 PM,2025-06-01 08:20:00,null,null,null,null,2025-06-01,2025-06-01 15:55:00,3:55 PM,2025-06-01 07:55:00,False,KUL,AK,2025-06-01,SWA,"""AK 143  """,Landed,null,null,null,null,null,null,null,null,2025-06-01 13:01:12,SWA,2025-06-01T07:21:00,2025-06-01T03:10:00,AK,KUL,2025-06-01T07:22:00,null,"""142  ""","""  """,2025-06-01T07:10:00,2025-06-01T03:05:00,null,9M-RAH,2025-06-01 12:10:00,2025-06-01 07:55:00
AK888_2026-03-25_KUL_DMK,1,4,L18,"""U,V,W,X,Y""",2,2025-06-04,2025-06-04 20:46:00,8:46 PM,2025-06-04 13:46:00,null,null,null,null,2025-06-04,2025-06-04 19:10:00,7:10 PM,2025-06-04 12:10:00,2025-06-04,2025-06-04 19:27:00,7:27 PM,2025-06-04 11:27:00,null,null,null,null,2025-06-04,2025-06-04 17:50:00,5:50 PM,2025-06-04 09:50:00,False,DMK,AK,2025-06-04,KUL,"""AK 888  """,Landed,null,null,null,null,null,null,null,null,2025-06-04 14:41:20,KUL,2025-06-04T10:54:00,2025-06-04T09:59:00,AK,JHB,2025-06-04T11:10:00,2025-06-04T09:56:00,"""6035 ""","""  """,2025-06-04T09:25:00,2025-06-04T08:25:00,null,9M-AQF,2025-06-04 12:10:00,2025-06-04 09:50:00
AK887_2025-06-27_DMK_KUL,2,,21,4,1,2025-06-01,2025-06-01 22:08:00,10:08 PM,2025-06-01 14:08:00,null,null,null,null,2025-06-01,2025-06-01 20:05:00,8:05 PM,2025-06-01 12:05:00,2025-06-01,2025-06-01 18:23:00,6:23 PM,2025-06-01 11:23:00,null,null,null,null,2025-06-01,2025-06-01 16:45:00,4:45 PM,2025-06-01 09:45:00,False,KUL,AK,2025-06-01,DMK,"""AK 887  """,Landed,null,null,null,null,null,null,null,null,2025-06-01 14:31:09,DMK,2025-06-01T10:50:00,2025-06-01T08:17:00,AK,KUL,2025-06-01T10:42:00,2025-06-01T08:00:00,"""886  ""","""  """,2025-06-01T09:15:00,2025-06-01T07:00:00,null,9M-RAO,2025-06-01 12:05:00,2025-06-01 09:45:00
AK824_2025-01-12_KUL_HKT,""" """,1,L6,"""U,V,W,X,Y""",2,2025-06-01,2025-06-01 12:59:00,12:59 PM,2025-06-01 05:59:00,null,null,null,null,2025-06-01,2025-06-01 13:00:00,1:00 PM,2025-06-01 06:00:00,2025-06-01,2025-06-01 12:22:00,12:22 PM,2025-06-01 04:22:00,null,null,null,null,2025-06-01,2025-06-01 12:25:00,12:25 PM,2025-06-01 04:25:00,False,HKT,AK,2025-06-01,KUL,"""AK 824  """,Landed,null,null,null,null,null,null,null,null,2025-06-01 08:51:13,KUL,2025-06-01T03:16:00,2025-06-01T02:07:00,AK,KBR,2025-06-01T03:14:00,null,"""6433 ""","""  """,2025-06-01T03:20:00,2025-06-01T02:15:00,null,9M-AGH,2025-06-01 06:00:00,2025-06-01 04:25:00
AK6310_2026-04-02_KUL_LGK,""" """,2,K18,"""S,T""",2,2025-06-04,2025-06-04 17:42:00,5:42 PM,2025-06-04 09:42:00,null,null,null,null,2025-06-04,2025-06-04 17:45:00,5:45 PM,2025-06-04 09:45:00,2025-06-04,2025-06-04 16:40:00,4:40 PM,2025-06-04 08:40:00,null,null,null,null,2025-06-04,2025-06-04 16:40:00,4:40 PM,2025-06-04 08:40:00,False,LGK,AK,2025-06-04,KUL,"""AK 6310 """,Landed,null,null,null,null,null,null,null,null,2025-06-04 14:01:14,KUL,2025-06-04T07:49:00,2025-06-04T03:48:00,AK,SZX,2025-06-04T07:46:00,null,"""127  ""","""  """,2025-06-04T07:35:00,2025-06-04T03:25:00,null,9M-VAH,2025-06-04 09:45:00,2025-06-04 08:40:00
AK826_2024-12-18,""" """,1,P7,"""U,V,W,X,Y""",2,2025-06-01,2025-06-01 18:52:00,6:52 PM,2025-06-01 11:52:00,null,null,null,null,2025-06-01,2025-06-01 18:30:00,6:30 PM,2025-06-01 11:30:00,2025-06-01,2025-06-01 18:01:00,6:01 PM,2025-06-01 10:01:00,null,null,null,null,2025-06-01,2025-06-01 18:00:00,6:00 PM,2025-06-01 10:00:00,False,HKT,AK,2025-06-01,KUL,"""AK 826  """,Landed,null,null,null,null,null,null,null,null,2025-06-01 15:51:14,KUL,2025-06-01T09:01:00,2025-06-01T07:05:00,AK,PQC,2025-06-01T09:07:00,null,"""546  ""","""  """,2025-06-01T09:00:00,2025-06-01T07:05:00,null,9M-RAC,2025-06-01 11:30:00,2025-06-01 10:00:00
AK5869_2024-11-17,,1,,1-7,,2025-06-01,2025-06-01 15:46:00,3:46 PM,2025-06-01 07:46:00,null,null,null,null,2025-06-01,2025-06-01 15:35:00,3:35 PM,2025-06-01 07:35:00,2025-06-01,2025-06-01 13:47:00,1:47 PM,2025-06-01 05:47:00,null,null,null,null,2025-06-01,2025-06-01 13:30:00,1:30 PM,2025-06-01 05:30:00,False,KUL,AK,2025-06-01,SBW,"""AK 5869 """,Landed,null,null,null,null,null,null,null,null,2025-06-01 08:01:14,SBW,2025-06-01T05:14:00,2025-06-01T03:09:00,AK,KUL,2025-06-01T05:11:00,null,"""5868 ""","""  """,2025-06-01T05:05:00,2025-06-01T03:05:00,null,9M-AQH,2025-06-01 07:35:00,2025-06-01 05:30:00
AK6226_2025-07-09_KUL_TGG,""" """,1,K6,"""S,T""",2,2025-06-01,2025-06-01 19:04:00,7:04 PM,2025-06-01 11:04:00,null,null,null,null,2025-06-01,2025-06-01 18:55:00,6:55 PM,2025-06-01 10:55:00,2025-06-01,2025-06-01 18:00:00,6:00 PM,2025-06-01 10:00:00,null,null,null,null,2025-06-01,2025-06-01 17:55:00,5:55 PM,2025-06-01 09:55:00,False,TGG,AK,2025-06-01,KUL,"""AK 6226 """,Landed,null,null,null,null,null,null,null,null,2025-06-01 11:31:11,HKT,2025-06-01T07:15:00,2025-06-01T06:50:00,AK,HKT,2025-06-01T08:20:00,null,"""825  ""","""A """,2025-06-01T08:10:00,2025-06-01T06:35:00,null,9M-RAI,2025-06-01 10:55:00,2025-06-01 09:55:00
AK6058_2025-09-04_KCH_BTU,""" """,,2,,""" """,2025-06-02,2025-06-02 18:06:00,6:06 PM,2025-06-02 10:06:00,null,null,null,null,2025-06-02,2025-06-02 18:15:00,6:15 PM,2025-06-02 10:15:00,2025-06-02,2025-06-02 17:15:00,5:15 PM,2025-06-02 09:15:00,null,null,null,null,2025-06-02,2025-06-02 17:25:00,5:25 PM,2025-06-02 09:25:00,False,BTU,AK,2025-06-02,KCH,"""AK 6058 """,Landed,null,null,null,null,null,null,null,null,2025-06-02 10:11:13,KCH,2025-06-02T08:47:00,2025-06-02T07:24:00,AK,JHB,2025-06-02T08:52:00,null,"""5416 ""","""  """,2025-06-02T08:55:00,2025-06-02T07:30:00,null,9M-AQF,2025-06-02 10:15:00,2025-06-02 09:25:00
AK6438_2025-01-03,""" """,1,J3,"""S,T""",2,2025-06-02,2025-06-02 19:58:00,7:58 PM,2025-06-02 11:58:00,null,null,null,null,2025-06-02,2025-06-02 20:00:00,8:00 PM,2025-06-02 12:00:00,2025-06-02,2025-06-02 18:57:00,6:57 PM,2025-06-02 10:57:00,null,null,null,null,2025-06-02,2025-06-02 18:55:00,6:55 PM,2025-06-02 10:55:00,False,KBR,AK,2025-06-02,KUL,"""AK 6438 """,Landed,null,null,null,null,null,null,null,null,2025-06-02 12:11:12,KUL,2025-06-02T10:23:00,2025-06-02T09:17:00,AK,TGG,2025-06-02T10:26:00,null,"""6229 ""","""  """,2025-06-02T10:25:00,2025-06-02T09:20:00,null,9M-RAJ,2025-06-02 12:00:00,2025-06-02 10:55:00
AK237_2025-03-06_BKI_HKG,1,15,B6,D,1,null,null,null,null,null,null,null,null,2025-06-02,2025-06-02 12:15:00,12:15 PM,2025-06-02 04:15:00,null,null,null,null,null,null,null,null,2025-06-02,2025-06-02 09:15:00,9:15 AM,2025-06-02 01:15:00,False,HKG,AK,2025-06-02,BKI,"""AK 237  """,On Time,null,null,null,null,null,null,null,null,2025-06-02 05:41:16,BKI,null,null,AK,CAN,null,null,"""1531 ""","""  """,2025-06-01T19:30:00,2025-06-01T16:20:00,null,9M-RAK,2025-06-02 04:15:00,2025-06-02 01:15:00
AK384_2025-03-10_KUL_CGK,2,,P1,"""U,V,W,X,Y""",2,2025-06-02,2025-06-02 14:22:00,2:22 PM,2025-06-02 07:22:00,null,null,null,null,2025-06-02,2025-06-02 14:25:00,2:25 PM,2025-06-02 07:25:00,2025-06-02,2025-06-02 13:19:00,1:19 PM,2025-06-02 05:19:00,null,null,null,null,2025-06-02,2025-06-02 13:15:00,1:15 PM,2025-06-02 05:15:00,False,CGK,AK,2025-06-02,KUL,"""AK 384  """,Landed,null,null,null,null,null,null,null,null,2025-06-02 07:31:24,KUL,2025-06-02T04:48:00,2025-06-02T02:32:00,AK,DMK,2025-06-02T04:50:00,null,"""881  ""","""  """,2025-06-02T04:40:00,2025-06-02T02:35:00,null,9M-AHX,2025-06-02 07:25:00,2025-06-02 05:15:00
AK156_2026-03-17_KUL_KWL,2,5,P15,"""U,V,W,X,Y""",2,2025-06-04,2025-06-04 11:21:00,11:21 AM,2025-06-04 03:21:00,null,null,null,null,2025-06-04,2025-06-04 11:05:00,11:05 AM,2025-06-04 03:05:00,2025-06-04,2025-06-04 07:14:00,7:14 AM,2025-06-03 23:14:00,null,null,null,null,2025-06-04,2025-06-04 07:15:00,7:15 AM,2025-06-03 23:15:00,False,KWL,AK,2025-06-03,KUL,"""AK 156  """,Landed,null,null,null,null,null,null,null,null,2025-06-04 04:31:13,"""   """,null,null,"""  ""","""   """,null,null,"""     ""","""  """,null,null,null,9M-AQP,2025-06-04 03:05:00,2025-06-03 23:15:00
AK5741_2024-11-05,,2,4,6-9,,2025-06-01,2025-06-01 16:10:00,4:10 PM,2025-06-01 08:10:00,null,null,null,null,2025-06-01,2025-06-01 16:20:00,4:20 PM,2025-06-01 08:20:00,2025-06-01,2025-06-01 13:26:00,1:26 PM,2025-06-01 05:26:00,null,null,null,null,2025-06-01,2025-06-01 13:35:00,1:35 PM,2025-06-01 05:35:00,False,KUL,AK,2025-06-01,TWU,"""AK 5741 """,Landed,null,null,null,null,null,null,null,null,2025-06-01 08:21:12,TWU,2025-06-01T04:37:00,2025-06-01T01:51:00,AK,KUL,2025-06-01T04:39:00,null,"""5740 ""","""  """,2025-06-01T04:55:00,2025-06-01T02:00:00,null,9M-AJP,2025-06-01 08:20:00,2025-06-01 05:35:00
AK6092_2025-05-08_BKI_SBW,""" """,,A10,D01-D16,1,2025-06-01,2025-06-01 18:14:00,6:14 PM,2025-06-01 10:14:00,null,null,null,null,2025-06-01,2025-06-01 18:20:00,6:20 PM,2025-06-01 10:20:00,2025-06-01,2025-06-01 17:03:00,5:03 PM,2025-06-01 09:03:00,null,null,null,null,2025-06-01,2025-06-01 17:10:00,5:10 PM,2025-06-01 09:10:00,False,SBW,AK,2025-06-01,BKI,"""AK 6092 """,Landed,null,null,null,null,null,null,null,null,2025-06-01 10:21:11,BKI,2025-06-01T08:13:00,2025-06-01T07:23:00,AK,TWU,2025-06-01T08:17:00,null,"""6265 ""","""  """,2025-06-01T08:05:00,2025-06-01T07:15:00,null,9M-RAA,2025-06-01 10:20:00,2025-06-01 09:10:00
AK6434_2026-03-03_KUL_KBR,""" """,1,J1,"""S,T""",2,2025-06-01,2025-06-01 18:23:00,6:23 PM,2025-06-01 10:23:00,null,null,null,null,2025-06-01,2025-06-01 18:10:00,6:10 PM,2025-06-01 10:10:00,2025-06-01,2025-06-01 17:01:00,5:01 PM,2025-06-01 09:01:00,null,null,null,null,2025-06-01,2025-06-01 17:05:00,5:05 PM,2025-06-01 09:05:00,False,KBR,AK,2025-06-01,KUL,"""AK 6434 """,Landed,null,null,null,null,null,null,null,null,2025-06-01 11:21:11,KUL,2025-06-01T08:39:00,2025-06-01T06:54:00,AK,KCH,2025-06-01T08:39:00,null,"""5209 ""","""  """,2025-06-01T08:30:00,2025-06-01T06:45:00,null,9M-AGV,2025-06-01 10:10:00,2025-06-01 09:05:00
AK6414_2025-01-03,""" """,F,G4,17-24,""" """,2025-06-02,2025-06-02 12:57:00,12:57 PM,2025-06-02 04:57:00,null,null,null,null,2025-06-02,2025-06-02 13:10:00,1:10 PM,2025-06-02 05:10:00,2025-06-02,2025-06-02 11:47:00,11:47 AM,2025-06-02 03:47:00,null,null,null,null,2025-06-02,2025-06-02 12:00:00,12:00 PM,2025-06-02 04:00:00,False,PEN,AK,2025-06-02,JHB,"""AK 6414 """,Landed,null,null,null,null,null,null,null,null,2025-06-02 05:11:13,JHB,2025-06-02T03:11:00,2025-06-02T01:22:00,AK,SGN,2025-06-02T03:14:00,null,"""1491 ""","""  """,2025-06-02T03:20:00,2025-06-02T01:30:00,null,9M-AFV,2025-06-02 05:10:00,2025-06-02 04:00:00
AK584_2025-11-11_KUL_MNL,3,,Q9,"""U,V,W,X,Y""",2,2025-06-03,2025-06-03 00:39:00,12:39 AM,2025-06-02 16:39:00,null,null,null,null,2025-06-03,2025-06-03 00:35:00,12:35 AM,2025-06-02 16:35:00,2025-06-02,2025-06-02 20:44:00,8:44 PM,2025-06-02 12:44:00,null,null,null,null,2025-06-02,2025-06-02 20:25:00,8:25 PM,2025-06-02 12:25:00,False,MNL,AK,2025-06-02,KUL,"""AK 584  """,Landed,null,null,null,null,null,null,null,null,2025-06-02 17:02:53,KUL,2025-06-02T09:46:00,2025-06-02T06:36:00,AK,DPS,2025-06-02T09:49:00,2025-06-02T06:05:00,"""9365 ""","""  """,2025-06-02T08:10:00,2025-06-02T05:05:00,null,9M-VAD,2025-06-02 04:35:00,2025-06-02 12:25:00
AK5136_2025-01-09,1,,,,2,null,null,null,null,2025-06-01,2025-06-01 11:58:00,11:58 AM,2025-06-01 03:58:00,2025-06-01,2025-06-01 11:55:00,11:55 AM,2025-06-01 03:55:00,null,null,null,null,null,null,null,null,2025-06-01,2025-06-01 09:15:00,9:15 AM,2025-06-01 01:15:00,False,BKI,AK,2025-06-01,KUL,"""AK 5136 """,On Time,null,null,null,null,null,null,null,null,2025-05-31 18:01:23,KUL,null,null,AK,CCU,null,null,"""62   ""","""  """,2025-05-31T23:30:00,2025-05-31T19:35:00,null,9M-RAT,2025-06-01 03:55:00,2025-06-01 01:15:00
AK6341_2025-01-17_BTU_BKI,1,,,7-10,""" """,2025-06-02,2025-06-02 08:22:00,8:22 AM,2025-06-02 00:22:00,null,null,null,null,2025-06-02,2025-06-02 08:25:00,8:25 AM,2025-06-02 00:25:00,2025-06-02,2025-06-02 07:23:00,7:23 AM,2025-06-01 23:23:00,null,null,null,null,2025-06-02,2025-06-02 07:25:00,7:25 AM,2025-06-01 23:25:00,False,BKI,AK,2025-06-01,BTU,"""AK 6341 """,Landed,null,null,null,null,null,null,null,null,2025-06-02 00:31:16,BTU,2025-06-01T22:53:00,2025-06-01T21:56:00,AK,BKI,2025-06-01T22:51:00,null,"""6340 ""","""  """,2025-06-01T23:00:00,2025-06-01T22:00:00,null,9M-RAE,2025-06-02 12:25:00,2025-06-01 23:25:00
AK429_2025-08-30_KUL_PKU,""" """,,L12,"""U,V,W,X,Y""",2,2025-06-02,2025-06-02 16:14:00,4:14 PM,2025-06-02 09:14:00,null,null,null,null,2025-06-02,2025-06-02 15:35:00,3:35 PM,2025-06-02 08:35:00,2025-06-02,2025-06-02 16:05:00,4:05 PM,2025-06-02 08:05:00,null,null,null,null,2025-06-02,2025-06-02 15:40:00,3:40 PM,2025-06-02 07:40:00,False,PKU,AK,2025-06-02,KUL,"""AK 429  """,Landed,null,null,null,null,null,null,null,null,2025-06-02 09:41:09,KUL,2025-06-02T07:35:00,2025-06-02T05:17:00,AK,BTU,2025-06-02T07:22:00,null,"""5245 ""","""  """,2025-06-02T07:10:00,2025-06-02T05:05:00,null,9M-AGH,2025-06-02 08:35:00,2025-06-02 07:40:00
AK5306_2025-01-17_JHB_BKI,""" """,,G3,17-24,""" """,2025-06-01,2025-06-01 19:32:00,7:32 PM,2025-06-01 11:32:00,null,null,null,null,2025-06-01,2025-06-01 19:35:00,7:35 PM,2025-06-01 11:35:00,2025-06-01,2025-06-01 17:11:00,5:11 PM,2025-06-01 09:11:00,null,null,null,null,2025-06-01,2025-06-01 17:15:00,5:15 PM,2025-06-01 09:15:00,False,BKI,AK,2025-06-01,JHB,"""AK 5306 """,Landed,null,null,null,null,null,null,null,null,2025-06-01 11:41:14,JHB,2025-06-01T08:41:00,2025-06-01T06:32:00,AK,BKI,2025-06-01T08:39:00,null,"""5305 ""","""  """,2025-06-01T08:50:00,2025-06-01T06:35:00,null,9M-RAQ,2025-06-01 11:35:00,2025-06-01 09:15:00
AK5032_2025-04-08_JHB_SBW,""" """,,G4,17-24,""" """,2025-06-02,2025-06-02 14:05:00,2:05 PM,2025-06-02 06:05:00,null,null,null,null,2025-06-02,2025-06-02 14:30:00,2:30 PM,2025-06-02 06:30:00,2025-06-02,2025-06-02 12:32:00,12:32 PM,2025-06-02 04:32:00,null,null,null,null,2025-06-02,2025-06-02 12:55:00,12:55 PM,2025-06-02 04:55:00,False,SBW,AK,2025-06-02,JHB,"""AK 5032 """,Landed,null,null,null,null,null,null,null,null,2025-06-02 06:21:14,JHB,2025-06-02T03:27:00,2025-06-02T01:37:00,AK,SGN,2025-06-02T03:30:00,null,"""1491 ""","""  """,2025-06-02T03:40:00,2025-06-02T01:50:00,null,9M-AQE,2025-06-02 06:30:00,2025-06-02 04:55:00
AK881_2025-07-30_DMK_KUL,2,10,21,4,1,2025-06-02,2025-06-02 13:18:00,1:18 PM,2025-06-02 05:18:00,null,null,null,null,2025-06-02,2025-06-02 13:20:00,1:20 PM,2025-06-02 05:20:00,2025-06-02,2025-06-02 10:05:00,10:05 AM,2025-06-02 03:05:00,null,null,null,null,2025-06-02,2025-06-02 10:05:00,10:05 AM,2025-06-02 03:05:00,False,KUL,AK,2025-06-02,DMK,"""AK 881  """,Landed,null,null,null,null,null,null,null,null,2025-06-02 05:21:09,DMK,2025-06-02T02:32:00,2025-06-02T00:16:00,AK,KUL,2025-06-02T02:39:00,null,"""880  ""","""  """,2025-06-02T02:30:00,2025-06-02T00:20:00,null,9M-AGE,2025-06-02 05:20:00,2025-06-02 03:05:00
AK866_2025-04-23_KUL_KBV,""" """,2,Q9,"""U,V,W,X,Y""",2,2025-06-02,2025-06-02 10:46:00,10:46 AM,2025-06-02 03:46:00,null,null,null,null,2025-06-02,2025-06-02 10:35:00,10:35 AM,2025-06-02 03:35:00,2025-06-02,2025-06-02 10:20:00,10:20 AM,2025-06-02 02:20:00,null,null,null,null,2025-06-02,2025-06-02 10:20:00,10:20 AM,2025-06-02 02:20:00,False,KBV,AK,2025-06-02,KUL,"""AK 866  """,Landed,null,null,null,null,null,null,null,null,2025-06-02 05:51:11,"""   """,null,null,"""  ""","""   """,null,null,"""     ""","""  """,null,null,null,9M-AJD,2025-06-02 03:35:00,2025-06-02 02:20:00
AK5325_2026-01-04_BKI_PEN,""" """,F,A7,D01-D16,1,2025-06-02,2025-06-02 20:00:00,8:00 PM,2025-06-02 12:00:00,null,null,null,null,2025-06-02,2025-06-02 19:40:00,7:40 PM,2025-06-02 11:40:00,2025-06-02,2025-06-02 17:14:00,5:14 PM,2025-06-02 09:14:00,null,null,null,null,2025-06-02,2025-06-02 17:00:00,5:00 PM,2025-06-02 09:00:00,False,PEN,AK,2025-06-02,BKI,"""AK 5325 """,Landed,null,null,null,null,null,null,null,null,2025-06-02 14:01:28,BKI,2025-06-02T08:35:00,2025-06-02T07:47:00,AK,MYY,2025-06-02T08:39:00,null,"""6074 ""","""  """,2025-06-02T08:35:00,2025-06-02T07:45:00,null,9M-AGW,2025-06-02 11:40:00,2025-06-02 09:00:00
AK385_2025-06-08_CGK_KUL,2,6,,91-96,2,2025-06-02,2025-06-02 18:33:00,6:33 PM,2025-06-02 10:33:00,null,null,null,null,2025-06-02,2025-06-02 17:50:00,5:50 PM,2025-06-02 09:50:00,2025-06-02,2025-06-02 15:36:00,3:36 PM,2025-06-02 08:36:00,null,null,null,null,2025-06-02,2025-06-02 14:35:00,2:35 PM,2025-06-02 07:35:00,False,KUL,AK,2025-06-02,CGK,"""AK 385  """,Landed,null,null,null,null,null,null,null,null,2025-06-02 10:41:15,CGK,2025-06-02T07:54:00,2025-06-02T05:48:00,AK,KUL,2025-06-02T07:55:00,2025-06-02T05:50:00,"""384  ""","""  """,2025-06-02T07:00:00,2025-06-02T04:50:00,null,9M-AFV,2025-06-02 09:50:00,2025-06-02 07:35:00
AK5207_2025-03-19_KCH_KUL,2,2,6,,""" """,2025-06-01,2025-06-01 17:20:00,5:20 PM,2025-06-01 09:20:00,null,null,null,null,2025-06-01,2025-06-01 17:30:00,5:30 PM,2025-06-01 09:30:00,2025-06-01,2025-06-01 15:32:00,3:32 PM,2025-06-01 07:32:00,null,null,null,null,2025-06-01,2025-06-01 15:45:00,3:45 PM,2025-06-01 07:45:00,False,KUL,AK,2025-06-01,KCH,"""AK 5207 """,Landed,null,null,null,null,null,null,null,null,2025-06-01 09:31:21,KCH,2025-06-01T06:59:00,2025-06-01T06:00:00,AK,MYY,2025-06-01T07:03:00,null,"""6187 ""","""  """,2025-06-01T07:00:00,2025-06-01T06:00:00,null,9M-AGT,2025-06-01 09:30:00,2025-06-01 07:45:00
AK5105_2025-04-05_BKI_KUL,2,2,,D01-D16,1,2025-06-01,2025-06-01 12:27:00,12:27 PM,2025-06-01 04:27:00,null,null,null,null,2025-06-01,2025-06-01 12:30:00,12:30 PM,2025-06-01 04:30:00,2025-06-01,2025-06-01 10:00:00,10:00 AM,2025-06-01 02:00:00,null,null,null,null,2025-06-01,2025-06-01 10:00:00,10:00 AM,2025-06-01 02:00:00,False,KUL,AK,2025-06-01,BKI,"""AK 5105 """,Landed,null,null,null,null,null,null,null,null,2025-06-01 05:01:20,BKI,2025-06-01T01:29:00,2025-05-31T22:53:00,AK,KUL,2025-06-01T01:35:00,null,"""5104 ""","""  """,2025-06-01T01:35:00,2025-05-31T23:00:00,null,9M-AFV,2025-06-01 04:30:00,2025-06-01 02:00:00
AK5208_2025-04-15_KUL_KCH,""" """,,J16,"""S,T""",2,2025-06-01,2025-06-01 14:07:00,2:07 PM,2025-06-01 06:07:00,null,null,null,null,2025-06-01,2025-06-01 14:10:00,2:10 PM,2025-06-01 06:10:00,2025-06-01,2025-06-01 12:20:00,12:20 PM,2025-06-01 04:20:00,null,null,null,null,2025-06-01,2025-06-01 12:25:00,12:25 PM,2025-06-01 04:25:00,False,KCH,AK,2025-06-01,KUL,"""AK 5208 """,Landed,null,null,null,null,null,null,null,null,2025-06-01 06:11:16,KUL,2025-06-01T03:43:00,2025-06-01T01:10:00,AK,BKI,2025-06-01T03:45:00,null,"""5109 ""","""  """,2025-06-01T03:45:00,2025-06-01T01:15:00,null,9M-DAF,2025-06-01 06:10:00,2025-06-01 04:25:00
AK6076_2025-08-15_MYY_BKI,1,D,,12-15,""" """,2025-06-02,2025-06-02 22:15:00,10:15 PM,2025-06-02 14:15:00,null,null,null,null,2025-06-02,2025-06-02 22:15:00,10:15 PM,2025-06-02 14:15:00,2025-06-02,2025-06-02 21:25:00,9:25 PM,2025-06-02 13:25:00,null,null,null,null,2025-06-02,2025-06-02 21:25:00,9:25 PM,2025-06-02 13:25:00,False,BKI,AK,2025-06-02,MYY,"""AK 6076 """,Landed,null,null,null,null,null,null,null,null,2025-06-02 14:31:12,MYY,2025-06-02T13:04:00,2025-06-02T12:13:00,AK,BKI,2025-06-02T13:05:00,null,"""6075 ""","""  """,2025-06-02T13:00:00,2025-06-02T12:10:00,null,9M-RAD,2025-06-02 02:15:00,2025-06-02 13:25:00
AK1491_2025-12-27_SGN_JHB,""" """,,17,"""I,J""",2,2025-06-03,2025-06-03 11:11:00,11:11 AM,2025-06-03 03:11:00,null,null,null,null,2025-06-03,2025-06-03 11:20:00,11:20 AM,2025-06-03 03:20:00,2025-06-03,2025-06-03 08:30:00,8:30 AM,2025-06-03 01:30:00,null,null,null,null,2025-06-03,2025-06-03 08:30:00,8:30 AM,2025-06-03 01:30:00,False,JHB,AK,2025-06-03,SGN,"""AK 1491 """,Landed,null,null,null,null,null,null,null,null,2025-06-03 03:31:14,SGN,2025-06-03T00:45:00,2025-06-02T22:51:00,AK,JHB,2025-06-03T00:55:00,null,"""1490 ""","""  """,2025-06-03T01:00:00,2025-06-02T23:05:00,null,9M-AHZ,2025-06-03 03:20:00,2025-06-03 01:30:00
AK5142_2025-04-01_KUL_BKI,1,,J14,"""S,T""",2,2025-06-01,2025-06-01 19:20:00,7:20 PM,2025-06-01 11:20:00,null,null,null,null,2025-06-01,2025-06-01 19:10:00,7:10 PM,2025-06-01 11:10:00,2025-06-01,2025-06-01 16:41:00,4:41 PM,2025-06-01 08:41:00,null,null,null,null,2025-06-01,2025-06-01 16:35:00,4:35 PM,2025-06-01 08:35:00,False,BKI,AK,2025-06-01,KUL,"""AK 5142 """,Landed,null,null,null,null,null,null,null,null,2025-06-01 11:31:12,KUL,2025-06-01T08:01:00,2025-06-01T06:51:00,AK,LGK,2025-06-01T08:08:00,null,"""6319 ""","""  """,2025-06-01T08:00:00,2025-06-01T06:55:00,null,9M-AJP,2025-06-01 11:10:00,2025-06-01 08:35:00
AK6467_2025-06-22_SBW_KCH,""" """,A,,1-7,""" """,2025-06-02,2025-06-02 10:54:00,10:54 AM,2025-06-02 02:54:00,null,null,null,null,2025-06-02,2025-06-02 11:10:00,11:10 AM,2025-06-02 03:10:00,2025-06-02,2025-06-02 10:18:00,10:18 AM,2025-06-02 02:18:00,null,null,null,null,2025-06-02,2025-06-02 10:35:00,10:35 AM,2025-06-02 02:35:00,False,KCH,AK,2025-06-02,SBW,"""AK 6467 """,Landed,null,null,null,null,null,null,null,null,2025-06-02 03:11:12,SBW,2025-06-02T01:56:00,2025-06-02T01:23:00,AK,KCH,2025-06-02T02:03:00,null,"""6466 ""","""  """,2025-06-02T02:10:00,2025-06-02T01:35:00,null,9M-AHL,2025-06-02 03:10:00,2025-06-02 02:35:00
AK5214_2026-03-21_KUL_KCH,""" """,C,K12,"""S,T""",2,2025-06-01,2025-06-01 19:25:00,7:25 PM,2025-06-01 11:25:00,null,null,null,null,2025-06-01,2025-06-01 19:15:00,7:15 PM,2025-06-01 11:15:00,2025-06-01,2025-06-01 17:35:00,5:35 PM,2025-06-01 09:35:00,null,null,null,null,2025-06-01,2025-06-01 17:30:00,5:30 PM,2025-06-01 09:30:00,False,KCH,AK,2025-06-01,KUL,"""AK 5214 """,Landed,null,null,null,null,null,null,null,null,2025-06-01 11:41:09,KUL,2025-06-01T09:05:00,2025-06-01T07:19:00,AK,PQC,2025-06-01T09:10:00,null,"""546  ""","""  """,2025-06-01T08:55:00,2025-06-01T07:05:00,null,9M-AGC,2025-06-01 11:15:00,2025-06-01 09:30:00
AK5031_2025-04-21_SBW_JHB,""" """,,,1-7,""" """,2025-06-02,2025-06-02 13:18:00,1:18 PM,2025-06-02 05:18:00,null,null,null,null,2025-06-02,2025-06-02 13:20:00,1:20 PM,2025-06-02 05:20:00,2025-06-02,2025-06-02 11:47:00,11:47 AM,2025-06-02 03:47:00,null,null,null,null,2025-06-02,2025-06-02 11:45:00,11:45 AM,2025-06-02 03:45:00,False,JHB,AK,2025-06-02,SBW,"""AK 5031 """,Landed,null,null,null,null,null,null,null,null,2025-06-02 05:31:12,SBW,2025-06-02T03:27:00,2025-06-02T01:55:00,AK,JHB,2025-06-02T03:30:00,2025-06-02T02:00:00,"""5030 ""","""  """,2025-06-02T03:20:00,2025-06-02T01:45:00,null,9M-AGC,2025-06-02 05:20:00,2025-06-02 03:45:00
AK6139_2025-02-27_PEN_KUL,2,2,A1A,24-36,""" """,2025-06-01,2025-06-01 18:14:00,6:14 PM,2025-06-01 10:14:00,null,null,null,null,2025-06-01,2025-06-01 16:40:00,4:40 PM,2025-06-01 08:40:00,2025-06-01,2025-06-01 16:57:00,4:57 PM,2025-06-01 08:57:00,null,null,null,null,2025-06-01,2025-06-01 15:35:00,3:35 PM,2025-06-01 07:35:00,False,KUL,AK,2025-06-01,PEN,"""AK 6139 """,Landed,null,null,null,null,null,null,null,null,2025-06-01 12:51:13,PEN,2025-06-01T07:06:00,2025-06-01T03:06:00,AK,HKG,2025-06-01T06:58:00,null,"""2280 ""","""  """,2025-06-01T06:55:00,2025-06-01T03:10:00,null,9M-AQD,2025-06-01 08:40:00,2025-06-01 07:35:00
AK701_2025-11-13_KUL_SIN,4,1,L8,"""U,V,W,X,Y""",2,2025-06-03,2025-06-03 07:03:00,7:03 AM,2025-06-02 23:03:00,null,null,null,null,2025-06-03,2025-06-03 07:05:00,7:05 AM,2025-06-02 23:05:00,2025-06-03,2025-06-03 05:50:00,5:50 AM,2025-06-02 21:50:00,null,null,null,null,2025-06-03,2025-06-03 06:00:00,6:00 AM,2025-06-02 22:00:00,False,SIN,AK,2025-06-02,KUL,"""AK 701  """,Landed,null,null,null,null,null,null,null,null,2025-06-02 23:21:11,"""   """,null,null,"""  ""","""   """,null,null,"""     ""","""  """,null,null,null,9M-RCB,2025-06-02 11:05:00,2025-06-02 22:00:00
AK6350_2025-12-08_KCH_BKI,1,D,9,,""" """,2025-06-03,2025-06-03 07:11:00,7:11 AM,2025-06-02 23:11:00,null,null,null,null,2025-06-03,2025-06-03 07:25:00,7:25 AM,2025-06-02 23:25:00,2025-06-03,2025-06-03 05:49:00,5:49 AM,2025-06-02 21:49:00,null,null,null,null,2025-06-03,2025-06-03 06:00:00,6:00 AM,2025-06-02 22:00:00,False,BKI,AK,2025-06-02,KCH,"""AK 6350 """,Landed,null,null,null,null,null,null,null,null,2025-06-02 23:21:09,"""   """,null,null,"""  ""","""   """,null,null,"""     ""","""  """,null,null,null,9M-AHJ,2025-06-02 11:25:00,2025-06-02 22:00:00
AK5114_2025-06-21_KUL_BKI,1,,,,2,2025-06-02,2025-06-02 21:14:00,9:14 PM,2025-06-02 13:14:00,null,null,null,null,2025-06-02,2025-06-02 21:05:00,9:05 PM,2025-06-02 13:05:00,2025-06-02,2025-06-02 18:28:00,6:28 PM,2025-06-02 10:28:00,null,null,null,null,2025-06-02,2025-06-02 18:30:00,6:30 PM,2025-06-02 10:30:00,False,BKI,AK,2025-06-02,KUL,"""AK 5114 """,Landed,null,null,null,null,null,null,null,null,2025-06-02 13:33:01,"""   """,null,null,"""  ""","""   """,null,null,"""     ""","""  """,null,null,null,9M-RAK,2025-06-02 01:05:00,2025-06-02 10:30:00
AK1493_2026-01-30_SGN_JHB,""" """,,21,"""I,J""",2,2025-06-01,2025-06-01 16:10:00,4:10 PM,2025-06-01 08:10:00,null,null,null,null,2025-06-01,2025-06-01 16:20:00,4:20 PM,2025-06-01 08:20:00,2025-06-01,2025-06-01 13:25:00,1:25 PM,2025-06-01 06:25:00,null,null,null,null,2025-06-01,2025-06-01 13:25:00,1:25 PM,2025-06-01 06:25:00,False,JHB,AK,2025-06-01,SGN,"""AK 1493 """,Landed,null,null,null,null,null,null,null,null,2025-06-01 08:21:14,SGN,2025-06-01T05:44:00,2025-06-01T03:42:00,AK,JHB,2025-06-01T05:47:00,null,"""1492 ""","""  """,2025-06-01T05:55:00,2025-06-01T03:55:00,null,9M-RAQ,2025-06-01 08:20:00,2025-06-01 06:25:00
AK867_2025-10-27_KBV_KUL,2,4,3,,""" """,2025-06-02,2025-06-02 15:52:00,3:52 PM,2025-06-02 07:52:00,null,null,null,null,2025-06-02,2025-06-02 14:45:00,2:45 PM,2025-06-02 06:45:00,2025-06-02,2025-06-02 13:32:00,1:32 PM,2025-06-02 06:32:00,null,null,null,null,2025-06-02,2025-06-02 12:20:00,12:20 PM,2025-06-02 05:20:00,False,KUL,AK,2025-06-02,KBV,"""AK 867  """,Landed,null,null,null,null,null,null,null,null,2025-06-02 09:01:12,KBV,2025-06-02T06:05:00,2025-06-02T04:46:00,AK,KUL,2025-06-02T06:03:00,2025-06-02T04:55:00,"""866  ""","""  """,2025-06-02T04:20:00,2025-06-02T03:00:00,null,9M-AHY,2025-06-02 06:45:00,2025-06-02 05:20:00
AK36_2025-01-25_COK_KUL,2,6,5B,A6-A9,3,2025-06-03,2025-06-03 07:56:00,7:56 AM,2025-06-02 23:56:00,null,null,null,null,2025-06-03,2025-06-03 07:15:00,7:15 AM,2025-06-02 23:15:00,2025-06-03,2025-06-03 01:05:00,1:05 AM,2025-06-02 19:35:00,null,null,null,null,2025-06-03,2025-06-03 00:30:00,12:30 AM,2025-06-02 19:00:00,False,KUL,AK,2025-06-02,COK,"""AK 36   """,Landed,null,null,null,null,null,null,null,null,2025-06-03 00:11:12,"""   """,null,null,"""  ""","""   """,null,null,"""     ""","""  """,null,null,null,9M-AJJ,2025-06-02 11:15:00,2025-06-02 19:00:00
AK23_2025-07-17_KUL_TRZ,""" """,,L5,"""U,V,W,X,Y""",2,2025-06-01,2025-06-01 22:05:00,10:05 PM,2025-06-01 16:35:00,null,null,null,null,2025-06-01,2025-06-01 21:55:00,9:55 PM,2025-06-01 16:25:00,2025-06-01,2025-06-01 21:04:00,9:04 PM,2025-06-01 13:04:00,null,null,null,null,2025-06-01,2025-06-01 20:45:00,8:45 PM,2025-06-01 12:45:00,False,TRZ,AK,2025-06-01,KUL,"""AK 23   """,Landed,null,null,null,null,null,null,null,null,2025-06-01 16:51:25,KUL,2025-06-01T12:26:00,2025-06-01T07:11:00,AK,NGB,2025-06-01T12:15:00,2025-06-01T07:10:00,"""181  ""","""  """,2025-06-01T12:15:00,2025-06-01T07:00:00,null,9M-AGG,2025-06-01 04:25:00,2025-06-01 12:45:00
AK607_2025-08-16_PER_KUL,2,,52,,1,null,null,null,null,2025-06-02,2025-06-02 04:58:00,4:58 AM,2025-06-01 20:58:00,2025-06-02,2025-06-02 02:10:00,2:10 AM,2025-06-01 18:10:00,2025-06-01,2025-06-01 22:52:00,10:52 PM,2025-06-01 14:52:00,null,null,null,null,2025-06-01,2025-06-01 20:30:00,8:30 PM,2025-06-01 12:30:00,False,KUL,AK,2025-06-01,PER,"""AK 607  """,Departed,null,null,null,null,null,null,null,null,2025-06-01 15:21:09,PER,2025-06-01T13:53:00,2025-06-01T08:34:00,AK,KUL,2025-06-01T13:49:00,2025-06-01T08:35:00,"""606  ""","""  """,2025-06-01T11:50:00,2025-06-01T06:10:00,null,9M-VAD,2025-06-01 06:10:00,2025-06-01 12:30:00
AK6063_2026-01-16_BTU_KCH,""" """,A,2,7-10,""" """,2025-06-02,2025-06-02 14:48:00,2:48 PM,2025-06-02 06:48:00,null,null,null,null,2025-06-02,2025-06-02 15:05:00,3:05 PM,2025-06-02 07:05:00,2025-06-02,2025-06-02 14:00:00,2:00 PM,2025-06-02 06:00:00,null,null,null,null,2025-06-02,2025-06-02 14:15:00,2:15 PM,2025-06-02 06:15:00,False,KCH,AK,2025-06-02,BTU,"""AK 6063 """,Landed,null,null,null,null,null,null,null,null,2025-06-02 07:41:29,BTU,2025-06-02T05:33:00,2025-06-02T04:48:00,AK,KCH,2025-06-02T05:40:00,null,"""6062 ""","""  """,2025-06-02T05:50:00,2025-06-02T05:00:00,null,9M-DAE,2025-06-02 07:05:00,2025-06-02 06:15:00
AK6133_2026-02-18_PEN_KUL,2,,B7,24-36,""" """,2025-06-02,2025-06-02 00:06:00,12:06 AM,2025-06-01 16:06:00,null,null,null,null,2025-06-01,2025-06-01 20:40:00,8:40 PM,2025-06-01 12:40:00,2025-06-01,2025-06-01 22:55:00,10:55 PM,2025-06-01 14:55:00,null,null,null,null,2025-06-01,2025-06-01 19:40:00,7:40 PM,2025-06-01 11:40:00,False,KUL,AK,2025-06-01,PEN,"""AK 6133 """,Landed,null,null,null,null,null,null,null,null,2025-06-01 16:51:13,KUL,2025-06-01T12:29:00,2025-06-01T09:56:00,AK,BKI,2025-06-01T12:26:00,null,"""5117 ""","""  """,2025-06-01T12:25:00,2025-06-01T09:50:00,null,9M-AGO,2025-06-01 12:40:00,2025-06-01 11:40:00
AK6126_2025-12-17_KUL_PEN,""" """,F,J20,"""S,T""",2,2025-06-01,2025-06-01 16:34:00,4:34 PM,2025-06-01 08:34:00,null,null,null,null,2025-06-01,2025-06-01 15:55:00,3:55 PM,2025-06-01 07:55:00,2025-06-01,2025-06-01 15:36:00,3:36 PM,2025-06-01 07:36:00,null,null,null,null,2025-06-01,2025-06-01 14:55:00,2:55 PM,2025-06-01 06:55:00,False,PEN,AK,2025-06-01,KUL,"""AK 6126 """,Landed,null,null,null,null,null,null,null,null,2025-06-01 08:41:19,KUL,2025-06-01T06:51:00,2025-06-01T05:52:00,AK,PEN,2025-06-01T07:00:00,null,"""6125 ""","""  """,2025-06-01T06:25:00,2025-06-01T05:25:00,null,9M-RAU,2025-06-01 07:55:00,2025-06-01 06:55:00
AK483_2025-08-17_KUL_BPN,""" """,,,,2,2025-06-01,2025-06-01 19:41:00,7:41 PM,2025-06-01 11:41:00,null,null,null,null,2025-06-01,2025-06-01 18:45:00,6:45 PM,2025-06-01 10:45:00,2025-06-01,2025-06-01 16:42:00,4:42 PM,2025-06-01 08:42:00,null,null,null,null,2025-06-01,2025-06-01 15:45:00,3:45 PM,2025-06-01 07:45:00,False,BPN,AK,2025-06-01,KUL,"""AK 483  """,Landed,null,null,null,null,null,null,null,null,2025-06-01 11:51:17,KUL,2025-06-01T07:59:00,2025-06-01T06:27:00,AK,HKT,2025-06-01T07:59:00,null,"""825  ""","""  """,2025-06-01T08:10:00,2025-06-01T06:35:00,null,9M-AHY,2025-06-01 10:45:00,2025-06-01 07:45:00
AK311_2026-04-11_LBJ_KUL,2,5,3,,""" """,2025-06-01,2025-06-01 18:51:00,6:51 PM,2025-06-01 10:51:00,null,null,null,null,2025-06-01,2025-06-01 18:40:00,6:40 PM,2025-06-01 10:40:00,2025-06-01,2025-06-01 15:35:00,3:35 PM,2025-06-01 07:35:00,null,null,null,null,2025-06-01,2025-06-01 15:00:00,3:00 PM,2025-06-01 07:00:00,False,KUL,AK,2025-06-01,LBJ,"""AK 311  """,Landed,null,null,null,null,null,null,null,null,2025-06-01 11:01:12,LBJ,2025-06-01T06:26:00,2025-06-01T02:45:00,AK,KUL,2025-06-01T06:39:00,null,"""310  ""","""  """,2025-06-01T06:25:00,2025-06-01T02:45:00,null,9M-AGB,2025-06-01 10:40:00,2025-06-01 07:00:00
AK1725_2025-12-28_PEN_SIN,4,7,A1A,24-36,""" """,2025-06-02,2025-06-02 17:43:00,5:43 PM,2025-06-02 09:43:00,null,null,null,null,2025-06-02,2025-06-02 17:55:00,5:55 PM,2025-06-02 09:55:00,2025-06-02,2025-06-02 16:08:00,4:08 PM,2025-06-02 08:08:00,null,null,null,null,2025-06-02,2025-06-02 16:20:00,4:20 PM,2025-06-02 08:20:00,False,SIN,AK,2025-06-02,PEN,"""AK 1725 """,Landed,null,null,null,null,null,null,null,null,2025-06-02 09:51:10,PEN,2025-06-02T07:31:00,2025-06-02T06:00:00,AK,SIN,2025-06-02T07:24:00,2025-06-02T05:48:00,"""1722 ""","""  """,2025-06-02T07:05:00,2025-06-02T05:45:00,null,9M-AJI,2025-06-02 09:55:00,2025-06-02 08:20:00
AK6326_2025-06-10_KUL_LGK,""" """,2,J4,"""S,T""",2,2025-06-01,2025-06-01 21:08:00,9:08 PM,2025-06-01 13:08:00,null,null,null,null,2025-06-01,2025-06-01 20:40:00,8:40 PM,2025-06-01 12:40:00,2025-06-01,2025-06-01 19:57:00,7:57 PM,2025-06-01 11:57:00,null,null,null,null,2025-06-01,2025-06-01 19:35:00,7:35 PM,2025-06-01 11:35:00,False,LGK,AK,2025-06-01,KUL,"""AK 6326 """,Landed,null,null,null,null,null,null,null,null,2025-06-01 13:31:12,KUL,2025-06-01T11:28:00,2025-06-01T10:29:00,AK,PEN,2025-06-01T11:37:00,2025-06-01T10:10:00,"""6117 ""","""  """,2025-06-01T10:45:00,2025-06-01T09:45:00,null,9M-AJY,2025-06-01 12:40:00,2025-06-01 11:35:00
AK1503_2025-10-17_SGN_PEN,""" """,C,,"""I,J""",2,2025-06-01,2025-06-01 16:26:00,4:26 PM,2025-06-01 08:26:00,null,null,null,null,2025-06-01,2025-06-01 16:15:00,4:15 PM,2025-06-01 08:15:00,2025-06-01,2025-06-01 13:40:00,1:40 PM,2025-06-01 06:40:00,null,null,null,null,2025-06-01,2025-06-01 13:30:00,1:30 PM,2025-06-01 06:30:00,False,PEN,AK,2025-06-01,SGN,"""AK 1503 """,Landed,null,null,null,null,null,null,null,null,2025-06-01 08:31:09,SGN,2025-06-01T06:07:00,2025-06-01T04:21:00,AK,PEN,2025-06-01T06:09:00,2025-06-01T04:15:00,"""1502 ""","""  """,2025-06-01T06:00:00,2025-06-01T04:05:00,null,9M-AQQ,2025-06-01 08:15:00,2025-06-01 06:30:00
AK5218_2025-10-10_KUL_KCH,""" """,C,K20,"""S,T""",2,2025-06-01,2025-06-01 23:50:00,11:50 PM,2025-06-01 15:50:00,null,null,null,null,2025-06-01,2025-06-01 21:35:00,9:35 PM,2025-06-01 13:35:00,2025-06-01,2025-06-01 21:49:00,9:49 PM,2025-06-01 13:49:00,null,null,null,null,2025-06-01,2025-06-01 19:45:00,7:45 PM,2025-06-01 11:45:00,False,KCH,AK,2025-06-01,KUL,"""AK 5218 """,Landed,null,null,null,null,null,null,null,null,2025-06-01 16:51:34,KUL,2025-06-01T12:44:00,2025-06-01T10:22:00,AK,YIA,2025-06-01T12:59:00,2025-06-01T10:45:00,"""349  ""","""  """,2025-06-01T13:05:00,2025-06-01T10:30:00,null,9M-AQI,2025-06-01 01:35:00,2025-06-01 11:45:00
AK6351_2025-06-27_BKI_KCH,""" """,C,A9,D01-D16,1,2025-06-02,2025-06-02 09:09:00,9:09 AM,2025-06-02 01:09:00,null,null,null,null,2025-06-02,2025-06-02 09:10:00,9:10 AM,2025-06-02 01:10:00,2025-06-02,2025-06-02 07:47:00,7:47 AM,2025-06-01 23:47:00,null,null,null,null,2025-06-02,2025-06-02 07:50:00,7:50 AM,2025-06-01 23:50:00,False,KCH,AK,2025-06-01,BKI,"""AK 6351 """,Landed,null,null,null,null,null,null,null,null,2025-06-02 01:51:18,BKI,2025-06-01T23:17:00,2025-06-01T21:50:00,AK,KCH,2025-06-01T23:26:00,null,"""6350 ""","""  """,2025-06-01T23:25:00,2025-06-01T22:00:00,null,9M-AQO,2025-06-02 01:10:00,2025-06-01 23:50:00
AK1520_2025-09-20_BKI_SZX,3,16,B3,D,1,2025-06-01,2025-06-01 12:25:00,12:25 PM,2025-06-01 04:25:00,null,null,null,null,2025-06-01,2025-06-01 12:35:00,12:35 PM,2025-06-01 04:35:00,2025-06-01,2025-06-01 09:14:00,9:14 AM,2025-06-01 01:14:00,null,null,null,null,2025-06-01,2025-06-01 09:20:00,9:20 AM,2025-06-01 01:20:00,False,SZX,AK,2025-06-01,BKI,"""AK 1520 """,Landed,null,null,null,null,null,null,null,null,2025-06-01 06:01:34,BKI,2025-05-31T19:33:00,2025-05-31T16:18:00,AK,CAN,2025-05-31T19:37:00,null,"""1535 ""","""  """,2025-05-31T19:35:00,2025-05-31T16:25:00,null,9M-RAE,2025-06-01 04:35:00,2025-06-01 01:20:00
AK1581_2025-06-09_PEN_KNO,""" """,,A4,24-36,""" """,2025-06-01,2025-06-01 17:50:00,5:50 PM,2025-06-01 10:50:00,null,null,null,null,2025-06-01,2025-06-01 17:55:00,5:55 PM,2025-06-01 10:55:00,2025-06-01,2025-06-01 18:04:00,6:04 PM,2025-06-01 10:04:00,null,null,null,null,2025-06-01,2025-06-01 18:05:00,6:05 PM,2025-06-01 10:05:00,False,KNO,AK,2025-06-01,PEN,"""AK 1581 """,Landed,null,null,null,null,null,null,null,null,2025-06-01 11:51:10,PEN,2025-06-01T09:32:00,2025-06-01T08:55:00,AK,LGK,2025-06-01T09:39:00,null,"""6249 ""","""  """,2025-06-01T09:40:00,2025-06-01T09:05:00,null,9M-DAE,2025-06-01 10:55:00,2025-06-01 10:05:00
AK1724_2026-01-01_SIN_PEN,""" """,C,G10,"""4,5""",4,2025-06-02,2025-06-02 20:52:00,8:52 PM,2025-06-02 12:52:00,null,null,null,null,2025-06-02,2025-06-02 19:35:00,7:35 PM,2025-06-02 11:35:00,2025-06-02,2025-06-02 19:24:00,7:24 PM,2025-06-02 11:24:00,null,null,null,null,2025-06-02,2025-06-02 18:20:00,6:20 PM,2025-06-02 10:20:00,False,PEN,AK,2025-06-02,SIN,"""AK 1724 """,Landed,null,null,null,null,null,null,null,null,2025-06-02 13:01:26,SIN,2025-06-02T10:54:00,2025-06-02T09:09:00,AK,PEN,2025-06-02T10:44:00,null,"""1725 ""","""  """,2025-06-02T09:55:00,2025-06-02T08:20:00,null,9M-AQN,2025-06-02 11:35:00,2025-06-02 10:20:00
AK5113_2025-11-17_BKI_KUL,2,,A11,D01-D16,1,2025-06-04,2025-06-04 17:26:00,5:26 PM,2025-06-04 09:26:00,null,null,null,null,2025-06-04,2025-06-04 15:35:00,3:35 PM,2025-06-04 07:35:00,2025-06-04,2025-06-04 14:57:00,2:57 PM,2025-06-04 06:57:00,null,null,null,null,2025-06-04,2025-06-04 13:05:00,1:05 PM,2025-06-04 05:05:00,False,KUL,AK,2025-06-04,BKI,"""AK 5113 """,Landed,null,null,null,null,null,null,null,null,2025-06-04 09:51:08,BKI,2025-06-04T06:16:00,2025-06-04T03:41:00,AK,KUL,2025-06-04T06:18:00,2025-06-04T03:30:00,"""5112 ""","""  """,2025-06-04T04:30:00,2025-06-04T02:00:00,null,9M-VAC,2025-06-04 07:35:00,2025-06-04 05:05:00
AK6204_2026-04-14_KBR_JHB,""" """,,8,12-15,""" """,2025-06-01,2025-06-01 17:46:00,5:46 PM,2025-06-01 09:46:00,null,null,null,null,2025-06-01,2025-06-01 17:30:00,5:30 PM,2025-06-01 09:30:00,2025-06-01,2025-06-01 16:41:00,4:41 PM,2025-06-01 08:41:00,null,null,null,null,2025-06-01,2025-06-01 16:25:00,4:25 PM,2025-06-01 08:25:00,False,JHB,AK,2025-06-01,KBR,"""AK 6204 """,Landed,null,null,null,null,null,null,null,null,2025-06-01 12:51:10,KBR,2025-06-01T08:12:00,2025-06-01T07:03:00,AK,JHB,2025-06-01T08:09:00,null,"""6203 ""","""  """,2025-06-01T08:00:00,2025-06-01T06:55:00,null,9M-AFE,2025-06-01 09:30:00,2025-06-01 08:25:00
AK5134_2025-06-15_BKI_KUL,2,2,A8,D01-D16,1,2025-06-01,2025-06-01 22:25:00,10:25 PM,2025-06-01 14:25:00,null,null,null,null,2025-06-01,2025-06-01 21:10:00,9:10 PM,2025-06-01 13:10:00,2025-06-01,2025-06-01 19:18:00,7:18 PM,2025-06-01 11:18:00,null,null,null,null,2025-06-01,2025-06-01 18:40:00,6:40 PM,2025-06-01 10:40:00,False,KUL,AK,2025-06-01,BKI,"""AK 5134 """,Landed,null,null,null,null,null,null,null,null,2025-06-01 15:31:09,BKI,2025-06-01T10:41:00,2025-06-01T08:01:00,AK,KUL,2025-06-01T10:36:00,2025-06-01T08:00:00,"""5133 ""","""  """,2025-06-01T10:15:00,2025-06-01T07:40:00,null,9M-AJY,2025-06-01 01:10:00,2025-06-01 10:40:00
AK5113_2025-03-06_BKI_KUL,2,1,A10,D01-D16,1,2025-06-01,2025-06-01 22:32:00,10:32 PM,2025-06-01 14:32:00,null,null,null,null,2025-06-01,2025-06-01 22:20:00,10:20 PM,2025-06-01 14:20:00,2025-06-01,2025-06-01 20:05:00,8:05 PM,2025-06-01 12:05:00,null,null,null,null,2025-06-01,2025-06-01 19:45:00,7:45 PM,2025-06-01 11:45:00,False,KUL,AK,2025-06-01,BKI,"""AK 5113 """,Landed,null,null,null,null,null,null,null,null,2025-06-01 14:41:14,BKI,2025-06-01T11:22:00,2025-06-01T08:42:00,AK,KUL,2025-06-01T11:26:00,null,"""5112 ""","""  """,2025-06-01T11:10:00,2025-06-01T08:35:00,null,9M-AHJ,2025-06-01 02:20:00,2025-06-01 11:45:00
AK6015_2025-07-16_AOR_KUL,2,1,2,9-10,""" """,2025-06-02,2025-06-02 20:02:00,8:02 PM,2025-06-02 12:02:00,null,null,null,null,2025-06-02,2025-06-02 20:05:00,8:05 PM,2025-06-02 12:05:00,2025-06-02,2025-06-02 18:58:00,6:58 PM,2025-06-02 10:58:00,null,null,null,null,2025-06-02,2025-06-02 18:55:00,6:55 PM,2025-06-02 10:55:00,False,KUL,AK,2025-06-02,AOR,"""AK 6015 """,Landed,null,null,null,null,null,null,null,null,2025-06-02 12:21:20,AOR,2025-06-02T10:36:00,2025-06-02T09:39:00,AK,KUL,2025-06-02T10:37:00,2025-06-02T09:30:00,"""6014 ""","""  """,2025-06-02T10:30:00,2025-06-02T09:25:00,null,9M-AQM,2025-06-02 12:05:00,2025-06-02 10:55:00
AK6093_2025-01-05,1,,,1-7,""" """,2025-06-02,2025-06-02 19:48:00,7:48 PM,2025-06-02 11:48:00,null,null,null,null,2025-06-02,2025-06-02 19:10:00,7:10 PM,2025-06-02 11:10:00,2025-06-02,2025-06-02 18:28:00,6:28 PM,2025-06-02 10:28:00,null,null,null,null,2025-06-02,2025-06-02 17:55:00,5:55 PM,2025-06-02 09:55:00,False,BKI,AK,2025-06-02,SBW,"""AK 6093 """,Landed,null,null,null,null,null,null,null,null,2025-06-02 12:02:23,SBW,2025-06-02T09:58:00,2025-06-02T08:43:00,AK,BKI,2025-06-02T10:01:00,2025-06-02T08:40:00,"""6092 ""","""  """,2025-06-02T09:30:00,2025-06-02T08:20:00,null,9M-RAI,2025-06-02 11:10:00,2025-06-02 09:55:00
AK384_2025-02-02_KUL_CGK,2,13,L6,"""U,V,W,X,Y""",2,2025-06-01,2025-06-01 15:05:00,3:05 PM,2025-06-01 08:05:00,null,null,null,null,2025-06-01,2025-06-01 14:25:00,2:25 PM,2025-06-01 07:25:00,2025-06-01,2025-06-01 13:58:00,1:58 PM,2025-06-01 05:58:00,null,null,null,null,2025-06-01,2025-06-01 13:15:00,1:15 PM,2025-06-01 05:15:00,False,CGK,AK,2025-06-01,KUL,"""AK 384  """,Landed,null,null,null,null,null,null,null,null,2025-06-01 08:21:15,KUL,2025-06-01T05:22:00,2025-06-01T02:40:00,AK,BKI,2025-06-01T05:15:00,null,"""5137 ""","""  """,2025-06-01T05:00:00,2025-06-01T02:30:00,null,9M-AJN,2025-06-01 07:25:00,2025-06-01 05:15:00
AK6242_2025-01-22_PEN_LGK,""" """,2,A1,24-36,""" """,2025-06-01,2025-06-01 20:26:00,8:26 PM,2025-06-01 12:26:00,null,null,null,null,2025-06-01,2025-06-01 19:45:00,7:45 PM,2025-06-01 11:45:00,2025-06-01,2025-06-01 19:56:00,7:56 PM,2025-06-01 11:56:00,null,null,null,null,2025-06-01,2025-06-01 19:10:00,7:10 PM,2025-06-01 11:10:00,False,LGK,AK,2025-06-01,PEN,"""AK 6242 """,On time,null,null,null,null,null,null,null,null,2025-06-01 12:41:11,PEN,2025-06-01T11:25:00,2025-06-01T10:35:00,AK,KNO,2025-06-01T11:20:00,2025-06-01T10:40:00,"""1580 ""","""  """,2025-06-01T10:45:00,2025-06-01T10:00:00,null,9M-AQN,2025-06-01 11:45:00,2025-06-01 11:10:00
AK73_2026-04-04_MLE_KUL,2,8,,,1,2025-06-04,2025-06-04 05:10:00,5:10 AM,2025-06-03 21:10:00,null,null,null,null,2025-06-04,2025-06-04 05:10:00,5:10 AM,2025-06-03 21:10:00,2025-06-03,2025-06-03 21:38:00,9:38 PM,2025-06-03 16:38:00,null,null,null,null,2025-06-03,2025-06-03 21:30:00,9:30 PM,2025-06-03 16:30:00,False,KUL,AK,2025-06-03,MLE,"""AK 73   """,Landed,null,null,null,null,null,null,null,null,2025-06-03 21:21:18,MLE,2025-06-03T15:52:00,2025-06-03T11:44:00,AK,KUL,2025-06-03T15:56:00,null,"""72   ""","""  """,2025-06-03T15:30:00,2025-06-03T11:10:00,null,9M-RAL,2025-06-03 09:10:00,2025-06-03 16:30:00
AK272_2025-11-14_KUL_BWN,""" """,1,P3,"""U,V,W,X,Y""",2,2025-06-02,2025-06-02 08:57:00,8:57 AM,2025-06-02 00:57:00,null,null,null,null,2025-06-02,2025-06-02 08:55:00,8:55 AM,2025-06-02 00:55:00,2025-06-02,2025-06-02 06:27:00,6:27 AM,2025-06-01 22:27:00,null,null,null,null,2025-06-02,2025-06-02 06:30:00,6:30 AM,2025-06-01 22:30:00,False,BWN,AK,2025-06-01,KUL,"""AK 272  """,Landed,null,null,null,null,null,null,null,null,2025-06-02 02:11:16,"""   """,null,null,"""  ""","""   """,null,null,"""     ""","""  """,null,null,null,9M-AGY,2025-06-02 12:55:00,2025-06-01 22:30:00
AK6083_2025-08-03_IPH_JHB,""" """,,,1-3,""" """,2025-06-01,2025-06-01 13:51:00,1:51 PM,2025-06-01 05:51:00,null,null,null,null,2025-06-01,2025-06-01 14:15:00,2:15 PM,2025-06-01 06:15:00,2025-06-01,2025-06-01 13:02:00,1:02 PM,2025-06-01 05:02:00,null,null,null,null,2025-06-01,2025-06-01 13:20:00,1:20 PM,2025-06-01 05:20:00,False,JHB,AK,2025-06-01,IPH,"""AK 6083 """,Landed,null,null,null,null,null,null,null,null,2025-06-01 11:01:14,IPH,2025-06-01T04:35:00,2025-06-01T03:44:00,AK,JHB,2025-06-01T04:48:00,null,"""6082 ""","""  """,2025-06-01T04:55:00,2025-06-01T03:55:00,null,9M-AJI,2025-06-01 06:15:00,2025-06-01 05:20:00
AK5648_2024-12-19,""" """,,K8,"""S,T""",2,2025-06-01,2025-06-01 23:12:00,11:12 PM,2025-06-01 15:12:00,null,null,null,null,2025-06-01,2025-06-01 22:00:00,10:00 PM,2025-06-01 14:00:00,2025-06-01,2025-06-01 20:54:00,8:54 PM,2025-06-01 12:54:00,null,null,null,null,2025-06-01,2025-06-01 19:40:00,7:40 PM,2025-06-01 11:40:00,False,MYY,AK,2025-06-01,KUL,"""AK 5648 """,Landed,null,null,null,null,null,null,null,null,2025-06-01 15:51:13,KUL,2025-06-01T12:19:00,2025-06-01T10:41:00,AK,HKT,2025-06-01T12:10:00,2025-06-01T10:19:00,"""823  ""","""  """,2025-06-01T11:10:00,2025-06-01T09:40:00,null,9M-AJE,2025-06-01 02:00:00,2025-06-01 11:40:00
AK63_2025-07-12_KUL_CCU,2,,P7,"""U,V,W,X,Y""",2,2025-06-02,2025-06-02 00:10:00,12:10 AM,2025-06-01 18:40:00,null,null,null,null,2025-06-02,2025-06-02 00:10:00,12:10 AM,2025-06-01 18:40:00,2025-06-01,2025-06-01 22:52:00,10:52 PM,2025-06-01 14:52:00,null,null,null,null,2025-06-01,2025-06-01 22:35:00,10:35 PM,2025-06-01 14:35:00,False,CCU,AK,2025-06-01,KUL,"""AK 63   """,Landed,null,null,null,null,null,null,null,null,2025-06-01 19:31:09,KUL,2025-06-01T14:10:00,2025-06-01T10:10:00,AK,KMG,2025-06-01T14:06:00,null,"""100  ""","""  """,2025-06-01T13:50:00,2025-06-01T09:55:00,null,9M-VAF,2025-06-01 06:40:00,2025-06-01 14:35:00
AK421_2025-12-05_KUL_BTJ,""" """,,Q11,"""U,V,W,X,Y""",2,2025-06-03,2025-06-03 17:16:00,5:16 PM,2025-06-03 10:16:00,null,null,null,null,2025-06-03,2025-06-03 17:20:00,5:20 PM,2025-06-03 10:20:00,2025-06-03,2025-06-03 16:50:00,4:50 PM,2025-06-03 08:50:00,null,null,null,null,2025-06-03,2025-06-03 16:50:00,4:50 PM,2025-06-03 08:50:00,False,BTJ,AK,2025-06-03,KUL,"""AK 421  """,Landed,null,null,null,null,null,null,null,null,2025-06-03 10:51:11,KUL,2025-06-03T07:53:00,2025-06-03T06:55:00,AK,SIN,2025-06-03T08:11:00,null,"""712  ""","""  """,2025-06-03T08:05:00,2025-06-03T06:55:00,null,9M-AJZ,2025-06-03 10:20:00,2025-06-03 08:50:00
AK5871_2026-01-11_SBW_KUL,2,3,2B,1-7,""" """,2025-06-03,2025-06-03 16:52:00,4:52 PM,2025-06-03 08:52:00,null,null,null,null,2025-06-03,2025-06-03 16:55:00,4:55 PM,2025-06-03 08:55:00,2025-06-03,2025-06-03 14:53:00,2:53 PM,2025-06-03 06:53:00,null,null,null,null,2025-06-03,2025-06-03 14:45:00,2:45 PM,2025-06-03 06:45:00,False,KUL,AK,2025-06-03,SBW,"""AK 5871 """,Landed,null,null,null,null,null,null,null,null,2025-06-03 09:21:15,SBW,2025-06-03T06:19:00,2025-06-03T04:20:00,AK,KUL,2025-06-03T06:21:00,null,"""5870 ""","""  """,2025-06-03T06:20:00,2025-06-03T04:20:00,null,9M-AJY,2025-06-03 08:55:00,2025-06-03 06:45:00
AK390_2025-11-21_KNO_KUL,2,7,,B,""" """,2025-06-03,2025-06-03 13:32:00,1:32 PM,2025-06-03 05:32:00,null,null,null,null,2025-06-03,2025-06-03 13:00:00,1:00 PM,2025-06-03 05:00:00,2025-06-03,2025-06-03 11:35:00,11:35 AM,2025-06-03 04:35:00,null,null,null,null,2025-06-03,2025-06-03 11:00:00,11:00 AM,2025-06-03 04:00:00,False,KUL,AK,2025-06-03,KNO,"""AK 390  """,Landed,null,null,null,null,null,null,null,null,2025-06-03 05:41:55,KNO,2025-06-03T03:55:00,2025-06-03T02:52:00,AK,KUL,2025-06-03T04:01:00,null,"""391  ""","""  """,2025-06-03T03:35:00,2025-06-03T02:35:00,null,9M-AGH,2025-06-03 05:00:00,2025-06-03 04:00:00
AK38_2026-03-17_COK_KUL,2,7,5B,,3,2025-06-04,2025-06-04 05:36:00,5:36 AM,2025-06-03 21:36:00,null,null,null,null,2025-06-04,2025-06-04 05:30:00,5:30 AM,2025-06-03 21:30:00,2025-06-03,2025-06-03 23:12:00,11:12 PM,2025-06-03 17:42:00,null,null,null,null,2025-06-03,2025-06-03 22:40:00,10:40 PM,2025-06-03 17:10:00,False,KUL,AK,2025-06-03,COK,"""AK 38   """,On-Time,null,null,null,null,null,null,null,null,2025-06-03 22:01:21,COK,2025-06-03T17:03:00,2025-06-03T12:42:00,AK,KUL,2025-06-03T17:00:00,null,"""39   ""","""  """,2025-06-03T16:30:00,2025-06-03T12:25:00,null,9M-AGQ,2025-06-03 09:30:00,2025-06-03 17:10:00
AK5751_2025-08-24_KUL_TWU,""" """,B,J5,"""S,T""",2,2025-06-01,2025-06-01 22:53:00,10:53 PM,2025-06-01 14:53:00,null,null,null,null,2025-06-01,2025-06-01 20:55:00,8:55 PM,2025-06-01 12:55:00,2025-06-01,2025-06-01 19:54:00,7:54 PM,2025-06-01 11:54:00,null,null,null,null,2025-06-01,2025-06-01 18:05:00,6:05 PM,2025-06-01 10:05:00,False,TWU,AK,2025-06-01,KUL,"""AK 5751 """,Landed,null,null,null,null,null,null,null,null,2025-06-01 15:51:27,KUL,2025-06-01T11:16:00,2025-06-01T10:06:00,AK,LGK,2025-06-01T11:15:00,2025-06-01T10:10:00,"""6332 ""","""  """,2025-06-01T10:20:00,2025-06-01T09:15:00,null,9M-DAB,2025-06-01 12:55:00,2025-06-01 10:05:00
AK5647_2026-04-15_MYY_KUL,2,3,,12-15,""" """,2025-06-01,2025-06-01 21:25:00,9:25 PM,2025-06-01 13:25:00,null,null,null,null,2025-06-01,2025-06-01 21:10:00,9:10 PM,2025-06-01 13:10:00,2025-06-01,2025-06-01 19:17:00,7:17 PM,2025-06-01 11:17:00,null,null,null,null,2025-06-01,2025-06-01 18:55:00,6:55 PM,2025-06-01 10:55:00,False,KUL,AK,2025-06-01,MYY,"""AK 5647 """,LANDED,null,null,null,null,null,null,null,null,2025-06-01 13:41:11,MYY,2025-06-01T10:55:00,2025-06-01T08:30:00,AK,KUL,2025-06-01T10:54:00,2025-06-01T08:25:00,"""5646 ""","""  """,2025-06-01T10:30:00,2025-06-01T08:10:00,null,9M-AQA,2025-06-01 01:10:00,2025-06-01 10:55:00
AK5744_2026-01-23_KUL_TWU,""" """,B,J7,"""S,T""",2,2025-06-03,2025-06-03 08:49:00,8:49 AM,2025-06-03 00:49:00,null,null,null,null,2025-06-03,2025-06-03 08:55:00,8:55 AM,2025-06-03 00:55:00,2025-06-03,2025-06-03 05:55:00,5:55 AM,2025-06-02 21:55:00,null,null,null,null,2025-06-03,2025-06-03 06:05:00,6:05 AM,2025-06-02 22:05:00,False,TWU,AK,2025-06-02,KUL,"""AK 5744 """,Landed,null,null,null,null,null,null,null,null,2025-06-03 01:11:13,"""   """,null,null,"""  ""","""   """,null,null,"""     ""","""  """,null,null,null,9M-AJJ,2025-06-03 12:55:00,2025-06-02 22:05:00
AK90_2025-08-04_AMD_KUL,2,,G1,17-20,2,null,null,null,null,2025-06-03,2025-06-03 12:09:00,12:09 PM,2025-06-03 04:09:00,2025-06-03,2025-06-03 07:20:00,7:20 AM,2025-06-02 23:20:00,2025-06-03,2025-06-03 03:50:00,3:50 AM,2025-06-02 22:20:00,null,null,null,null,2025-06-02,2025-06-02 23:20:00,11:20 PM,2025-06-02 17:50:00,False,KUL,AK,2025-06-02,AMD,"""AK 90   """,Departed,null,null,null,null,null,null,null,null,2025-06-02 22:41:12,KUL,2025-06-02T16:03:00,2025-06-02T15:01:00,AK,KBR,2025-06-02T16:08:00,2025-06-02T14:45:00,"""6447 ""","""  """,2025-06-02T14:35:00,2025-06-02T13:30:00,null,9M-RAH,2025-06-02 11:20:00,2025-06-02 17:50:00
AK5306_2025-03-28_JHB_BKI,""" """,,G4,17-24,""" """,2025-06-02,2025-06-02 19:35:00,7:35 PM,2025-06-02 11:35:00,null,null,null,null,2025-06-02,2025-06-02 19:35:00,7:35 PM,2025-06-02 11:35:00,2025-06-02,2025-06-02 17:14:00,5:14 PM,2025-06-02 09:14:00,null,null,null,null,2025-06-02,2025-06-02 17:15:00,5:15 PM,2025-06-02 09:15:00,False,BKI,AK,2025-06-02,JHB,"""AK 5306 """,Landed,null,null,null,null,null,null,null,null,2025-06-02 11:51:10,JHB,2025-06-02T08:41:00,2025-06-02T06:32:00,AK,BKI,2025-06-02T08:45:00,null,"""5305 ""","""  """,2025-06-02T08:50:00,2025-06-02T06:35:00,null,9M-RAE,2025-06-02 11:35:00,2025-06-02 09:15:00
AK883_2025-11-06_DMK_KUL,2,5,12,4,1,2025-06-02,2025-06-02 17:25:00,5:25 PM,2025-06-02 09:25:00,null,null,null,null,2025-06-02,2025-06-02 16:50:00,4:50 PM,2025-06-02 08:50:00,2025-06-02,2025-06-02 14:10:00,2:10 PM,2025-06-02 07:10:00,null,null,null,null,2025-06-02,2025-06-02 13:25:00,1:25 PM,2025-06-02 06:25:00,False,KUL,AK,2025-06-02,DMK,"""AK 883  """,Landed,null,null,null,null,null,null,null,null,2025-06-02 09:41:12,DMK,2025-06-02T06:37:00,2025-06-02T04:26:00,AK,KUL,2025-06-02T06:40:00,2025-06-02T04:20:00,"""882  ""","""  """,2025-06-02T05:50:00,2025-06-02T03:35:00,null,9M-AJK,2025-06-02 08:50:00,2025-06-02 06:25:00
AK5194_2024-11-09,,,K4,"""S,T""",,2025-06-01,2025-06-01 18:06:00,6:06 PM,2025-06-01 10:06:00,null,null,null,null,2025-06-01,2025-06-01 17:00:00,5:00 PM,2025-06-01 09:00:00,2025-06-01,2025-06-01 15:11:00,3:11 PM,2025-06-01 07:11:00,null,null,null,null,2025-06-01,2025-06-01 14:05:00,2:05 PM,2025-06-01 06:05:00,False,SDK,AK,2025-06-01,KUL,"""AK 5194 """,Landed,null,null,null,null,null,null,null,null,2025-06-01 11:51:13,KUL,2025-06-01T06:05:00,2025-06-01T02:09:00,AK,CAN,2025-06-01T06:28:00,null,"""113  ""","""  """,2025-06-01T06:45:00,2025-06-01T02:25:00,null,9M-AJD,2025-06-01 09:00:00,2025-06-01 06:05:00
AK5325_2025-08-24_BKI_PEN,""" """,F,A13,D01-D16,1,2025-06-01,2025-06-01 19:23:00,7:23 PM,2025-06-01 11:23:00,null,null,null,null,2025-06-01,2025-06-01 19:30:00,7:30 PM,2025-06-01 11:30:00,2025-06-01,2025-06-01 16:49:00,4:49 PM,2025-06-01 08:49:00,null,null,null,null,2025-06-01,2025-06-01 16:50:00,4:50 PM,2025-06-01 08:50:00,False,PEN,AK,2025-06-01,BKI,"""AK 5325 """,Landed,null,null,null,null,null,null,null,null,2025-06-01 12:01:35,BKI,2025-06-01T08:14:00,2025-06-01T07:12:00,AK,TWU,2025-06-01T08:14:00,null,"""6265 ""","""  """,2025-06-01T08:05:00,2025-06-01T07:15:00,null,9M-DAE,2025-06-01 11:30:00,2025-06-01 08:50:00
AK270_2024-12-30,""" """,,P9,"""U,V,W,X,Y""",2,2025-06-01,2025-06-01 13:21:00,1:21 PM,2025-06-01 05:21:00,null,null,null,null,2025-06-01,2025-06-01 12:55:00,12:55 PM,2025-06-01 04:55:00,2025-06-01,2025-06-01 08:36:00,8:36 AM,2025-06-01 00:36:00,null,null,null,null,2025-06-01,2025-06-01 08:30:00,8:30 AM,2025-06-01 00:30:00,False,JJN,AK,2025-06-01,KUL,"""AK 270  """,Landed,null,null,null,null,null,null,null,null,2025-06-01 05:31:13,"""   """,null,null,"""  ""","""   """,null,null,"""     ""","""  """,null,null,null,9M-AGS,2025-06-01 04:55:00,2025-06-01 00:30:00
AK897_2025-04-18_DMK_KUL,2,5,23,4,1,2025-06-02,2025-06-02 02:10:00,2:10 AM,2025-06-01 18:10:00,null,null,null,null,2025-06-02,2025-06-02 00:45:00,12:45 AM,2025-06-01 16:45:00,2025-06-01,2025-06-01 23:00:00,11:00 PM,2025-06-01 16:00:00,null,null,null,null,2025-06-01,2025-06-01 21:30:00,9:30 PM,2025-06-01 14:30:00,False,KUL,AK,2025-06-01,DMK,"""AK 897  """,Landed,null,null,null,null,null,null,null,null,2025-06-01 18:21:10,DMK,2025-06-01T15:02:00,2025-06-01T12:41:00,AK,KUL,2025-06-01T14:57:00,2025-06-01T12:20:00,"""896  ""","""  """,2025-06-01T13:50:00,2025-06-01T11:35:00,null,9M-AHX,2025-06-01 04:45:00,2025-06-01 14:30:00
AK6416_2025-08-24_JHB_PEN,""" """,F,G2,17-24,""" """,2025-06-01,2025-06-01 21:19:00,9:19 PM,2025-06-01 13:19:00,null,null,null,null,2025-06-01,2025-06-01 21:10:00,9:10 PM,2025-06-01 13:10:00,2025-06-01,2025-06-01 20:10:00,8:10 PM,2025-06-01 12:10:00,null,null,null,null,2025-06-01,2025-06-01 20:00:00,8:00 PM,2025-06-01 12:00:00,False,PEN,AK,2025-06-01,JHB,"""AK 6416 """,Landed,null,null,null,null,null,null,null,null,2025-06-01 13:31:10,JHB,2025-06-01T11:44:00,2025-06-01T09:16:00,AK,TWU,2025-06-01T11:43:00,2025-06-01T09:14:00,"""5597 ""","""  """,2025-06-01T11:35:00,2025-06-01T09:10:00,null,9M-AQI,2025-06-01 01:10:00,2025-06-01 12:00:00
AK5871_2025-04-09_SBW_KUL,2,,,1-7,""" """,2025-06-01,2025-06-01 17:34:00,5:34 PM,2025-06-01 09:34:00,null,null,null,null,2025-06-01,2025-06-01 16:40:00,4:40 PM,2025-06-01 08:40:00,2025-06-01,2025-06-01 15:33:00,3:33 PM,2025-06-01 07:33:00,null,null,null,null,2025-06-01,2025-06-01 14:40:00,2:40 PM,2025-06-01 06:40:00,False,KUL,AK,2025-06-01,SBW,"""AK 5871 """,Landed,null,null,null,null,null,null,null,null,2025-06-01 09:51:19,SBW,2025-06-01T07:01:00,2025-06-01T04:54:00,AK,KUL,2025-06-01T06:56:00,null,"""5870 ""","""  """,2025-06-01T06:15:00,2025-06-01T04:15:00,null,9M-AGK,2025-06-01 08:40:00,2025-06-01 06:40:00
AK6052_2025-07-26_JHB_KUL,2,3,G8,17-24,""" """,2025-06-03,2025-06-03 07:44:00,7:44 AM,2025-06-02 23:44:00,null,null,null,null,2025-06-03,2025-06-03 07:50:00,7:50 AM,2025-06-02 23:50:00,2025-06-03,2025-06-03 06:49:00,6:49 AM,2025-06-02 22:49:00,null,null,null,null,2025-06-03,2025-06-03 07:00:00,7:00 AM,2025-06-02 23:00:00,False,KUL,AK,2025-06-02,JHB,"""AK 6052 """,Landed,null,null,null,null,null,null,null,null,2025-06-03 00:21:09,"""   """,null,null,"""  ""","""   """,null,null,"""     ""","""  """,null,null,null,9M-AQZ,2025-06-02 11:50:00,2025-06-02 23:00:00
AK6186_2025-03-04_KCH_MYY,""" """,,6,,""" """,2025-06-01,2025-06-01 17:27:00,5:27 PM,2025-06-01 09:27:00,null,null,null,null,2025-06-01,2025-06-01 16:35:00,4:35 PM,2025-06-01 08:35:00,2025-06-01,2025-06-01 16:16:00,4:16 PM,2025-06-01 08:16:00,null,null,null,null,2025-06-01,2025-06-01 15:30:00,3:30 PM,2025-06-01 07:30:00,False,MYY,AK,2025-06-01,KCH,"""AK 6186 """,Landed,null,null,null,null,null,null,null,null,2025-06-01 09:41:13,KCH,2025-06-01T07:47:00,2025-06-01T06:57:00,AK,BTU,2025-06-01T07:46:00,2025-06-01T06:59:00,"""6055 ""","""  """,2025-06-01T07:05:00,2025-06-01T06:15:00,null,9M-AGK,2025-06-01 08:35:00,2025-06-01 07:30:00
AK6260_2025-05-11_BKI_TWU,""" """,B,A3,D01-D16,1,2025-06-01,2025-06-01 09:48:00,9:48 AM,2025-06-01 01:48:00,null,null,null,null,2025-06-01,2025-06-01 09:55:00,9:55 AM,2025-06-01 01:55:00,2025-06-01,2025-06-01 08:54:00,8:54 AM,2025-06-01 00:54:00,null,null,null,null,2025-06-01,2025-06-01 09:05:00,9:05 AM,2025-06-01 01:05:00,False,TWU,AK,2025-06-01,BKI,"""AK 6260 """,Landed,null,null,null,null,null,null,null,null,2025-06-01 01:51:21,BKI,2025-05-31T21:34:00,2025-05-31T18:03:00,AK,CAN,2025-05-31T21:37:00,null,"""1535 ""","""  """,2025-05-31T21:30:00,2025-05-31T18:20:00,null,9M-RAT,2025-06-01 01:55:00,2025-06-01 01:05:00
AK6223_2025-06-28_TGG_KUL,2,2,,3-5,""" """,2025-06-02,2025-06-02 12:38:00,12:38 PM,2025-06-02 04:38:00,null,null,null,null,2025-06-02,2025-06-02 12:45:00,12:45 PM,2025-06-02 04:45:00,2025-06-02,2025-06-02 11:33:00,11:33 AM,2025-06-02 03:33:00,null,null,null,null,2025-06-02,2025-06-02 11:40:00,11:40 AM,2025-06-02 03:40:00,False,KUL,AK,2025-06-02,TGG,"""AK 6223 """,Landed,null,null,null,null,null,null,null,null,2025-06-02 05:01:54,TGG,2025-06-02T03:06:00,2025-06-02T02:15:00,AK,KUL,2025-06-02T03:06:00,null,"""6222 ""","""  """,2025-06-02T03:10:00,2025-06-02T02:15:00,null,9M-RAD,2025-06-02 04:45:00,2025-06-02 03:40:00
AK29_2025-12-12_KUL_TRZ,""" """,,L10,"""U,V,W,X,Y""",2,2025-06-03,2025-06-03 01:05:00,1:05 AM,2025-06-02 19:35:00,null,null,null,null,2025-06-02,2025-06-02 23:40:00,11:40 PM,2025-06-02 18:10:00,2025-06-02,2025-06-02 23:50:00,11:50 PM,2025-06-02 15:50:00,null,null,null,null,2025-06-02,2025-06-02 22:25:00,10:25 PM,2025-06-02 14:25:00,False,TRZ,AK,2025-06-02,KUL,"""AK 29   """,Landed,null,null,null,null,null,null,null,null,2025-06-02 19:41:15,KUL,2025-06-02T14:52:00,2025-06-02T12:42:00,AK,MYY,2025-06-02T14:56:00,2025-06-02T12:35:00,"""5647 ""","""  """,2025-06-02T14:20:00,2025-06-02T12:05:00,null,9M-AGV,2025-06-02 06:10:00,2025-06-02 14:25:00
AK826_2025-10-13_KUL_HKT,""" """,5,P7,"""U,V,W,X,Y""",2,2025-06-04,2025-06-04 17:28:00,5:28 PM,2025-06-04 10:28:00,null,null,null,null,2025-06-04,2025-06-04 16:35:00,4:35 PM,2025-06-04 09:35:00,2025-06-04,2025-06-04 16:47:00,4:47 PM,2025-06-04 08:47:00,null,null,null,null,2025-06-04,2025-06-04 16:05:00,4:05 PM,2025-06-04 08:05:00,False,HKT,AK,2025-06-04,KUL,"""AK 826  """,Landed,null,null,null,null,null,null,null,null,2025-06-04 11:51:10,KUL,2025-06-04T08:15:00,2025-06-04T06:59:00,AK,SIN,2025-06-04T08:16:00,null,"""712  ""","""  """,2025-06-04T07:25:00,2025-06-04T06:20:00,null,9M-AGU,2025-06-04 09:35:00,2025-06-04 08:05:00
AK10_2024-11-27,,,,,,null,null,null,null,2025-06-01,2025-06-01 17:47:00,5:47 PM,2025-06-01 09:47:00,2025-06-01,2025-06-01 14:25:00,2:25 PM,2025-06-01 06:25:00,2025-06-01,2025-06-01 10:11:00,10:11 AM,2025-06-01 04:41:00,null,null,null,null,2025-06-01,2025-06-01 08:05:00,8:05 AM,2025-06-01 02:35:00,False,KUL,AK,2025-06-01,MAA,"""AK 10   """,Departed,null,null,null,null,null,null,null,null,2025-06-01 05:01:17,MAA,2025-06-01T03:52:00,2025-06-01T00:05:00,AK,KUL,2025-06-01T03:52:00,2025-06-01T00:00:00,"""11   ""","""  """,2025-06-01T01:55:00,2025-05-31T22:10:00,null,9M-AGH,2025-06-01 06:25:00,2025-06-01 02:35:00
AK6313_2025-04-25_LGK_KUL,2,1,,1-9,""" """,2025-06-01,2025-06-01 12:45:00,12:45 PM,2025-06-01 04:45:00,null,null,null,null,2025-06-01,2025-06-01 13:00:00,1:00 PM,2025-06-01 05:00:00,2025-06-01,2025-06-01 11:38:00,11:38 AM,2025-06-01 03:38:00,null,null,null,null,2025-06-01,2025-06-01 11:50:00,11:50 AM,2025-06-01 03:50:00,False,KUL,AK,2025-06-01,LGK,"""AK 6313 """,Landed,null,null,null,null,null,null,null,null,2025-06-01 04:51:16,LGK,2025-06-01T03:07:00,2025-06-01T02:04:00,AK,KUL,2025-06-01T03:06:00,null,"""6308 ""","""  """,2025-06-01T03:20:00,2025-06-01T02:15:00,null,9M-AFD,2025-06-01 05:00:00,2025-06-01 03:50:00
AK6040_2026-03-13_KUL_JHB,""" """,,K10,"""S,T""",2,2025-06-02,2025-06-02 16:08:00,4:08 PM,2025-06-02 08:08:00,null,null,null,null,2025-06-02,2025-06-02 15:50:00,3:50 PM,2025-06-02 07:50:00,2025-06-02,2025-06-02 15:19:00,3:19 PM,2025-06-02 07:19:00,null,null,null,null,2025-06-02,2025-06-02 14:55:00,2:55 PM,2025-06-02 06:55:00,False,JHB,AK,2025-06-02,KUL,"""AK 6040 """,Landed,null,null,null,null,null,null,null,null,2025-06-02 08:21:16,KUL,2025-06-02T06:43:00,2025-06-02T02:56:00,AK,MAA,2025-06-02T06:44:00,2025-06-02T03:00:00,"""10   ""","""  """,2025-06-02T06:25:00,2025-06-02T02:35:00,null,9M-AGA,2025-06-02 07:50:00,2025-06-02 06:55:00
AK6045_2025-08-02_JHB_KUL,2,3,G4,17-24,""" """,2025-06-02,2025-06-02 18:56:00,6:56 PM,2025-06-02 10:56:00,null,null,null,null,2025-06-02,2025-06-02 18:40:00,6:40 PM,2025-06-02 10:40:00,2025-06-02,2025-06-02 17:50:00,5:50 PM,2025-06-02 09:50:00,null,null,null,null,2025-06-02,2025-06-02 17:50:00,5:50 PM,2025-06-02 09:50:00,False,KUL,AK,2025-06-02,JHB,"""AK 6045 """,Landed,null,null,null,null,null,null,null,null,2025-06-02 11:41:26,JHB,2025-06-02T09:20:00,2025-06-02T08:36:00,AK,KUL,2025-06-02T09:23:00,null,"""6044 ""","""  """,2025-06-02T09:25:00,2025-06-02T08:35:00,null,9M-AQB,2025-06-02 10:40:00,2025-06-02 09:50:00
AK892_2026-04-02_KUL_DMK,1,1,L10,"""U,V,W,X,Y""",2,2025-06-04,2025-06-04 18:05:00,6:05 PM,2025-06-04 11:05:00,null,null,null,null,2025-06-04,2025-06-04 18:10:00,6:10 PM,2025-06-04 11:10:00,2025-06-04,2025-06-04 16:56:00,4:56 PM,2025-06-04 08:56:00,null,null,null,null,2025-06-04,2025-06-04 16:55:00,4:55 PM,2025-06-04 08:55:00,False,DMK,AK,2025-06-04,KUL,"""AK 892  """,Landed,null,null,null,null,null,null,null,null,2025-06-04 14:01:14,KUL,2025-06-04T08:00:00,2025-06-04T06:52:00,AK,KBR,2025-06-04T07:54:00,null,"""6443 ""","""  """,2025-06-04T07:50:00,2025-06-04T06:45:00,null,9M-RCG,2025-06-04 11:10:00,2025-06-04 08:55:00
AK6438_2024-12-02,,1,J6,"""S,T""",,2025-06-01,2025-06-01 20:10:00,8:10 PM,2025-06-01 12:10:00,null,null,null,null,2025-06-01,2025-06-01 20:00:00,8:00 PM,2025-06-01 12:00:00,2025-06-01,2025-06-01 19:01:00,7:01 PM,2025-06-01 11:01:00,null,null,null,null,2025-06-01,2025-06-01 18:55:00,6:55 PM,2025-06-01 10:55:00,False,KBR,AK,2025-06-01,KUL,"""AK 6438 """,Landed,null,null,null,null,null,null,null,null,2025-06-01 12:21:14,KUL,2025-06-01T10:11:00,2025-06-01T08:05:00,AK,MYY,2025-06-01T10:29:00,null,"""5645 ""","""  """,2025-06-01T10:00:00,2025-06-01T07:45:00,null,9M-RAT,2025-06-01 12:00:00,2025-06-01 10:55:00
AK13_2025-03-10_KUL_MAA,2,6,P11,"""U,V,W,X,Y""",2,2025-06-02,2025-06-02 22:39:00,10:39 PM,2025-06-02 17:09:00,null,null,null,null,2025-06-02,2025-06-02 22:55:00,10:55 PM,2025-06-02 17:25:00,2025-06-02,2025-06-02 21:26:00,9:26 PM,2025-06-02 13:26:00,null,null,null,null,2025-06-02,2025-06-02 21:35:00,9:35 PM,2025-06-02 13:35:00,False,MAA,AK,2025-06-02,KUL,"""AK 13   """,Landed,null,null,null,null,null,null,null,null,2025-06-02 17:51:18,KUL,2025-06-02T12:13:00,2025-06-02T07:51:00,AK,SWA,2025-06-02T12:16:00,null,"""143  ""","""  """,2025-06-02T12:10:00,2025-06-02T07:55:00,null,9M-AGJ,2025-06-02 05:25:00,2025-06-02 13:35:00
AK524_2024-12-16,2,,P11,"""U,V,W,X,Y""",2,2025-06-01,2025-06-01 21:15:00,9:15 PM,2025-06-01 14:15:00,null,null,null,null,2025-06-01,2025-06-01 19:45:00,7:45 PM,2025-06-01 12:45:00,2025-06-01,2025-06-01 20:12:00,8:12 PM,2025-06-01 12:12:00,null,null,null,null,2025-06-01,2025-06-01 18:45:00,6:45 PM,2025-06-01 10:45:00,False,SGN,AK,2025-06-01,kul,"""AK 524  """,Landed,null,null,null,null,null,null,null,null,2025-06-01 14:21:12,KUL,2025-06-01T11:13:00,2025-06-01T09:18:00,AK,CGK,2025-06-01T11:32:00,2025-06-01T08:57:00,"""385  ""","""  """,2025-06-01T10:15:00,2025-06-01T08:10:00,null,9M-AQD,2025-06-01 12:45:00,2025-06-01 10:45:00
AK887_2025-12-15_DMK_KUL,2,9,26,4,1,2025-06-02,2025-06-02 21:08:00,9:08 PM,2025-06-02 13:08:00,null,null,null,null,2025-06-02,2025-06-02 20:05:00,8:05 PM,2025-06-02 12:05:00,2025-06-02,2025-06-02 17:40:00,5:40 PM,2025-06-02 10:40:00,null,null,null,null,2025-06-02,2025-06-02 16:50:00,4:50 PM,2025-06-02 09:50:00,False,KUL,AK,2025-06-02,DMK,"""AK 887  """,Landed,null,null,null,null,null,null,null,null,2025-06-02 13:21:14,DMK,2025-06-02T10:08:00,2025-06-02T07:48:00,AK,KUL,2025-06-02T10:00:00,2025-06-02T07:40:00,"""886  ""","""  """,2025-06-02T09:20:00,2025-06-02T07:00:00,null,9M-AQO,2025-06-02 12:05:00,2025-06-02 09:50:00
AK6076_2026-02-10_MYY_BKI,1,D,,12-15,""" """,2025-06-03,2025-06-03 20:17:00,8:17 PM,2025-06-03 12:17:00,null,null,null,null,2025-06-03,2025-06-03 20:15:00,8:15 PM,2025-06-03 12:15:00,2025-06-03,2025-06-03 19:25:00,7:25 PM,2025-06-03 11:25:00,null,null,null,null,2025-06-03,2025-06-03 19:25:00,7:25 PM,2025-06-03 11:25:00,False,BKI,AK,2025-06-03,MYY,"""AK 6076 """,Landed,null,null,null,null,null,null,null,null,2025-06-03 12:21:11,MYY,2025-06-03T11:03:00,2025-06-03T10:10:00,AK,BKI,2025-06-03T11:00:00,null,"""6075 ""","""  """,2025-06-03T11:00:00,2025-06-03T10:10:00,null,9M-AGB,2025-06-03 12:15:00,2025-06-03 11:25:00
AK6180_2026-04-02_KCH_MYY,""" """,,1,,""" """,2025-06-03,2025-06-03 06:44:00,6:44 AM,2025-06-02 22:44:00,null,null,null,null,2025-06-03,2025-06-03 07:00:00,7:00 AM,2025-06-02 23:00:00,2025-06-03,2025-06-03 05:47:00,5:47 AM,2025-06-02 21:47:00,null,null,null,null,2025-06-03,2025-06-03 06:00:00,6:00 AM,2025-06-02 22:00:00,False,MYY,AK,2025-06-02,KCH,"""AK 6180 """,Landed,null,null,null,null,null,null,null,null,2025-06-02 22:51:10,"""   """,null,null,"""  ""","""   """,null,null,"""     ""","""  """,null,null,null,9M-RAW,2025-06-02 11:00:00,2025-06-02 22:00:00
AK700_2026-01-16_SIN_KUL,2,6,G10,"""4,5""",4,2025-06-02,2025-06-02 08:32:00,8:32 AM,2025-06-02 00:32:00,null,null,null,null,2025-06-02,2025-06-02 08:40:00,8:40 AM,2025-06-02 00:40:00,2025-06-02,2025-06-02 07:38:00,7:38 AM,2025-06-01 23:38:00,null,null,null,null,2025-06-02,2025-06-02 07:40:00,7:40 AM,2025-06-01 23:40:00,False,KUL,AK,2025-06-01,SIN,"""AK 700  """,Landed,null,null,null,null,null,null,null,null,2025-06-02 04:51:24,SIN,2025-06-01T23:00:00,2025-06-01T21:48:00,AK,KUL,2025-06-01T22:55:00,null,"""701  ""","""  """,2025-06-01T23:05:00,2025-06-01T22:00:00,null,9M-VAG,2025-06-02 12:40:00,2025-06-01 23:40:00
AK855_2025-10-28_CNX_KUL,2,8,6,18-20,2,2025-06-01,2025-06-01 12:52:00,12:52 PM,2025-06-01 04:52:00,null,null,null,null,2025-06-01,2025-06-01 12:55:00,12:55 PM,2025-06-01 04:55:00,2025-06-01,2025-06-01 09:02:00,9:02 AM,2025-06-01 02:02:00,null,null,null,null,2025-06-01,2025-06-01 09:10:00,9:10 AM,2025-06-01 02:10:00,False,KUL,AK,2025-06-01,CNX,"""AK 855  """,Landed,null,null,null,null,null,null,null,null,2025-06-01 05:01:12,CNX,2025-06-01T01:38:00,2025-05-31T22:54:00,AK,KUL,2025-06-01T01:38:00,null,"""854  ""","""  """,2025-06-01T01:40:00,2025-05-31T23:00:00,null,9M-RCB,2025-06-01 04:55:00,2025-06-01 02:10:00
AK94_2025-02-10_KUL_ATQ,""" """,,P1,"""U,V,W,X,Y""",2,2025-06-01,2025-06-01 22:26:00,10:26 PM,2025-06-01 16:56:00,null,null,null,null,2025-06-01,2025-06-01 21:30:00,9:30 PM,2025-06-01 16:00:00,2025-06-01,2025-06-01 18:33:00,6:33 PM,2025-06-01 10:33:00,null,null,null,null,2025-06-01,2025-06-01 17:55:00,5:55 PM,2025-06-01 09:55:00,False,ATQ,AK,2025-06-01,KUL,"""AK 94   """,Landed,null,null,null,null,null,null,null,null,2025-06-01 17:11:13,KUL,2025-06-01T09:36:00,2025-06-01T05:43:00,AK,MNL,2025-06-01T09:43:00,null,"""583  ""","""  """,2025-06-01T08:55:00,2025-06-01T04:55:00,null,9M-VAD,2025-06-01 04:00:00,2025-06-01 09:55:00
AK546_2026-01-26_PQC_KUL,2,4,11,27-28,""" """,2025-06-02,2025-06-02 17:11:00,5:11 PM,2025-06-02 09:11:00,null,null,null,null,2025-06-02,2025-06-02 16:55:00,4:55 PM,2025-06-02 08:55:00,2025-06-02,2025-06-02 14:23:00,2:23 PM,2025-06-02 07:23:00,null,null,null,null,2025-06-02,2025-06-02 14:05:00,2:05 PM,2025-06-02 07:05:00,False,KUL,AK,2025-06-02,PQC,"""AK 546  """,Landed,null,null,null,null,null,null,null,null,2025-06-02 09:41:23,PQC,2025-06-02T06:31:00,2025-06-02T04:50:00,AK,KUL,2025-06-02T06:35:00,null,"""545  ""","""  """,2025-06-02T06:35:00,2025-06-02T04:50:00,null,9M-AJP,2025-06-02 08:55:00,2025-06-02 07:05:00
AK405_2025-10-06_KUL_PDG,""" """,,Q9,"""U,V,W,X,Y""",2,2025-06-01,2025-06-01 15:48:00,3:48 PM,2025-06-01 08:48:00,null,null,null,null,2025-06-01,2025-06-01 15:40:00,3:40 PM,2025-06-01 08:40:00,2025-06-01,2025-06-01 15:36:00,3:36 PM,2025-06-01 07:36:00,null,null,null,null,2025-06-01,2025-06-01 15:30:00,3:30 PM,2025-06-01 07:30:00,False,PDG,AK,2025-06-01,KUL,"""AK 405  """,Landed,null,null,null,null,null,null,null,null,2025-06-01 09:01:42,KUL,2025-06-01T06:45:00,2025-06-01T02:35:00,AK,MAA,2025-06-01T06:42:00,null,"""10   ""","""  """,2025-06-01T06:50:00,2025-06-01T02:45:00,null,9M-AGV,2025-06-01 08:40:00,2025-06-01 07:30:00
AK432_2025-11-22_PKU_KUL,2,7,,,""" """,2025-06-01,2025-06-01 10:42:00,10:42 AM,2025-06-01 02:42:00,null,null,null,null,2025-06-01,2025-06-01 09:55:00,9:55 AM,2025-06-01 01:55:00,2025-06-01,2025-06-01 08:50:00,8:50 AM,2025-06-01 01:50:00,null,null,null,null,2025-06-01,2025-06-01 08:00:00,8:00 AM,2025-06-01 01:00:00,False,KUL,AK,2025-06-01,PKU,"""AK 432  """,Landed,null,null,null,null,null,null,null,null,2025-06-01 02:51:15,PKU,null,2025-06-01T00:28:00,AK,KUL,2025-06-01T01:24:00,null,"""433  ""","""  """,2025-06-01T00:20:00,2025-05-31T23:25:00,null,9M-AQM,2025-06-01 01:55:00,2025-06-01 01:00:00
AK5232_2025-09-28_KUL_KCH,""" """,C,J3,"""S,T""",2,2025-06-02,2025-06-02 13:45:00,1:45 PM,2025-06-02 05:45:00,null,null,null,null,2025-06-02,2025-06-02 12:40:00,12:40 PM,2025-06-02 04:40:00,2025-06-02,2025-06-02 11:54:00,11:54 AM,2025-06-02 03:54:00,null,null,null,null,2025-06-02,2025-06-02 10:50:00,10:50 AM,2025-06-02 02:50:00,False,KCH,AK,2025-06-02,KUL,"""AK 5232 """,Landed,null,null,null,null,null,null,null,null,2025-06-02 06:31:15,KUL,2025-06-02T02:20:00,2025-06-02T00:24:00,AK,KCH,2025-06-02T02:15:00,null,"""5205 ""","""  """,2025-06-02T02:15:00,2025-06-02T00:35:00,null,9M-AQH,2025-06-02 04:40:00,2025-06-02 02:50:00
AK716_2026-03-20_SIN_KUL,2,5,G11,"""4,5""",4,2025-06-02,2025-06-02 20:06:00,8:06 PM,2025-06-02 12:06:00,null,null,null,null,2025-06-02,2025-06-02 19:45:00,7:45 PM,2025-06-02 11:45:00,2025-06-02,2025-06-02 19:05:00,7:05 PM,2025-06-02 11:05:00,null,null,null,null,2025-06-02,2025-06-02 18:35:00,6:35 PM,2025-06-02 10:35:00,False,KUL,AK,2025-06-02,SIN,"""AK 716  """,Landed,null,null,null,null,null,null,null,null,2025-06-02 12:21:09,SIN,2025-06-02T10:29:00,2025-06-02T09:14:00,AK,KUL,2025-06-02T10:28:00,2025-06-02T09:10:00,"""717  ""","""  """,2025-06-02T10:00:00,2025-06-02T08:45:00,null,9M-VAH,2025-06-02 11:45:00,2025-06-02 10:35:00
AK5111_2024-12-23,2,3,A10,D01-D16,""" """,2025-06-01,2025-06-01 14:40:00,2:40 PM,2025-06-01 06:40:00,null,null,null,null,2025-06-01,2025-06-01 14:25:00,2:25 PM,2025-06-01 06:25:00,2025-06-01,2025-06-01 11:57:00,11:57 AM,2025-06-01 03:57:00,null,null,null,null,2025-06-01,2025-06-01 11:50:00,11:50 AM,2025-06-01 03:50:00,False,KUL,AK,2025-06-01,BKI,"""AK 5111 """,Landed,null,null,null,null,null,null,null,null,2025-06-01 07:01:16,BKI,2025-06-01T03:13:00,2025-06-01T00:39:00,AK,KUL,2025-06-01T03:16:00,null,"""5110 ""","""  """,2025-06-01T03:15:00,2025-06-01T00:35:00,null,9M-VAF,2025-06-01 06:25:00,2025-06-01 03:50:00
AK6277_2025-08-16_TWU_BKI,1,F,4,6-9,""" """,2025-06-01,2025-06-01 12:05:00,12:05 PM,2025-06-01 04:05:00,null,null,null,null,2025-06-01,2025-06-01 12:15:00,12:15 PM,2025-06-01 04:15:00,2025-06-01,2025-06-01 11:16:00,11:16 AM,2025-06-01 03:16:00,null,null,null,null,2025-06-01,2025-06-01 11:25:00,11:25 AM,2025-06-01 03:25:00,False,BKI,AK,2025-06-01,TWU,"""AK 6277 """,Landed,null,null,null,null,null,null,null,null,2025-06-01 04:11:09,TWU,2025-06-01T02:51:00,2025-06-01T02:02:00,AK,BKI,2025-06-01T02:57:00,null,"""6276 ""","""  """,2025-06-01T03:00:00,2025-06-01T02:10:00,null,9M-AGF,2025-06-01 04:15:00,2025-06-01 03:25:00
AK6187_2025-08-05_MYY_KCH,""" """,A,,12-15,""" """,2025-06-03,2025-06-03 14:41:00,2:41 PM,2025-06-03 06:41:00,null,null,null,null,2025-06-03,2025-06-03 15:00:00,3:00 PM,2025-06-03 07:00:00,2025-06-03,2025-06-03 13:44:00,1:44 PM,2025-06-03 05:44:00,null,null,null,null,2025-06-03,2025-06-03 14:00:00,2:00 PM,2025-06-03 06:00:00,False,KCH,AK,2025-06-03,MYY,"""AK 6187 """,Landed,null,null,null,null,null,null,null,null,2025-06-03 06:51:12,MYY,2025-06-03T05:16:00,2025-06-03T04:11:00,AK,KCH,2025-06-03T05:21:00,null,"""6186 ""","""  """,2025-06-03T05:35:00,2025-06-03T04:30:00,null,9M-AGC,2025-06-03 07:00:00,2025-06-03 06:00:00
AK6437_2025-06-27_KBR_KUL,2,1,7,12-15,""" """,2025-06-01,2025-06-01 12:47:00,12:47 PM,2025-06-01 04:47:00,null,null,null,null,2025-06-01,2025-06-01 12:55:00,12:55 PM,2025-06-01 04:55:00,2025-06-01,2025-06-01 11:44:00,11:44 AM,2025-06-01 03:44:00,null,null,null,null,2025-06-01,2025-06-01 11:55:00,11:55 AM,2025-06-01 03:55:00,False,KUL,AK,2025-06-01,KBR,"""AK 6437 """,Landed,null,null,null,null,null,null,null,null,2025-06-01 08:51:12,KBR,2025-06-01T03:19:00,2025-06-01T02:24:00,AK,KUL,2025-06-01T03:21:00,null,"""6436 ""","""  """,2025-06-01T03:30:00,2025-06-01T02:25:00,null,9M-AQE,2025-06-01 04:55:00,2025-06-01 03:55:00
AK5215_2026-02-18_KCH_KUL,2,3,7,,""" """,2025-06-01,2025-06-01 22:26:00,10:26 PM,2025-06-01 14:26:00,null,null,null,null,2025-06-01,2025-06-01 21:40:00,9:40 PM,2025-06-01 13:40:00,2025-06-01,2025-06-01 20:40:00,8:40 PM,2025-06-01 12:40:00,null,null,null,null,2025-06-01,2025-06-01 19:50:00,7:50 PM,2025-06-01 11:50:00,False,KUL,AK,2025-06-01,KCH,"""AK 5215 """,Landed,null,null,null,null,null,null,null,null,2025-06-01 14:41:10,KCH,2025-06-01T12:10:00,2025-06-01T10:00:00,AK,KUL,2025-06-01T12:06:00,2025-06-01T10:00:00,"""5214 ""","""  """,2025-06-01T11:15:00,2025-06-01T09:30:00,null,9M-AQM,2025-06-01 01:40:00,2025-06-01 11:50:00
AK5138_2025-11-01_KUL_BKI,1,D,K20,"""S,T""",2,2025-06-01,2025-06-01 18:52:00,6:52 PM,2025-06-01 10:52:00,null,null,null,null,2025-06-01,2025-06-01 18:10:00,6:10 PM,2025-06-01 10:10:00,2025-06-01,2025-06-01 15:52:00,3:52 PM,2025-06-01 07:52:00,null,null,null,null,2025-06-01,2025-06-01 15:35:00,3:35 PM,2025-06-01 07:35:00,False,BKI,AK,2025-06-01,KUL,"""AK 5138 """,Landed,null,null,null,null,null,null,null,null,2025-06-01 11:01:11,KUL,2025-06-01T06:55:00,2025-06-01T02:43:00,AK,CAN,2025-06-01T06:48:00,null,"""113  ""","""  """,2025-06-01T06:45:00,2025-06-01T02:25:00,null,9M-RAD,2025-06-01 10:10:00,2025-06-01 07:35:00
AK828_2025-05-13_KUL_HKT,""" """,1,Q13,"""U,V,W,X,Y""",2,2025-06-03,2025-06-03 08:05:00,8:05 AM,2025-06-03 01:05:00,null,null,null,null,2025-06-03,2025-06-03 08:05:00,8:05 AM,2025-06-03 01:05:00,2025-06-03,2025-06-03 07:26:00,7:26 AM,2025-06-02 23:26:00,null,null,null,null,2025-06-03,2025-06-03 07:40:00,7:40 AM,2025-06-02 23:40:00,False,HKT,AK,2025-06-02,KUL,"""AK 828  """,Landed,null,null,null,null,null,null,null,null,2025-06-03 01:11:19,"""   """,null,null,"""  ""","""   """,null,null,"""     ""","""  """,null,null,null,9M-VAF,2025-06-03 01:05:00,2025-06-02 23:40:00
AK265_2025-12-14_KOS_KUL,2,6,,,""" """,2025-06-02,2025-06-02 16:44:00,4:44 PM,2025-06-02 08:44:00,null,null,null,null,2025-06-02,2025-06-02 16:30:00,4:30 PM,2025-06-02 08:30:00,2025-06-02,2025-06-02 13:43:00,1:43 PM,2025-06-02 06:43:00,null,null,null,null,2025-06-02,2025-06-02 13:35:00,1:35 PM,2025-06-02 06:35:00,False,KUL,AK,2025-06-02,KOS,"""AK 265  """,Landed,null,null,null,null,null,null,null,null,2025-06-02 09:01:20,KOS,2025-06-02T06:14:00,2025-06-02T04:23:00,AK,KUL,2025-06-02T06:14:00,null,"""264  ""","""  """,2025-06-02T06:05:00,2025-06-02T04:15:00,null,9M-AGV,2025-06-02 08:30:00,2025-06-02 06:35:00
AK6035_2025-05-24_JHB_KUL,2,1,,17-24,""" """,2025-06-02,2025-06-02 14:29:00,2:29 PM,2025-06-02 06:29:00,null,null,null,null,2025-06-02,2025-06-02 14:40:00,2:40 PM,2025-06-02 06:40:00,2025-06-02,2025-06-02 13:38:00,1:38 PM,2025-06-02 05:38:00,null,null,null,null,2025-06-02,2025-06-02 13:50:00,1:50 PM,2025-06-02 05:50:00,False,KUL,AK,2025-06-02,JHB,"""AK 6035 """,Landed,null,null,null,null,null,null,null,null,2025-06-02 08:41:10,JHB,2025-06-02T04:35:00,2025-06-02T02:12:00,AK,BKI,2025-06-02T04:36:00,null,"""9307 ""","""  """,2025-06-02T04:30:00,2025-06-02T02:15:00,null,9M-AQZ,2025-06-02 06:40:00,2025-06-02 05:50:00
AK5654_2025-12-11_MYY_KUL,2,3,,12-15,""" """,2025-06-01,2025-06-01 12:57:00,12:57 PM,2025-06-01 04:57:00,null,null,null,null,2025-06-01,2025-06-01 13:10:00,1:10 PM,2025-06-01 05:10:00,2025-06-01,2025-06-01 10:39:00,10:39 AM,2025-06-01 02:39:00,null,null,null,null,2025-06-01,2025-06-01 10:50:00,10:50 AM,2025-06-01 02:50:00,False,KUL,AK,2025-06-01,MYY,"""AK 5654 """,Landed,null,null,null,null,null,null,null,null,2025-06-01 05:11:13,MYY,2025-06-01T02:02:00,2025-05-31T23:56:00,AK,KUL,2025-06-01T02:07:00,null,"""5653 ""","""  """,2025-06-01T02:25:00,2025-06-01T00:00:00,null,9M-AJZ,2025-06-01 05:10:00,2025-06-01 02:50:00
AK6314_2025-10-09_KUL_LGK,""" """,2,K10,"""S,T""",2,2025-06-02,2025-06-02 18:33:00,6:33 PM,2025-06-02 10:33:00,null,null,null,null,2025-06-02,2025-06-02 18:40:00,6:40 PM,2025-06-02 10:40:00,2025-06-02,2025-06-02 17:27:00,5:27 PM,2025-06-02 09:27:00,null,null,null,null,2025-06-02,2025-06-02 17:35:00,5:35 PM,2025-06-02 09:35:00,False,LGK,AK,2025-06-02,KUL,"""AK 6314 """,Landed,null,null,null,null,null,null,null,null,2025-06-02 10:41:23,KUL,2025-06-02T08:52:00,2025-06-02T07:05:00,AK,PQC,2025-06-02T08:48:00,null,"""546  ""","""  """,2025-06-02T09:00:00,2025-06-02T07:10:00,null,9M-RAA,2025-06-02 10:40:00,2025-06-02 09:35:00
AK6415_2025-05-31_PEN_JHB,""" """,,A1A,24-36,""" """,2025-06-01,2025-06-01 14:45:00,2:45 PM,2025-06-01 06:45:00,null,null,null,null,2025-06-01,2025-06-01 14:50:00,2:50 PM,2025-06-01 06:50:00,2025-06-01,2025-06-01 13:39:00,1:39 PM,2025-06-01 05:39:00,null,null,null,null,2025-06-01,2025-06-01 13:40:00,1:40 PM,2025-06-01 05:40:00,False,JHB,AK,2025-06-01,PEN,"""AK 6415 """,On time,null,null,null,null,null,null,null,null,2025-06-01 06:51:57,PEN,2025-06-01T05:07:00,2025-06-01T03:53:00,AK,JHB,2025-06-01T05:08:00,null,"""6414 ""","""  """,2025-06-01T05:15:00,2025-06-01T04:05:00,null,9M-AQO,2025-06-01 06:50:00,2025-06-01 05:40:00
AK6491_2024-12-11,,,,1-5,,null,null,null,null,null,null,null,null,2025-06-01,2025-06-01 12:10:00,12:10 PM,2025-06-01 04:10:00,null,null,null,null,null,null,null,null,2025-06-01,2025-06-01 11:25:00,11:25 AM,2025-06-01 03:25:00,False,BKI,AK,2025-06-01,SDK,"""AK 6491 """,Landed,null,null,null,null,null,null,null,null,2025-06-01 08:51:14,SDK,null,null,AK,BKI,null,null,"""6490 ""","""  """,2025-06-01T02:55:00,2025-06-01T02:10:00,null,9M-RAG,2025-06-01 04:10:00,2025-06-01 03:25:00
AK5876_2026-02-20_KUL_SBW,""" """,,J5,"""S,T""",2,2025-06-02,2025-06-02 08:20:00,8:20 AM,2025-06-02 00:20:00,null,null,null,null,2025-06-02,2025-06-02 08:25:00,8:25 AM,2025-06-02 00:25:00,2025-06-02,2025-06-02 06:12:00,6:12 AM,2025-06-01 22:12:00,null,null,null,null,2025-06-02,2025-06-02 06:25:00,6:25 AM,2025-06-01 22:25:00,False,SBW,AK,2025-06-01,KUL,"""AK 5876 """,Landed,null,null,null,null,null,null,null,null,2025-06-02 01:41:12,"""   """,null,null,"""  ""","""   """,null,null,"""     ""","""  """,null,null,null,9M-AHV,2025-06-02 12:25:00,2025-06-01 22:25:00
AK5242_2025-10-21_KUL_BTU,""" """,,J7,"""S,T""",2,2025-06-02,2025-06-02 20:03:00,8:03 PM,2025-06-02 12:03:00,null,null,null,null,2025-06-02,2025-06-02 19:30:00,7:30 PM,2025-06-02 11:30:00,2025-06-02,2025-06-02 17:48:00,5:48 PM,2025-06-02 09:48:00,null,null,null,null,2025-06-02,2025-06-02 17:20:00,5:20 PM,2025-06-02 09:20:00,False,BTU,AK,2025-06-02,KUL,"""AK 5242 """,Landed,null,null,null,null,null,null,null,null,2025-06-02 12:11:17,KUL,2025-06-02T09:05:00,2025-06-02T06:49:00,AK,BTU,2025-06-02T08:54:00,null,"""5245 ""","""  """,2025-06-02T08:45:00,2025-06-02T06:40:00,null,9M-AQN,2025-06-02 11:30:00,2025-06-02 09:20:00
AK719_2025-03-05_KUL_SIN,4,3,P21,"""U,V,W,X,Y""",2,2025-06-01,2025-06-01 19:32:00,7:32 PM,2025-06-01 11:32:00,null,null,null,null,2025-06-01,2025-06-01 19:40:00,7:40 PM,2025-06-01 11:40:00,2025-06-01,2025-06-01 18:20:00,6:20 PM,2025-06-01 10:20:00,null,null,null,null,2025-06-01,2025-06-01 18:30:00,6:30 PM,2025-06-01 10:30:00,False,SIN,AK,2025-06-01,KUL,"""AK 719  """,Landed,null,null,null,null,null,null,null,null,2025-06-01 13:41:16,KUL,2025-06-01T09:09:00,2025-06-01T05:08:00,AK,MNL,2025-06-01T09:06:00,null,"""583  ""","""  """,2025-06-01T08:55:00,2025-06-01T04:55:00,null,9M-VAE,2025-06-01 11:40:00,2025-06-01 10:30:00
AK520_2024-10-26,,,P19,"""U,V,W,X,Y""",,null,null,null,null,null,null,null,null,2025-06-02,2025-06-02 08:05:00,8:05 AM,2025-06-02 01:05:00,null,null,null,null,null,null,null,null,2025-06-02,2025-06-02 06:55:00,6:55 AM,2025-06-01 22:55:00,False,SGN,AK,2025-06-01,KUL,"""AK 520  """,Landed,null,null,null,null,null,null,null,null,2025-06-02 03:51:14,"""   """,null,null,"""  ""","""   """,null,null,"""     ""","""  """,null,null,null,9M-AJI,2025-06-02 01:05:00,2025-06-01 22:55:00
AK5870_2026-03-18_KUL_SBW,""" """,,,,2,2025-06-01,2025-06-01 14:15:00,2:15 PM,2025-06-01 06:15:00,null,null,null,null,2025-06-01,2025-06-01 14:05:00,2:05 PM,2025-06-01 06:05:00,2025-06-01,2025-06-01 12:13:00,12:13 PM,2025-06-01 04:13:00,null,null,null,null,2025-06-01,2025-06-01 12:05:00,12:05 PM,2025-06-01 04:05:00,False,SBW,AK,2025-06-01,KUL,"""AK 5870 """,Landed,null,null,null,null,null,null,null,null,2025-06-01 06:31:17,KUL,2025-06-01T03:02:00,2025-06-01T02:01:00,AK,SIN,2025-06-01T03:14:00,null,"""704  ""","""  """,2025-06-01T03:10:00,2025-06-01T02:05:00,null,9M-AQP,2025-06-01 06:05:00,2025-06-01 04:05:00
AK4105_2025-04-03_SZB_BKI,1,,,,""" """,2025-06-02,2025-06-02 19:48:00,7:48 PM,2025-06-02 11:48:00,null,null,null,null,2025-06-02,2025-06-02 19:35:00,7:35 PM,2025-06-02 11:35:00,2025-06-02,2025-06-02 17:15:00,5:15 PM,2025-06-02 09:15:00,null,null,null,null,2025-06-02,2025-06-02 17:00:00,5:00 PM,2025-06-02 09:00:00,False,BKI,AK,2025-06-02,SZB,"""AK 4105 """,Landed,null,null,null,null,null,null,null,null,2025-06-02 12:11:20,SZB,2025-06-02T08:48:00,2025-06-02T06:17:00,AK,BKI,2025-06-02T08:54:00,null,"""4104 ""","""  """,2025-06-02T08:30:00,2025-06-02T05:55:00,null,9M-RAC,2025-06-02 11:35:00,2025-06-02 09:00:00
AK189_2024-12-29,2,9,6,D12-D14,""" """,2025-06-02,2025-06-02 18:48:00,6:48 PM,2025-06-02 10:48:00,null,null,null,null,2025-06-02,2025-06-02 18:25:00,6:25 PM,2025-06-02 10:25:00,2025-06-02,2025-06-02 14:44:00,2:44 PM,2025-06-02 06:44:00,null,null,null,null,2025-06-02,2025-06-02 14:25:00,2:25 PM,2025-06-02 06:25:00,False,KUL,AK,2025-06-02,MFM,"""AK 189  """,Landed,null,null,null,null,null,null,null,null,2025-06-02 10:51:12,MFM,2025-06-02T06:05:00,2025-06-02T02:02:00,AK,KUL,2025-06-02T06:04:00,null,"""188  ""","""  """,2025-06-02T05:55:00,2025-06-02T02:05:00,null,9M-AJG,2025-06-02 10:25:00,2025-06-02 06:25:00
AK6414_2026-02-19_JHB_PEN,""" """,F,G2,17-24,""" """,2025-06-03,2025-06-03 10:58:00,10:58 AM,2025-06-03 02:58:00,null,null,null,null,2025-06-03,2025-06-03 11:20:00,11:20 AM,2025-06-03 03:20:00,2025-06-03,2025-06-03 09:50:00,9:50 AM,2025-06-03 01:50:00,null,null,null,null,2025-06-03,2025-06-03 10:10:00,10:10 AM,2025-06-03 02:10:00,False,PEN,AK,2025-06-03,JHB,"""AK 6414 """,Landed,null,null,null,null,null,null,null,null,2025-06-03 03:31:12,JHB,2025-06-02T22:33:00,2025-06-02T18:30:00,AK,KMG,2025-06-02T22:35:00,null,"""1381 ""","""  """,2025-06-02T22:45:00,2025-06-02T18:30:00,null,9M-AFE,2025-06-03 03:20:00,2025-06-03 02:10:00
AK822_2025-06-12_KUL_HKT,""" """,5,L16,"""U,V,W,X,Y""",2,2025-06-01,2025-06-01 16:21:00,4:21 PM,2025-06-01 09:21:00,null,null,null,null,2025-06-01,2025-06-01 14:55:00,2:55 PM,2025-06-01 07:55:00,2025-06-01,2025-06-01 15:58:00,3:58 PM,2025-06-01 07:58:00,null,null,null,null,2025-06-01,2025-06-01 14:30:00,2:30 PM,2025-06-01 06:30:00,False,HKT,AK,2025-06-01,KUL,"""AK 822  """,Landed,null,null,null,null,null,null,null,null,2025-06-01 10:51:18,KUL,2025-06-01T07:21:00,2025-06-01T05:16:00,AK,BTU,2025-06-01T07:21:00,null,"""5245 ""","""  """,2025-06-01T07:10:00,2025-06-01T05:05:00,null,9M-AGY,2025-06-01 07:55:00,2025-06-01 06:30:00
AK880_2025-12-19_KUL_DMK,1,4,L5,"""U,V,W,X,Y""",2,2025-06-01,2025-06-01 09:29:00,9:29 AM,2025-06-01 02:29:00,null,null,null,null,2025-06-01,2025-06-01 09:20:00,9:20 AM,2025-06-01 02:20:00,2025-06-01,2025-06-01 08:09:00,8:09 AM,2025-06-01 00:09:00,null,null,null,null,2025-06-01,2025-06-01 08:10:00,8:10 AM,2025-06-01 00:10:00,False,DMK,AK,2025-06-01,KUL,"""AK 880  """,Landed,null,null,null,null,null,null,null,null,2025-06-01 02:41:10,"""   """,null,null,"""  ""","""   """,null,null,"""     ""","""  """,null,null,null,9M-VAE,2025-06-01 02:20:00,2025-06-01 00:10:00
AK606_2025-05-06_KUL_PER,""" """,,L14,"""U,V,W,X,Y""",2,null,null,null,null,2025-06-01,2025-06-01 21:51:00,9:51 PM,2025-06-01 13:51:00,2025-06-01,2025-06-01 19:50:00,7:50 PM,2025-06-01 11:50:00,2025-06-01,2025-06-01 16:25:00,4:25 PM,2025-06-01 08:25:00,null,null,null,null,2025-06-01,2025-06-01 14:10:00,2:10 PM,2025-06-01 06:10:00,False,PER,AK,2025-06-01,KUL,"""AK 606  """,Departed,null,null,null,null,null,null,null,null,2025-06-01 13:41:12,KUL,2025-06-01T07:30:00,2025-06-01T05:06:00,AK,BKI,2025-06-01T07:37:00,2025-06-01T04:50:00,"""5111 ""","""  """,2025-06-01T06:25:00,2025-06-01T03:50:00,null,9M-VAB,2025-06-01 11:50:00,2025-06-01 06:10:00
AK866_2025-10-07_KUL_KBV,""" """,,,,2,null,null,null,null,null,null,null,null,2025-06-03,2025-06-03 10:35:00,10:35 AM,2025-06-03 03:35:00,null,null,null,null,null,null,null,null,2025-06-03,2025-06-03 10:20:00,10:20 AM,2025-06-03 02:20:00,False,KBV,AK,2025-06-03,KUL,"""AK 866  """,On Time,null,null,null,null,null,null,null,null,2025-06-02 14:51:10,"""   """,null,null,"""  ""","""   """,null,null,"""     ""","""  """,null,null,null,9M-AJZ,2025-06-03 03:35:00,2025-06-03 02:20:00
AK6492_2025-11-28_BKI_SDK,""" """,,A10,D01-D16,1,2025-06-02,2025-06-02 07:24:00,7:24 AM,2025-06-01 23:24:00,null,null,null,null,2025-06-02,2025-06-02 07:30:00,7:30 AM,2025-06-01 23:30:00,2025-06-02,2025-06-02 06:39:00,6:39 AM,2025-06-01 22:39:00,null,null,null,null,2025-06-02,2025-06-02 06:45:00,6:45 AM,2025-06-01 22:45:00,False,SDK,AK,2025-06-01,BKI,"""AK 6492 """,Landed,null,null,null,null,null,null,null,null,2025-06-02 00:31:13,"""   """,null,null,"""  ""","""   """,null,null,"""     ""","""  """,null,null,null,9M-RAP,2025-06-01 11:30:00,2025-06-01 22:45:00
AK1722_2024-11-26,,C,G1,"""4,5""",,2025-06-01,2025-06-01 15:40:00,3:40 PM,2025-06-01 07:40:00,null,null,null,null,2025-06-01,2025-06-01 15:05:00,3:05 PM,2025-06-01 07:05:00,2025-06-01,2025-06-01 14:17:00,2:17 PM,2025-06-01 06:17:00,null,null,null,null,2025-06-01,2025-06-01 13:45:00,1:45 PM,2025-06-01 05:45:00,False,PEN,AK,2025-06-01,SIN,"""AK 1722 """,Landed,null,null,null,null,null,null,null,null,2025-06-01 08:31:17,SIN,2025-06-01T05:41:00,2025-06-01T04:04:00,AK,PEN,2025-06-01T05:38:00,null,"""1723 ""","""  """,2025-06-01T05:20:00,2025-06-01T03:55:00,null,9M-AJS,2025-06-01 07:05:00,2025-06-01 05:45:00
AK6225_2025-02-16_TGG_KUL,2,1,,3-5,""" """,2025-06-01,2025-06-01 09:38:00,9:38 AM,2025-06-01 01:38:00,null,null,null,null,2025-06-01,2025-06-01 09:40:00,9:40 AM,2025-06-01 01:40:00,2025-06-01,2025-06-01 08:34:00,8:34 AM,2025-06-01 00:34:00,null,null,null,null,2025-06-01,2025-06-01 08:40:00,8:40 AM,2025-06-01 00:40:00,False,KUL,AK,2025-06-01,TGG,"""AK 6225 """,Landed,null,null,null,null,null,null,null,null,2025-06-01 01:51:13,TGG,2025-06-01T00:03:00,2025-05-31T23:06:00,AK,KUL,2025-06-01T00:05:00,null,"""6224 ""","""  """,2025-06-01T00:15:00,2025-05-31T23:15:00,null,9M-AHE,2025-06-01 01:40:00,2025-06-01 00:40:00
AK641_2026-02-03_DAD_KUL,2,9,7,37-39,2,2025-06-01,2025-06-01 20:27:00,8:27 PM,2025-06-01 12:27:00,null,null,null,null,2025-06-01,2025-06-01 19:35:00,7:35 PM,2025-06-01 11:35:00,2025-06-01,2025-06-01 16:33:00,4:33 PM,2025-06-01 09:33:00,null,null,null,null,2025-06-01,2025-06-01 15:45:00,3:45 PM,2025-06-01 08:45:00,False,KUL,AK,2025-06-01,DAD,"""AK 641  """,Landed,null,null,null,null,null,null,null,null,2025-06-01 13:01:31,DAD,2025-06-01T09:00:00,2025-06-01T06:19:00,AK,KUL,2025-06-01T08:55:00,null,"""640  ""","""  """,2025-06-01T08:15:00,2025-06-01T05:40:00,null,9M-AQD,2025-06-01 11:35:00,2025-06-01 08:45:00
AK5644_2025-03-03_KUL_MYY,""" """,,J5,"""S,T""",2,2025-06-02,2025-06-02 14:53:00,2:53 PM,2025-06-02 06:53:00,null,null,null,null,2025-06-02,2025-06-02 15:10:00,3:10 PM,2025-06-02 07:10:00,2025-06-02,2025-06-02 12:43:00,12:43 PM,2025-06-02 04:43:00,null,null,null,null,2025-06-02,2025-06-02 12:50:00,12:50 PM,2025-06-02 04:50:00,False,MYY,AK,2025-06-02,KUL,"""AK 5644 """,Landed,null,null,null,null,null,null,null,null,2025-06-02 07:11:14,KUL,2025-06-02T03:50:00,2025-06-02T01:52:00,AK,SBW,2025-06-02T03:35:00,2025-06-02T02:00:00,"""5877 ""","""  """,2025-06-02T03:10:00,2025-06-02T01:05:00,null,9M-AJJ,2025-06-02 07:10:00,2025-06-02 04:50:00
AK885_2025-06-29_DMK_KUL,2,8,24,4,1,2025-06-02,2025-06-02 18:16:00,6:16 PM,2025-06-02 10:16:00,null,null,null,null,2025-06-02,2025-06-02 18:35:00,6:35 PM,2025-06-02 10:35:00,2025-06-02,2025-06-02 15:06:00,3:06 PM,2025-06-02 08:06:00,null,null,null,null,2025-06-02,2025-06-02 15:15:00,3:15 PM,2025-06-02 08:15:00,False,KUL,AK,2025-06-02,DMK,"""AK 885  """,Landed,null,null,null,null,null,null,null,null,2025-06-02 10:41:10,DMK,2025-06-02T07:31:00,2025-06-02T05:23:00,AK,KUL,2025-06-02T07:30:00,null,"""884  ""","""  """,2025-06-02T07:45:00,2025-06-02T05:30:00,null,9M-AFF,2025-06-02 10:35:00,2025-06-02 08:15:00
AK6085_2025-06-05_IPH_JHB,""" """,,,1-3,""" """,2025-06-02,2025-06-02 10:23:00,10:23 AM,2025-06-02 02:23:00,null,null,null,null,2025-06-02,2025-06-02 11:00:00,11:00 AM,2025-06-02 03:00:00,2025-06-02,2025-06-02 09:29:00,9:29 AM,2025-06-02 01:29:00,null,null,null,null,2025-06-02,2025-06-02 09:45:00,9:45 AM,2025-06-02 01:45:00,False,JHB,AK,2025-06-02,IPH,"""AK 6085 """,Landed,null,null,null,null,null,null,null,null,2025-06-02 02:31:11,IPH,2025-06-02T01:07:00,2025-06-02T00:11:00,AK,JHB,2025-06-02T01:24:00,null,"""6082 ""","""  """,2025-06-02T01:20:00,2025-06-02T00:20:00,null,9M-AQN,2025-06-02 03:00:00,2025-06-02 01:45:00
AK6307_2026-04-10_LGK_KUL,2,3,2,1-9,""" """,2025-06-02,2025-06-02 11:05:00,11:05 AM,2025-06-02 03:05:00,null,null,null,null,2025-06-02,2025-06-02 11:20:00,11:20 AM,2025-06-02 03:20:00,2025-06-02,2025-06-02 09:53:00,9:53 AM,2025-06-02 01:53:00,null,null,null,null,2025-06-02,2025-06-02 10:10:00,10:10 AM,2025-06-02 02:10:00,False,KUL,AK,2025-06-02,LGK,"""AK 6307 """,Landed,null,null,null,null,null,null,null,null,2025-06-02 03:31:09,LGK,2025-06-02T01:28:00,2025-06-02T00:29:00,AK,KUL,2025-06-02T01:31:00,null,"""6306 ""","""  """,2025-06-02T01:45:00,2025-06-02T00:40:00,null,9M-AHX,2025-06-02 03:20:00,2025-06-02 02:10:00
AK1725_2026-02-13_PEN_SIN,4,1,A6,24-36,""" """,2025-06-03,2025-06-03 17:44:00,5:44 PM,2025-06-03 09:44:00,null,null,null,null,2025-06-03,2025-06-03 17:55:00,5:55 PM,2025-06-03 09:55:00,2025-06-03,2025-06-03 16:16:00,4:16 PM,2025-06-03 08:16:00,null,null,null,null,2025-06-03,2025-06-03 16:25:00,4:25 PM,2025-06-03 08:25:00,False,SIN,AK,2025-06-03,PEN,"""AK 1725 """,Landed,null,null,null,null,null,null,null,null,2025-06-03 10:01:18,PEN,2025-06-03T05:02:00,2025-06-03T03:48:00,AK,SIN,2025-06-03T05:11:00,null,"""1720 ""","""  """,2025-06-03T05:00:00,2025-06-03T03:45:00,null,9M-AQG,2025-06-03 09:55:00,2025-06-03 08:25:00
AK5427_2026-02-28_JHB_KCH,""" """,C,G7,17-24,""" """,2025-06-01,2025-06-01 11:29:00,11:29 AM,2025-06-01 03:29:00,null,null,null,null,2025-06-01,2025-06-01 11:45:00,11:45 AM,2025-06-01 03:45:00,2025-06-01,2025-06-01 10:07:00,10:07 AM,2025-06-01 02:07:00,null,null,null,null,2025-06-01,2025-06-01 10:25:00,10:25 AM,2025-06-01 02:25:00,False,KCH,AK,2025-06-01,JHB,"""AK 5427 """,Landed,null,null,null,null,null,null,null,null,2025-06-01 03:41:09,"""   """,null,null,"""  ""","""   """,null,null,"""     ""","""  """,null,null,null,9M-AJI,2025-06-01 03:45:00,2025-06-01 02:25:00
AK6436_2025-12-20_KUL_KBR,""" """,2,J8,"""S,T""",2,2025-06-02,2025-06-02 12:10:00,12:10 PM,2025-06-02 04:10:00,null,null,null,null,2025-06-02,2025-06-02 11:15:00,11:15 AM,2025-06-02 03:15:00,2025-06-02,2025-06-02 10:46:00,10:46 AM,2025-06-02 02:46:00,null,null,null,null,2025-06-02,2025-06-02 10:10:00,10:10 AM,2025-06-02 02:10:00,False,KBR,AK,2025-06-02,KUL,"""AK 6436 """,Landed,null,null,null,null,null,null,null,null,2025-06-02 04:21:16,KUL,2025-06-02T02:09:00,2025-06-02T01:06:00,AK,TGG,2025-06-02T02:08:00,null,"""6225 ""","""  """,2025-06-02T01:40:00,2025-06-02T00:40:00,null,9M-RAM,2025-06-02 03:15:00,2025-06-02 02:10:00
AK6277_2026-02-14_TWU_BKI,1,F,4,6-9,""" """,2025-06-02,2025-06-02 18:01:00,6:01 PM,2025-06-02 10:01:00,null,null,null,null,2025-06-02,2025-06-02 17:35:00,5:35 PM,2025-06-02 09:35:00,2025-06-02,2025-06-02 17:11:00,5:11 PM,2025-06-02 09:11:00,null,null,null,null,2025-06-02,2025-06-02 16:45:00,4:45 PM,2025-06-02 08:45:00,False,BKI,AK,2025-06-02,TWU,"""AK 6277 """,Landed,null,null,null,null,null,null,null,null,2025-06-02 10:11:15,TWU,2025-06-02T08:46:00,2025-06-02T07:52:00,AK,BKI,2025-06-02T08:49:00,null,"""6276 ""","""  """,2025-06-02T08:20:00,2025-06-02T07:30:00,null,9M-RAK,2025-06-02 09:35:00,2025-06-02 08:45:00
AK820_2025-12-26_KUL_HKT,""" """,5,Q17,"""U,V,W,X,Y""",2,2025-06-01,2025-06-01 16:37:00,4:37 PM,2025-06-01 09:37:00,null,null,null,null,2025-06-01,2025-06-01 16:35:00,4:35 PM,2025-06-01 09:35:00,2025-06-01,2025-06-01 16:05:00,4:05 PM,2025-06-01 08:05:00,null,null,null,null,2025-06-01,2025-06-01 16:05:00,4:05 PM,2025-06-01 08:05:00,False,HKT,AK,2025-06-01,KUL,"""AK 820  """,Landed,null,null,null,null,null,null,null,null,2025-06-01 10:11:10,KUL,2025-06-01T07:20:00,2025-06-01T06:17:00,AK,SIN,2025-06-01T07:36:00,null,"""710  ""","""  """,2025-06-01T07:20:00,2025-06-01T06:10:00,null,9M-AGK,2025-06-01 09:35:00,2025-06-01 08:05:00
AK5426_2025-11-15_KCH_JHB,""" """,,1,,""" """,2025-06-01,2025-06-01 15:31:00,3:31 PM,2025-06-01 07:31:00,null,null,null,null,2025-06-01,2025-06-01 14:50:00,2:50 PM,2025-06-01 06:50:00,2025-06-01,2025-06-01 14:06:00,2:06 PM,2025-06-01 06:06:00,null,null,null,null,2025-06-01,2025-06-01 13:30:00,1:30 PM,2025-06-01 05:30:00,False,JHB,AK,2025-06-01,KCH,"""AK 5426 """,Landed,null,null,null,null,null,null,null,null,2025-06-01 08:31:16,KCH,2025-06-01T05:17:00,2025-06-01T03:53:00,AK,JHB,2025-06-01T05:19:00,null,"""5427 ""","""  """,2025-06-01T05:05:00,2025-06-01T03:45:00,null,9M-AHL,2025-06-01 06:50:00,2025-06-01 05:30:00
AK1491_2025-08-31_SGN_JHB,""" """,,,"""I,J""",2,2025-06-02,2025-06-02 11:17:00,11:17 AM,2025-06-02 03:17:00,null,null,null,null,2025-06-02,2025-06-02 11:40:00,11:40 AM,2025-06-02 03:40:00,2025-06-02,2025-06-02 08:35:00,8:35 AM,2025-06-02 01:35:00,null,null,null,null,2025-06-02,2025-06-02 08:50:00,8:50 AM,2025-06-02 01:50:00,False,JHB,AK,2025-06-02,SGN,"""AK 1491 """,Landed,null,null,null,null,null,null,null,null,2025-06-02 03:31:10,SGN,2025-06-02T00:57:00,2025-06-01T23:12:00,AK,JHB,2025-06-02T01:13:00,null,"""1490 ""","""  """,2025-06-02T01:20:00,2025-06-01T23:20:00,null,9M-AGU,2025-06-02 03:40:00,2025-06-02 01:50:00
AK6463_2025-08-09_SBW_KCH,""" """,A,,1-7,""" """,2025-06-02,2025-06-02 08:32:00,8:32 AM,2025-06-02 00:32:00,null,null,null,null,2025-06-02,2025-06-02 08:40:00,8:40 AM,2025-06-02 00:40:00,2025-06-02,2025-06-02 07:56:00,7:56 AM,2025-06-01 23:56:00,null,null,null,null,2025-06-02,2025-06-02 08:05:00,8:05 AM,2025-06-02 00:05:00,False,KCH,AK,2025-06-02,SBW,"""AK 6463 """,Landed,null,null,null,null,null,null,null,null,2025-06-02 01:11:17,SBW,2025-06-01T23:30:00,2025-06-01T22:53:00,AK,KCH,2025-06-01T23:35:00,null,"""6462 ""","""  """,2025-06-01T23:35:00,2025-06-01T23:00:00,null,9M-AQF,2025-06-02 12:40:00,2025-06-02 00:05:00
AK546_2025-08-18_PQC_KUL,2,4,8,23-25,""" """,2025-06-01,2025-06-01 17:11:00,5:11 PM,2025-06-01 09:11:00,null,null,null,null,2025-06-01,2025-06-01 17:00:00,5:00 PM,2025-06-01 09:00:00,2025-06-01,2025-06-01 14:10:00,2:10 PM,2025-06-01 07:10:00,null,null,null,null,2025-06-01,2025-06-01 14:10:00,2:10 PM,2025-06-01 07:10:00,False,KUL,AK,2025-06-01,PQC,"""AK 546  """,Landed,null,null,null,null,null,null,null,null,2025-06-01 09:21:10,PQC,2025-06-01T06:34:00,2025-06-01T04:52:00,AK,KUL,2025-06-01T06:43:00,null,"""545  ""","""  """,2025-06-01T06:35:00,2025-06-01T04:45:00,null,9M-AGA,2025-06-01 09:00:00,2025-06-01 07:10:00
AK6321_2025-11-16_LGK_KUL,2,3,2,1-9,""" """,2025-06-03,2025-06-03 14:10:00,2:10 PM,2025-06-03 06:10:00,null,null,null,null,2025-06-03,2025-06-03 13:55:00,1:55 PM,2025-06-03 05:55:00,2025-06-03,2025-06-03 12:55:00,12:55 PM,2025-06-03 04:55:00,null,null,null,null,2025-06-03,2025-06-03 12:45:00,12:45 PM,2025-06-03 04:45:00,False,KUL,AK,2025-06-03,LGK,"""AK 6321 """,Landed,null,null,null,null,null,null,null,null,2025-06-03 06:32:03,LGK,2025-06-03T04:31:00,2025-06-03T03:29:00,AK,KUL,2025-06-03T04:36:00,null,"""6320 ""","""  """,2025-06-03T04:20:00,2025-06-03T03:15:00,null,9M-AGN,2025-06-03 05:55:00,2025-06-03 04:45:00
AK421_2026-02-07_KUL_BTJ,""" """,,L6,"""U,V,W,X,Y""",2,2025-06-04,2025-06-04 17:12:00,5:12 PM,2025-06-04 10:12:00,null,null,null,null,2025-06-04,2025-06-04 17:20:00,5:20 PM,2025-06-04 10:20:00,2025-06-04,2025-06-04 16:49:00,4:49 PM,2025-06-04 08:49:00,null,null,null,null,2025-06-04,2025-06-04 16:50:00,4:50 PM,2025-06-04 08:50:00,False,BTJ,AK,2025-06-04,KUL,"""AK 421  """,Landed,null,null,null,null,null,null,null,null,2025-06-04 10:21:16,KUL,2025-06-04T08:07:00,2025-06-04T06:58:00,AK,AOR,2025-06-04T08:10:00,null,"""6017 ""","""  """,2025-06-04T08:05:00,2025-06-04T07:00:00,null,9M-AGG,2025-06-04 10:20:00,2025-06-04 08:50:00
AK1582_2024-12-14,""" """,C,,B,""" """,2025-06-01,2025-06-01 15:47:00,3:47 PM,2025-06-01 07:47:00,null,null,null,null,2025-06-01,2025-06-01 15:55:00,3:55 PM,2025-06-01 07:55:00,2025-06-01,2025-06-01 13:57:00,1:57 PM,2025-06-01 06:57:00,null,null,null,null,2025-06-01,2025-06-01 14:05:00,2:05 PM,2025-06-01 07:05:00,False,PEN,AK,2025-06-01,KNO,"""AK 1582 """,Landed,null,null,null,null,null,null,null,null,2025-06-01 07:51:17,KNO,2025-06-01T06:28:00,2025-06-01T05:42:00,AK,PEN,2025-06-01T06:35:00,null,"""1583 ""","""  """,2025-06-01T06:40:00,2025-06-01T05:50:00,null,9M-AHZ,2025-06-01 07:55:00,2025-06-01 07:05:00
AK6320_2026-04-12_KUL_LGK,""" """,2,K16,"""S,T""",2,2025-06-01,2025-06-01 11:33:00,11:33 AM,2025-06-01 03:33:00,null,null,null,null,2025-06-01,2025-06-01 11:35:00,11:35 AM,2025-06-01 03:35:00,2025-06-01,2025-06-01 10:20:00,10:20 AM,2025-06-01 02:20:00,null,null,null,null,2025-06-01,2025-06-01 10:30:00,10:30 AM,2025-06-01 02:30:00,False,LGK,AK,2025-06-01,KUL,"""AK 6320 """,Landed,null,null,null,null,null,null,null,null,2025-06-01 03:41:16,KUL,2025-06-01T01:25:00,2025-06-01T00:32:00,AK,PKU,2025-06-01T01:41:00,null,"""432  ""","""  """,2025-06-01T01:45:00,2025-06-01T00:50:00,null,9M-AGZ,2025-06-01 03:35:00,2025-06-01 02:30:00
AK305_2025-10-03_LOP_KUL,2,5,6,13-15,""" """,2025-06-01,2025-06-01 15:46:00,3:46 PM,2025-06-01 07:46:00,null,null,null,null,2025-06-01,2025-06-01 16:05:00,4:05 PM,2025-06-01 08:05:00,2025-06-01,2025-06-01 12:39:00,12:39 PM,2025-06-01 04:39:00,null,null,null,null,2025-06-01,2025-06-01 12:55:00,12:55 PM,2025-06-01 04:55:00,False,KUL,AK,2025-06-01,LOP,"""AK 305  """,Landed,null,null,null,null,null,null,null,null,2025-06-01 08:01:45,LOP,2025-06-01T04:05:00,2025-06-01T00:54:00,AK,KUL,2025-06-01T03:53:00,null,"""304  ""","""  """,2025-06-01T04:30:00,2025-06-01T01:00:00,null,9M-AGG,2025-06-01 08:05:00,2025-06-01 04:55:00
AK5231_2026-02-01_KCH_KUL,2,3,8,,""" """,2025-06-03,2025-06-03 08:27:00,8:27 AM,2025-06-03 00:27:00,null,null,null,null,2025-06-03,2025-06-03 08:40:00,8:40 AM,2025-06-03 00:40:00,2025-06-03,2025-06-03 06:45:00,6:45 AM,2025-06-02 22:45:00,null,null,null,null,2025-06-03,2025-06-03 07:00:00,7:00 AM,2025-06-02 23:00:00,False,KUL,AK,2025-06-02,KCH,"""AK 5231 """,Landed,null,null,null,null,null,null,null,null,2025-06-03 00:41:11,"""   """,null,null,"""  ""","""   """,null,null,"""     ""","""  """,null,null,null,9M-AQZ,2025-06-03 12:40:00,2025-06-02 23:00:00
AK6192_2025-11-10_KCH_MYY,""" """,,8,,""" """,2025-06-02,2025-06-02 12:32:00,12:32 PM,2025-06-02 04:32:00,null,null,null,null,2025-06-02,2025-06-02 12:30:00,12:30 PM,2025-06-02 04:30:00,2025-06-02,2025-06-02 11:27:00,11:27 AM,2025-06-02 03:27:00,null,null,null,null,2025-06-02,2025-06-02 11:30:00,11:30 AM,2025-06-02 03:30:00,False,MYY,AK,2025-06-02,KCH,"""AK 6192 """,Landed,null,null,null,null,null,null,null,null,2025-06-02 05:11:14,KCH,2025-06-02T02:51:00,2025-06-02T02:12:00,AK,PNK,2025-06-02T02:57:00,null,"""1782 ""","""  """,2025-06-02T03:05:00,2025-06-02T02:15:00,null,9M-AQB,2025-06-02 04:30:00,2025-06-02 03:30:00
AK5012_2025-06-20_JHB_MYY,""" """,,,17-24,""" """,2025-06-02,2025-06-02 08:51:00,8:51 AM,2025-06-02 00:51:00,null,null,null,null,2025-06-02,2025-06-02 09:10:00,9:10 AM,2025-06-02 01:10:00,2025-06-02,2025-06-02 06:55:00,6:55 AM,2025-06-01 22:55:00,null,null,null,null,2025-06-02,2025-06-02 07:10:00,7:10 AM,2025-06-01 23:10:00,False,MYY,AK,2025-06-01,JHB,"""AK 5012 """,Landed,null,null,null,null,null,null,null,null,2025-06-02 01:11:16,"""   """,null,null,"""  ""","""   """,null,null,"""     ""","""  """,null,null,null,9M-AGT,2025-06-02 01:10:00,2025-06-01 23:10:00
AK1572_2026-02-09_CGK_PEN,""" """,C,F3,91-98,2,2025-06-01,2025-06-01 13:16:00,1:16 PM,2025-06-01 05:16:00,null,null,null,null,2025-06-01,2025-06-01 13:20:00,1:20 PM,2025-06-01 05:20:00,2025-06-01,2025-06-01 09:55:00,9:55 AM,2025-06-01 02:55:00,null,null,null,null,2025-06-01,2025-06-01 10:00:00,10:00 AM,2025-06-01 03:00:00,False,PEN,AK,2025-06-01,CGK,"""AK 1572 """,Landed,null,null,null,null,null,null,null,null,2025-06-01 05:21:11,CGK,2025-06-01T02:19:00,2025-05-31T23:57:00,AK,PEN,2025-06-01T02:18:00,null,"""1573 ""","""  """,2025-06-01T02:30:00,2025-06-01T00:10:00,null,9M-AQQ,2025-06-01 05:20:00,2025-06-01 03:00:00
AK6139_2025-09-17_PEN_KUL,2,3,B3,24-36,""" """,2025-06-03,2025-06-03 19:48:00,7:48 PM,2025-06-03 11:48:00,null,null,null,null,2025-06-03,2025-06-03 20:05:00,8:05 PM,2025-06-03 12:05:00,2025-06-03,2025-06-03 18:44:00,6:44 PM,2025-06-03 10:44:00,null,null,null,null,2025-06-03,2025-06-03 19:00:00,7:00 PM,2025-06-03 11:00:00,False,KUL,AK,2025-06-03,PEN,"""AK 6139 """,Landed,null,null,null,null,null,null,null,null,2025-06-03 12:31:08,PEN,2025-06-03T09:22:00,2025-06-03T08:50:00,AK,LGK,2025-06-03T09:26:00,null,"""6249 ""","""  """,2025-06-03T09:40:00,2025-06-03T09:05:00,null,9M-DAB,2025-06-03 12:05:00,2025-06-03 11:00:00
AK5301_2025-08-17_BKI_JHB,""" """,,A6,D01-D16,1,2025-06-02,2025-06-02 15:07:00,3:07 PM,2025-06-02 07:07:00,null,null,null,null,2025-06-02,2025-06-02 15:10:00,3:10 PM,2025-06-02 07:10:00,2025-06-02,2025-06-02 12:54:00,12:54 PM,2025-06-02 04:54:00,null,null,null,null,2025-06-02,2025-06-02 12:55:00,12:55 PM,2025-06-02 04:55:00,False,JHB,AK,2025-06-02,BKI,"""AK 5301 """,Landed,null,null,null,null,null,null,null,null,2025-06-02 07:11:38,BKI,2025-06-02T04:20:00,2025-06-02T02:01:00,AK,JHB,2025-06-02T04:25:00,null,"""5302 ""","""  """,2025-06-02T04:30:00,2025-06-02T02:10:00,null,9M-AGT,2025-06-02 07:10:00,2025-06-02 04:55:00
AK721_2025-08-25_KUL_SIN,4,3,L16,"""U,V,W,X,Y""",2,2025-06-01,2025-06-01 20:34:00,8:34 PM,2025-06-01 12:34:00,null,null,null,null,2025-06-01,2025-06-01 20:45:00,8:45 PM,2025-06-01 12:45:00,2025-06-01,2025-06-01 19:26:00,7:26 PM,2025-06-01 11:26:00,null,null,null,null,2025-06-01,2025-06-01 19:25:00,7:25 PM,2025-06-01 11:25:00,False,SIN,AK,2025-06-01,KUL,"""AK 721  """,Landed,null,null,null,null,null,null,null,null,2025-06-01 12:51:10,KUL,2025-06-01T10:00:00,2025-06-01T07:30:00,AK,BKI,2025-06-01T09:55:00,2025-06-01T07:35:00,"""5139 ""","""  """,2025-06-01T09:20:00,2025-06-01T06:50:00,null,9M-VAG,2025-06-01 12:45:00,2025-06-01 11:25:00
AK1784_2025-10-07_PNK_KCH,""" """,D,8,,""" """,2025-06-01,2025-06-01 21:48:00,9:48 PM,2025-06-01 13:48:00,null,null,null,null,2025-06-01,2025-06-01 21:15:00,9:15 PM,2025-06-01 13:15:00,2025-06-01,2025-06-01 20:01:00,8:01 PM,2025-06-01 13:01:00,null,null,null,null,2025-06-01,2025-06-01 19:30:00,7:30 PM,2025-06-01 12:30:00,False,KCH,AK,2025-06-01,PNK,"""AK 1784 """,Landed,null,null,null,null,null,null,null,null,2025-06-01 14:01:21,PNK,2025-06-01T12:31:00,2025-06-01T11:45:00,AK,KCH,2025-06-01T12:33:00,null,"""1783 ""","""  """,2025-06-01T12:05:00,2025-06-01T11:20:00,null,9M-AQB,2025-06-01 01:15:00,2025-06-01 12:30:00
AK881_2026-02-27_DMK_KUL,2,5,21,4,1,2025-06-04,2025-06-04 13:17:00,1:17 PM,2025-06-04 05:17:00,null,null,null,null,2025-06-04,2025-06-04 13:10:00,1:10 PM,2025-06-04 05:10:00,2025-06-04,2025-06-04 09:57:00,9:57 AM,2025-06-04 02:57:00,null,null,null,null,2025-06-04,2025-06-04 09:55:00,9:55 AM,2025-06-04 02:55:00,False,KUL,AK,2025-06-04,DMK,"""AK 881  """,Landed,null,null,null,null,null,null,null,null,2025-06-04 05:21:26,DMK,2025-06-04T02:23:00,2025-06-04T00:06:00,AK,KUL,2025-06-04T02:27:00,null,"""880  ""","""  """,2025-06-04T02:20:00,2025-06-04T00:10:00,null,9M-AQQ,2025-06-04 05:10:00,2025-06-04 02:55:00
AK5740_2026-03-03_KUL_TWU,""" """,B,J15,"""S,T""",2,2025-06-02,2025-06-02 13:17:00,1:17 PM,2025-06-02 05:17:00,null,null,null,null,2025-06-02,2025-06-02 13:10:00,1:10 PM,2025-06-02 05:10:00,2025-06-02,2025-06-02 10:13:00,10:13 AM,2025-06-02 02:13:00,null,null,null,null,2025-06-02,2025-06-02 10:15:00,10:15 AM,2025-06-02 02:15:00,False,TWU,AK,2025-06-02,KUL,"""AK 5740 """,Landed,null,null,null,null,null,null,null,null,2025-06-02 05:31:13,"""   """,null,null,"""  ""","""   """,null,null,"""     ""","""  """,null,null,null,9M-AGB,2025-06-02 05:10:00,2025-06-02 02:15:00
AK18_2025-07-02_JAI_KUL,2,8,G2,C1-C4,1,null,null,null,null,2025-06-02,2025-06-02 07:15:00,7:15 AM,2025-06-01 23:15:00,2025-06-02,2025-06-02 06:15:00,6:15 AM,2025-06-01 22:15:00,2025-06-01,2025-06-01 22:39:00,10:39 PM,2025-06-01 17:09:00,null,null,null,null,2025-06-01,2025-06-01 22:20:00,10:20 PM,2025-06-01 16:50:00,False,KUL,AK,2025-06-01,JAI,"""AK 18   """,Departed,null,null,null,null,null,null,null,null,2025-06-01 23:01:28,JAI,2025-06-01T16:23:00,2025-06-01T11:12:00,AK,KUL,2025-06-01T16:40:00,2025-06-01T10:55:00,"""19   ""","""  """,2025-06-01T15:50:00,2025-06-01T10:30:00,null,9M-NEO,2025-06-01 10:15:00,2025-06-01 16:50:00
AK404_2025-12-17_PDG_KUL,2,6,8,,""" """,2025-06-01,2025-06-01 18:37:00,6:37 PM,2025-06-01 10:37:00,null,null,null,null,2025-06-01,2025-06-01 18:30:00,6:30 PM,2025-06-01 10:30:00,2025-06-01,2025-06-01 16:35:00,4:35 PM,2025-06-01 09:35:00,null,null,null,null,2025-06-01,2025-06-01 16:20:00,4:20 PM,2025-06-01 09:20:00,False,KUL,AK,2025-06-01,PDG,"""AK 404  """,Landed,null,null,null,null,null,null,null,null,2025-06-01 11:21:12,PDG,2025-06-01T09:00:00,2025-06-01T07:47:00,AK,KUL,2025-06-01T08:56:00,null,"""405  ""","""  """,2025-06-01T08:55:00,2025-06-01T07:45:00,null,9M-AGN,2025-06-01 10:30:00,2025-06-01 09:20:00
AK544_2025-03-30_PQC_KUL,2,4,9,24-25,""" """,2025-06-01,2025-06-01 12:24:00,12:24 PM,2025-06-01 04:24:00,null,null,null,null,2025-06-01,2025-06-01 12:30:00,12:30 PM,2025-06-01 04:30:00,2025-06-01,2025-06-01 09:34:00,9:34 AM,2025-06-01 02:34:00,null,null,null,null,2025-06-01,2025-06-01 09:40:00,9:40 AM,2025-06-01 02:40:00,False,KUL,AK,2025-06-01,PQC,"""AK 544  """,Landed,null,null,null,null,null,null,null,null,2025-06-01 06:51:10,PQC,2025-06-01T02:16:00,2025-06-01T00:27:00,AK,KUL,2025-06-01T02:12:00,null,"""543  ""","""  """,2025-06-01T02:10:00,2025-06-01T00:20:00,null,9M-AFV,2025-06-01 04:30:00,2025-06-01 02:40:00
AK6181_2025-01-18_MYY_KCH,""" """,A,,12-15,""" """,2025-06-01,2025-06-01 09:20:00,9:20 AM,2025-06-01 01:20:00,null,null,null,null,2025-06-01,2025-06-01 09:30:00,9:30 AM,2025-06-01 01:30:00,2025-06-01,2025-06-01 08:23:00,8:23 AM,2025-06-01 00:23:00,null,null,null,null,2025-06-01,2025-06-01 08:30:00,8:30 AM,2025-06-01 00:30:00,False,KCH,AK,2025-06-01,MYY,"""AK 6181 """,Landed,null,null,null,null,null,null,null,null,2025-06-01 01:31:14,MYY,2025-05-31T23:54:00,2025-05-31T22:51:00,AK,KCH,2025-06-01T00:01:00,null,"""6180 ""","""  """,2025-06-01T00:01:00,2025-05-31T23:00:00,null,9M-AQE,2025-06-01 01:30:00,2025-06-01 00:30:00
AK6124_2025-04-29_KUL_PEN,""" """,F,K10,"""S,T""",2,2025-06-02,2025-06-02 07:34:00,7:34 AM,2025-06-01 23:34:00,null,null,null,null,2025-06-02,2025-06-02 07:40:00,7:40 AM,2025-06-01 23:40:00,2025-06-02,2025-06-02 06:38:00,6:38 AM,2025-06-01 22:38:00,null,null,null,null,2025-06-02,2025-06-02 06:40:00,6:40 AM,2025-06-01 22:40:00,False,PEN,AK,2025-06-01,KUL,"""AK 6124 """,Landed,null,null,null,null,null,null,null,null,2025-06-02 01:41:24,"""   """,null,null,"""  ""","""   """,null,null,"""     ""","""  """,null,null,null,9M-AFF,2025-06-01 11:40:00,2025-06-01 22:40:00
AK826_2025-02-25_KUL_HKT,""" """,1,P7,"""U,V,W,X,Y""",2,2025-06-02,2025-06-02 18:24:00,6:24 PM,2025-06-02 11:24:00,null,null,null,null,2025-06-02,2025-06-02 18:30:00,6:30 PM,2025-06-02 11:30:00,2025-06-02,2025-06-02 17:52:00,5:52 PM,2025-06-02 09:52:00,null,null,null,null,2025-06-02,2025-06-02 18:00:00,6:00 PM,2025-06-02 10:00:00,False,HKT,AK,2025-06-02,KUL,"""AK 826  """,Landed,null,null,null,null,null,null,null,null,2025-06-02 15:51:16,KUL,2025-06-02T09:01:00,2025-06-02T07:02:00,AK,PQC,2025-06-02T08:57:00,null,"""546  ""","""  """,2025-06-02T09:00:00,2025-06-02T07:05:00,null,9M-AGJ,2025-06-02 11:30:00,2025-06-02 10:00:00
AK606_2025-05-20_KUL_PER,""" """,,Q7,"""U,V,W,X,Y""",2,2025-06-02,2025-06-02 20:45:00,8:45 PM,2025-06-02 12:45:00,null,null,null,null,2025-06-02,2025-06-02 19:50:00,7:50 PM,2025-06-02 11:50:00,2025-06-02,2025-06-02 15:03:00,3:03 PM,2025-06-02 07:03:00,null,null,null,null,2025-06-02,2025-06-02 14:10:00,2:10 PM,2025-06-02 06:10:00,False,PER,AK,2025-06-02,KUL,"""AK 606  """,Landed,null,null,null,null,null,null,null,null,2025-06-02 13:01:12,"""   """,null,null,"""  ""","""   """,null,null,"""     ""","""  """,null,null,null,9M-VAA,2025-06-02 11:50:00,2025-06-02 06:10:00
AK6052_2025-03-20_JHB_KUL,2,3,G4,17-24,""" """,2025-06-02,2025-06-02 07:47:00,7:47 AM,2025-06-01 23:47:00,null,null,null,null,2025-06-02,2025-06-02 07:50:00,7:50 AM,2025-06-01 23:50:00,2025-06-02,2025-06-02 06:53:00,6:53 AM,2025-06-01 22:53:00,null,null,null,null,2025-06-02,2025-06-02 07:00:00,7:00 AM,2025-06-01 23:00:00,False,KUL,AK,2025-06-01,JHB,"""AK 6052 """,Landed,null,null,null,null,null,null,null,null,2025-06-01 23:51:25,"""   """,null,null,"""  ""","""   """,null,null,"""     ""","""  """,null,null,null,9M-AHE,2025-06-01 11:50:00,2025-06-01 23:00:00
AK5653_2025-06-03_KUL_MYY,""" """,,K10,"""S,T""",2,2025-06-03,2025-06-03 10:37:00,10:37 AM,2025-06-03 02:37:00,null,null,null,null,2025-06-03,2025-06-03 10:25:00,10:25 AM,2025-06-03 02:25:00,2025-06-03,2025-06-03 08:00:00,8:00 AM,2025-06-03 00:00:00,null,null,null,null,2025-06-03,2025-06-03 08:00:00,8:00 AM,2025-06-03 00:00:00,False,MYY,AK,2025-06-03,KUL,"""AK 5653 """,Landed,null,null,null,null,null,null,null,null,2025-06-03 03:51:11,"""   """,null,null,"""  ""","""   """,null,null,"""     ""","""  """,null,null,null,9M-AJT,2025-06-03 02:25:00,2025-06-03 00:00:00
AK828_2025-05-03_KUL_HKT,""" """,1,Q17,"""U,V,W,X,Y""",2,2025-06-02,2025-06-02 08:12:00,8:12 AM,2025-06-02 01:12:00,null,null,null,null,2025-06-02,2025-06-02 08:05:00,8:05 AM,2025-06-02 01:05:00,2025-06-02,2025-06-02 07:34:00,7:34 AM,2025-06-01 23:34:00,null,null,null,null,2025-06-02,2025-06-02 07:40:00,7:40 AM,2025-06-01 23:40:00,False,HKT,AK,2025-06-01,KUL,"""AK 828  """,LANDED,null,null,null,null,null,null,null,null,2025-06-02 01:41:21,"""   """,null,null,"""  ""","""   """,null,null,"""     ""","""  """,null,null,null,9M-VAD,2025-06-02 01:05:00,2025-06-01 23:40:00
AK517_2025-02-11_HAN_KUL,2,6,35,A5-A8,2,2025-06-02,2025-06-02 13:21:00,1:21 PM,2025-06-02 05:21:00,null,null,null,null,2025-06-02,2025-06-02 13:15:00,1:15 PM,2025-06-02 05:15:00,2025-06-02,2025-06-02 08:52:00,8:52 AM,2025-06-02 01:52:00,null,null,null,null,2025-06-02,2025-06-02 09:00:00,9:00 AM,2025-06-02 02:00:00,False,KUL,AK,2025-06-02,HAN,"""AK 517  """,Landed,null,null,null,null,null,null,null,null,2025-06-02 06:21:11,HAN,2025-06-02T00:59:00,2025-06-01T21:51:00,AK,KUL,2025-06-02T00:54:00,null,"""516  ""","""  """,2025-06-02T01:15:00,2025-06-01T22:05:00,null,9M-RAJ,2025-06-02 05:15:00,2025-06-02 02:00:00
AK6131_2026-03-17_PEN_KUL,2,2,A1A,24-36,""" """,2025-06-04,2025-06-04 17:51:00,5:51 PM,2025-06-04 09:51:00,null,null,null,null,2025-06-04,2025-06-04 17:45:00,5:45 PM,2025-06-04 09:45:00,2025-06-04,2025-06-04 16:43:00,4:43 PM,2025-06-04 08:43:00,null,null,null,null,2025-06-04,2025-06-04 16:45:00,4:45 PM,2025-06-04 08:45:00,False,KUL,AK,2025-06-04,PEN,"""AK 6131 """,Landed,null,null,null,null,null,null,null,null,2025-06-04 10:01:16,PEN,2025-06-04T07:09:00,2025-06-04T05:54:00,AK,SIN,2025-06-04T07:26:00,2025-06-04T05:51:00,"""1722 ""","""  """,2025-06-04T07:05:00,2025-06-04T05:45:00,null,9M-AQM,2025-06-04 09:45:00,2025-06-04 08:45:00
AK732_2025-08-18_LGK_SIN,4,3,2,1-9,""" """,2025-06-01,2025-06-01 10:22:00,10:22 AM,2025-06-01 02:22:00,null,null,null,null,2025-06-01,2025-06-01 10:20:00,10:20 AM,2025-06-01 02:20:00,2025-06-01,2025-06-01 08:39:00,8:39 AM,2025-06-01 00:39:00,null,null,null,null,2025-06-01,2025-06-01 08:40:00,8:40 AM,2025-06-01 00:40:00,False,SIN,AK,2025-06-01,LGK,"""AK 732  """,Landed,null,null,null,null,null,null,null,null,2025-06-01 03:41:14,LGK,2025-06-01T00:11:00,2025-05-31T23:00:00,AK,KUL,2025-06-01T00:09:00,null,"""6320 ""","""  """,2025-06-01T00:10:00,2025-05-31T23:05:00,null,9M-AJT,2025-06-01 02:20:00,2025-06-01 00:40:00
AK6305_2025-12-12_LGK_KUL,2,2,4,1-9,""" """,2025-06-02,2025-06-02 14:44:00,2:44 PM,2025-06-02 06:44:00,null,null,null,null,2025-06-02,2025-06-02 14:50:00,2:50 PM,2025-06-02 06:50:00,2025-06-02,2025-06-02 13:27:00,1:27 PM,2025-06-02 05:27:00,null,null,null,null,2025-06-02,2025-06-02 13:40:00,1:40 PM,2025-06-02 05:40:00,False,KUL,AK,2025-06-02,LGK,"""AK 6305 """,Landed,null,null,null,null,null,null,null,null,2025-06-02 06:51:25,LGK,2025-06-02T04:52:00,2025-06-02T03:51:00,AK,KUL,2025-06-02T04:54:00,null,"""6304 ""","""  """,2025-06-02T05:05:00,2025-06-02T04:00:00,null,9M-VAB,2025-06-02 06:50:00,2025-06-02 05:40:00
AK6423_2025-11-08_PEN_JHB,""" """,,B7,24-36,""" """,2025-06-01,2025-06-01 20:01:00,8:01 PM,2025-06-01 12:01:00,null,null,null,null,2025-06-01,2025-06-01 20:05:00,8:05 PM,2025-06-01 12:05:00,2025-06-01,2025-06-01 18:58:00,6:58 PM,2025-06-01 10:58:00,null,null,null,null,2025-06-01,2025-06-01 18:55:00,6:55 PM,2025-06-01 10:55:00,False,JHB,AK,2025-06-01,PEN,"""AK 6423 """,Landed,null,null,null,null,null,null,null,null,2025-06-01 12:11:17,PEN,2025-06-01T10:22:00,2025-06-01T09:15:00,AK,JHB,2025-06-01T10:24:00,null,"""6422 ""","""  """,2025-06-01T10:30:00,2025-06-01T09:20:00,null,9M-AQO,2025-06-01 12:05:00,2025-06-01 10:55:00
AK5741_2026-01-27_TWU_KUL,2,3,4,6-9,""" """,2025-06-03,2025-06-03 16:31:00,4:31 PM,2025-06-03 08:31:00,null,null,null,null,2025-06-03,2025-06-03 16:35:00,4:35 PM,2025-06-03 08:35:00,2025-06-03,2025-06-03 13:48:00,1:48 PM,2025-06-03 05:48:00,null,null,null,null,2025-06-03,2025-06-03 13:50:00,1:50 PM,2025-06-03 05:50:00,False,KUL,AK,2025-06-03,TWU,"""AK 5741 """,Landed,null,null,null,null,null,null,null,null,2025-06-03 08:51:11,TWU,2025-06-03T05:19:00,2025-06-03T02:15:00,AK,KUL,2025-06-03T05:20:00,null,"""5740 ""","""  """,2025-06-03T05:10:00,2025-06-03T02:15:00,null,9M-VAF,2025-06-03 08:35:00,2025-06-03 05:50:00
AK5875_2025-06-24_SBW_KUL,2,1,,1-7,""" """,2025-06-02,2025-06-02 00:03:00,12:03 AM,2025-06-01 16:03:00,null,null,null,null,2025-06-01,2025-06-01 23:35:00,11:35 PM,2025-06-01 15:35:00,2025-06-01,2025-06-01 22:11:00,10:11 PM,2025-06-01 14:11:00,null,null,null,null,2025-06-01,2025-06-01 21:30:00,9:30 PM,2025-06-01 13:30:00,False,KUL,AK,2025-06-01,SBW,"""AK 5875 """,Landed,null,null,null,null,null,null,null,null,2025-06-01 16:11:12,SBW,2025-06-01T13:42:00,2025-06-01T11:35:00,AK,KUL,2025-06-01T13:43:00,null,"""5874 ""","""  """,2025-06-01T13:05:00,2025-06-01T11:00:00,null,9M-AJJ,2025-06-01 03:35:00,2025-06-01 13:30:00
AK1725_2025-12-27_PEN_SIN,4,1,A1A,24-36,""" """,2025-06-01,2025-06-01 17:42:00,5:42 PM,2025-06-01 09:42:00,null,null,null,null,2025-06-01,2025-06-01 17:55:00,5:55 PM,2025-06-01 09:55:00,2025-06-01,2025-06-01 16:20:00,4:20 PM,2025-06-01 08:20:00,null,null,null,null,2025-06-01,2025-06-01 16:20:00,4:20 PM,2025-06-01 08:20:00,False,SIN,AK,2025-06-01,PEN,"""AK 1725 """,Landed,null,null,null,null,null,null,null,null,2025-06-01 10:11:12,PEN,2025-06-01T07:49:00,2025-06-01T06:58:00,AK,KUL,2025-06-01T07:50:00,null,"""6126 ""","""  """,2025-06-01T07:55:00,2025-06-01T06:55:00,null,9M-RAU,2025-06-01 09:55:00,2025-06-01 08:20:00
AK5228_2025-10-13_KUL_KCH,""" """,,,,2,2025-06-03,2025-06-03 18:58:00,6:58 PM,2025-06-03 10:58:00,null,null,null,null,2025-06-03,2025-06-03 18:20:00,6:20 PM,2025-06-03 10:20:00,2025-06-03,2025-06-03 17:07:00,5:07 PM,2025-06-03 09:07:00,null,null,null,null,2025-06-03,2025-06-03 16:40:00,4:40 PM,2025-06-03 08:40:00,False,KCH,AK,2025-06-03,KUL,"""AK 5228 """,Landed,null,null,null,null,null,null,null,null,2025-06-03 11:11:16,KUL,2025-06-03T08:11:00,2025-06-03T06:23:00,AK,KOS,2025-06-03T08:08:00,null,"""265  ""","""  """,2025-06-03T08:10:00,2025-06-03T06:20:00,null,9M-AGV,2025-06-03 10:20:00,2025-06-03 08:40:00
AK5172_2025-12-28_KUL_LBU,""" """,,K12,"""S,T""",2,2025-06-01,2025-06-01 14:58:00,2:58 PM,2025-06-01 06:58:00,null,null,null,null,2025-06-01,2025-06-01 14:35:00,2:35 PM,2025-06-01 06:35:00,2025-06-01,2025-06-01 12:31:00,12:31 PM,2025-06-01 04:31:00,null,null,null,null,2025-06-01,2025-06-01 12:05:00,12:05 PM,2025-06-01 04:05:00,False,LBU,AK,2025-06-01,KUL,"""AK 5172 """,Landed,null,null,null,null,null,null,null,null,2025-06-01 07:13:03,KUL,2025-06-01T03:48:00,2025-06-01T01:54:00,AK,CGK,2025-06-01T04:10:00,null,"""381  ""","""  """,2025-06-01T03:30:00,2025-06-01T01:30:00,null,9M-AQD,2025-06-01 06:35:00,2025-06-01 04:05:00
AK6433_2026-02-25_KBR_KUL,2,2,7,12-15,""" """,2025-06-03,2025-06-03 18:58:00,6:58 PM,2025-06-03 10:58:00,null,null,null,null,2025-06-03,2025-06-03 17:00:00,5:00 PM,2025-06-03 09:00:00,2025-06-03,2025-06-03 17:41:00,5:41 PM,2025-06-03 09:41:00,null,null,null,null,2025-06-03,2025-06-03 16:00:00,4:00 PM,2025-06-03 08:00:00,False,KUL,AK,2025-06-03,KBR,"""AK 6433 """,Landed,null,null,null,null,null,null,null,null,2025-06-03 12:51:12,KBR,2025-06-03T09:16:00,2025-06-03T07:20:00,AK,KUL,2025-06-03T09:11:00,2025-06-03T07:15:00,"""6432 ""","""  """,2025-06-03T07:35:00,2025-06-03T06:30:00,null,9M-AFE,2025-06-03 09:00:00,2025-06-03 08:00:00
AK46_2024-10-30,,,8,,,2025-06-02,2025-06-02 05:18:00,5:18 AM,2025-06-01 21:18:00,null,null,null,null,2025-06-02,2025-06-02 05:00:00,5:00 AM,2025-06-01 21:00:00,2025-06-01,2025-06-01 23:05:00,11:05 PM,2025-06-01 17:35:00,null,null,null,null,2025-06-01,2025-06-01 22:50:00,10:50 PM,2025-06-01 17:20:00,False,KUL,AK,2025-06-01,CMB,"""AK 46   """,Landed,null,null,null,null,null,null,null,null,2025-06-01 21:31:14,CMB,2025-06-01T16:48:00,2025-06-01T13:05:00,AK,KUL,2025-06-01T16:47:00,null,"""47   ""","""  """,2025-06-01T16:20:00,2025-06-01T12:50:00,null,9M-AFD,2025-06-01 09:00:00,2025-06-01 17:20:00
AK6318_2024-10-25,,2,K8,"""S,T""",,2025-06-01,2025-06-01 10:24:00,10:24 AM,2025-06-01 02:24:00,null,null,null,null,2025-06-01,2025-06-01 10:30:00,10:30 AM,2025-06-01 02:30:00,2025-06-01,2025-06-01 09:15:00,9:15 AM,2025-06-01 01:15:00,null,null,null,null,2025-06-01,2025-06-01 09:25:00,9:25 AM,2025-06-01 01:25:00,False,LGK,AK,2025-06-01,KUL,"""AK 6318 """,Landed,null,null,null,null,null,null,null,null,2025-06-01 05:41:23,KUL,2025-06-01T00:35:00,2025-05-31T23:38:00,AK,SIN,2025-06-01T00:38:00,null,"""700  ""","""  """,2025-06-01T00:50:00,2025-05-31T23:45:00,null,9M-VAD,2025-06-01 02:30:00,2025-06-01 01:25:00
AK1535_2025-06-10_CAN_BKI,1,B,A112,G,1,2025-06-03,2025-06-03 05:40:00,5:40 AM,2025-06-02 21:40:00,null,null,null,null,2025-06-03,2025-06-03 05:30:00,5:30 AM,2025-06-02 21:30:00,2025-06-03,2025-06-03 02:09:00,2:09 AM,2025-06-02 18:09:00,null,null,null,null,2025-06-03,2025-06-03 02:20:00,2:20 AM,2025-06-02 18:20:00,False,BKI,AK,2025-06-02,CAN,"""AK 1535 """,Landed,null,null,null,null,null,null,null,null,2025-06-02 21:52:00,"""   """,null,null,"""  ""","""   """,null,null,"""     ""","""  """,null,null,null,9M-RAE,2025-06-02 09:30:00,2025-06-02 18:20:00
AK1535_2025-07-11_CAN_BKI,1,,A112,G,1,2025-06-04,2025-06-04 05:52:00,5:52 AM,2025-06-03 21:52:00,null,null,null,null,2025-06-04,2025-06-04 05:30:00,5:30 AM,2025-06-03 21:30:00,2025-06-04,2025-06-04 02:26:00,2:26 AM,2025-06-03 18:26:00,null,null,null,null,2025-06-04,2025-06-04 02:20:00,2:20 AM,2025-06-03 18:20:00,False,BKI,AK,2025-06-03,CAN,"""AK 1535 """,Landed,null,null,null,null,null,null,null,null,2025-06-03 22:11:10,"""   """,null,null,"""  ""","""   """,null,null,"""     ""","""  """,null,null,null,9M-RAV,2025-06-03 09:30:00,2025-06-03 18:20:00
AK6332_2026-01-26_LGK_KUL,2,2,2,1-9,""" """,2025-06-01,2025-06-01 18:42:00,6:42 PM,2025-06-01 10:42:00,null,null,null,null,2025-06-01,2025-06-01 17:40:00,5:40 PM,2025-06-01 09:40:00,2025-06-01,2025-06-01 17:24:00,5:24 PM,2025-06-01 09:24:00,null,null,null,null,2025-06-01,2025-06-01 16:35:00,4:35 PM,2025-06-01 08:35:00,False,KUL,AK,2025-06-01,LGK,"""AK 6332 """,Landed,null,null,null,null,null,null,null,null,2025-06-01 10:51:19,LGK,2025-06-01T08:59:00,2025-06-01T07:56:00,AK,KUL,2025-06-01T09:01:00,2025-06-01T07:50:00,"""6331 ""","""  """,2025-06-01T08:10:00,2025-06-01T07:05:00,null,9M-AFF,2025-06-01 09:40:00,2025-06-01 08:35:00
AK380_2025-04-23_KUL_CGK,2,,Q7,"""U,V,W,X,Y""",2,2025-06-03,2025-06-03 08:00:00,8:00 AM,2025-06-03 01:00:00,null,null,null,null,2025-06-03,2025-06-03 08:05:00,8:05 AM,2025-06-03 01:05:00,2025-06-03,2025-06-03 06:54:00,6:54 AM,2025-06-02 22:54:00,null,null,null,null,2025-06-03,2025-06-03 06:55:00,6:55 AM,2025-06-02 22:55:00,False,CGK,AK,2025-06-02,KUL,"""AK 380  """,Landed,null,null,null,null,null,null,null,null,2025-06-03 01:21:12,"""   """,null,null,"""  ""","""   """,null,null,"""     ""","""  """,null,null,null,9M-AFV,2025-06-03 01:05:00,2025-06-02 22:55:00
AK139_2025-09-16_HKG_KUL,2,4,217,L6-L11,1,2025-06-01,2025-06-01 16:44:00,4:44 PM,2025-06-01 08:44:00,null,null,null,null,2025-06-01,2025-06-01 15:55:00,3:55 PM,2025-06-01 07:55:00,2025-06-01,2025-06-01 12:54:00,12:54 PM,2025-06-01 04:54:00,null,null,null,null,2025-06-01,2025-06-01 11:55:00,11:55 AM,2025-06-01 03:55:00,False,KUL,AK,2025-06-01,HKG,"""AK 139  """,Landed,null,null,null,null,null,null,null,null,2025-06-01 08:51:08,HKG,2025-06-01T03:18:00,2025-05-31T23:21:00,AK,KUL,2025-06-01T03:24:00,null,"""138  ""","""  """,2025-06-01T03:15:00,2025-05-31T23:15:00,null,9M-AGM,2025-06-01 07:55:00,2025-06-01 03:55:00
AK156_2025-11-17_KUL_KWL,2,5,L7,"""U,V,W,X,Y""",2,2025-06-03,2025-06-03 11:13:00,11:13 AM,2025-06-03 03:13:00,null,null,null,null,2025-06-03,2025-06-03 11:05:00,11:05 AM,2025-06-03 03:05:00,2025-06-03,2025-06-03 07:20:00,7:20 AM,2025-06-02 23:20:00,null,null,null,null,2025-06-03,2025-06-03 07:15:00,7:15 AM,2025-06-02 23:15:00,False,KWL,AK,2025-06-02,KUL,"""AK 156  """,Landed,null,null,null,null,null,null,null,null,2025-06-03 04:01:35,"""   """,null,null,"""  ""","""   """,null,null,"""     ""","""  """,null,null,null,9M-AJN,2025-06-03 03:05:00,2025-06-02 23:15:00
AK5104_2026-01-31_KUL_BKI,1,D,J11,"""S,T""",2,2025-06-02,2025-06-02 09:34:00,9:34 AM,2025-06-02 01:34:00,null,null,null,null,2025-06-02,2025-06-02 09:35:00,9:35 AM,2025-06-02 01:35:00,2025-06-02,2025-06-02 06:50:00,6:50 AM,2025-06-01 22:50:00,null,null,null,null,2025-06-02,2025-06-02 07:00:00,7:00 AM,2025-06-01 23:00:00,False,BKI,AK,2025-06-01,KUL,"""AK 5104 """,Landed,null,null,null,null,null,null,null,null,2025-06-02 02:01:20,"""   """,null,null,"""  ""","""   """,null,null,"""     ""","""  """,null,null,null,9M-AFE,2025-06-02 01:35:00,2025-06-01 23:00:00
AK390_2025-01-06,2,8,,B,""" """,2025-06-01,2025-06-01 13:21:00,1:21 PM,2025-06-01 05:21:00,null,null,null,null,2025-06-01,2025-06-01 13:00:00,1:00 PM,2025-06-01 05:00:00,2025-06-01,2025-06-01 11:23:00,11:23 AM,2025-06-01 04:23:00,null,null,null,null,2025-06-01,2025-06-01 11:00:00,11:00 AM,2025-06-01 04:00:00,False,KUL,AK,2025-06-01,KNO,"""AK 390  """,Landed,null,null,null,null,null,null,null,null,2025-06-01 06:01:13,KNO,2025-06-01T03:53:00,2025-06-01T02:48:00,AK,KUL,2025-06-01T03:54:00,null,"""391  ""","""  """,2025-06-01T03:35:00,2025-06-01T02:35:00,null,9M-AJH,2025-06-01 05:00:00,2025-06-01 04:00:00
AK6224_2025-05-21_KUL_TGG,""" """,1,K2,"""S,T""",2,2025-06-02,2025-06-02 08:00:00,8:00 AM,2025-06-02 00:00:00,null,null,null,null,2025-06-02,2025-06-02 08:15:00,8:15 AM,2025-06-02 00:15:00,2025-06-02,2025-06-02 07:06:00,7:06 AM,2025-06-01 23:06:00,null,null,null,null,2025-06-02,2025-06-02 07:15:00,7:15 AM,2025-06-01 23:15:00,False,TGG,AK,2025-06-01,KUL,"""AK 6224 """,Landed,null,null,null,null,null,null,null,null,2025-06-02 00:11:20,"""   """,null,null,"""  ""","""   """,null,null,"""     ""","""  """,null,null,null,9M-RAN,2025-06-02 12:15:00,2025-06-01 23:15:00
AK421_2025-04-15_KUL_BTJ,""" """,2,Q19,"""U,V,W,X,Y""",2,2025-06-01,2025-06-01 17:22:00,5:22 PM,2025-06-01 10:22:00,null,null,null,null,2025-06-01,2025-06-01 17:20:00,5:20 PM,2025-06-01 10:20:00,2025-06-01,2025-06-01 16:50:00,4:50 PM,2025-06-01 08:50:00,null,null,null,null,2025-06-01,2025-06-01 16:50:00,4:50 PM,2025-06-01 08:50:00,False,BTJ,AK,2025-06-01,KUL,"""AK 421  """,Landed,null,null,null,null,null,null,null,null,2025-06-01 12:51:13,KUL,2025-06-01T08:11:00,2025-06-01T06:06:00,AK,SGN,2025-06-01T08:11:00,null,"""529  ""","""  """,2025-06-01T07:40:00,2025-06-01T05:40:00,null,9M-AGG,2025-06-01 10:20:00,2025-06-01 08:50:00
AK1516_2025-05-04_BKI_PVG,""" """,29,B6,D,""" """,2025-06-03,2025-06-03 01:59:00,1:59 AM,2025-06-02 17:59:00,null,null,null,null,2025-06-03,2025-06-03 02:20:00,2:20 AM,2025-06-02 18:20:00,2025-06-02,2025-06-02 21:34:00,9:34 PM,2025-06-02 13:34:00,null,null,null,null,2025-06-02,2025-06-02 21:40:00,9:40 PM,2025-06-02 13:40:00,False,PVG,AK,2025-06-02,BKI,"""AK 1516 """,Landed,null,null,null,null,null,null,null,null,2025-06-02 19:41:10,BKI,2025-06-02T12:12:00,2025-06-02T10:58:00,AK,SBW,2025-06-02T12:15:00,null,"""6093 ""","""  """,2025-06-02T12:00:00,2025-06-02T10:45:00,null,9M-AGY,2025-06-02 06:20:00,2025-06-02 13:40:00
AK714_2025-09-11_SIN_KUL,2,4,G1,"""4,5""",4,2025-06-01,2025-06-01 17:14:00,5:14 PM,2025-06-01 09:14:00,null,null,null,null,2025-06-01,2025-06-01 17:15:00,5:15 PM,2025-06-01 09:15:00,2025-06-01,2025-06-01 16:01:00,4:01 PM,2025-06-01 08:01:00,null,null,null,null,2025-06-01,2025-06-01 16:10:00,4:10 PM,2025-06-01 08:10:00,False,KUL,AK,2025-06-01,SIN,"""AK 714  """,Landed,null,null,null,null,null,null,null,null,2025-06-01 09:21:09,SIN,2025-06-01T07:26:00,2025-06-01T06:24:00,AK,KUL,2025-06-01T07:23:00,null,"""715  ""","""  """,2025-06-01T07:40:00,2025-06-01T06:25:00,null,9M-RCB,2025-06-01 09:15:00,2025-06-01 08:10:00
AK884_2025-10-16_KUL_DMK,1,,,,2,null,null,null,null,2025-06-02,2025-06-02 19:30:00,7:30 PM,2025-06-02 12:30:00,2025-06-02,2025-06-02 17:05:00,5:05 PM,2025-06-02 10:05:00,2025-06-02,2025-06-02 18:14:00,6:14 PM,2025-06-02 10:14:00,null,null,null,null,2025-06-02,2025-06-02 15:50:00,3:50 PM,2025-06-02 07:50:00,False,DMK,AK,2025-06-02,KUL,"""AK 884  """,Departed,null,null,null,null,null,null,null,null,2025-06-02 11:11:27,PEN,2025-06-02T07:14:00,2025-06-02T06:48:00,AK,PEN,2025-06-02T07:52:00,2025-06-02T06:30:00,"""6154 ""","""A """,2025-06-02T07:20:00,2025-06-02T06:20:00,null,9M-RCB,2025-06-02 10:05:00,2025-06-02 07:50:00
AK137_2025-07-18_HKG_KUL,2,,202,L6-L11,1,null,null,null,null,2025-06-02,2025-06-02 00:21:00,12:21 AM,2025-06-01 16:21:00,2025-06-01,2025-06-01 22:35:00,10:35 PM,2025-06-01 14:35:00,2025-06-01,2025-06-01 20:25:00,8:25 PM,2025-06-01 12:25:00,null,null,null,null,2025-06-01,2025-06-01 18:30:00,6:30 PM,2025-06-01 10:30:00,False,KUL,AK,2025-06-01,HKG,"""AK 137  """,Departed,null,null,null,null,null,null,null,null,2025-06-01 13:21:12,HKG,2025-06-01T10:46:00,2025-06-01T06:38:00,AK,KUL,2025-06-01T10:36:00,2025-06-01T06:25:00,"""136  ""","""  """,2025-06-01T09:55:00,2025-06-01T05:50:00,null,9M-AJD,2025-06-01 02:35:00,2025-06-01 10:30:00
AK640_2025-05-07_KUL_DAD,2,3,L12,"""U,V,W,X,Y""",2,2025-06-02,2025-06-02 15:15:00,3:15 PM,2025-06-02 08:15:00,null,null,null,null,2025-06-02,2025-06-02 15:15:00,3:15 PM,2025-06-02 08:15:00,2025-06-02,2025-06-02 13:35:00,1:35 PM,2025-06-02 05:35:00,null,null,null,null,2025-06-02,2025-06-02 13:35:00,1:35 PM,2025-06-02 05:35:00,False,DAD,AK,2025-06-02,KUL,"""AK 640  """,Landed,null,null,null,null,null,null,null,null,2025-06-02 10:31:14,KUL,2025-06-02T04:47:00,2025-06-02T03:37:00,AK,LGK,2025-06-02T04:50:00,null,"""6313 ""","""  """,2025-06-02T05:00:00,2025-06-02T03:50:00,null,9M-AFE,2025-06-02 08:15:00,2025-06-02 05:35:00
AK705_2025-02-17_KUL_SIN,4,4,Q19,"""U,V,W,X,Y""",2,null,null,null,null,null,null,null,null,2025-06-01,2025-06-01 09:05:00,9:05 AM,2025-06-01 01:05:00,null,null,null,null,null,null,null,null,2025-06-01,2025-06-01 08:00:00,8:00 AM,2025-06-01 00:00:00,False,SIN,AK,2025-06-01,KUL,"""AK 705  """,Landed,null,null,null,null,null,null,null,null,2025-06-01 05:51:14,"""   """,null,null,"""  ""","""   """,null,null,"""     ""","""  """,null,null,null,9M-VAE,2025-06-01 01:05:00,2025-06-01 00:00:00
AK6090_2025-08-22_BKI_SBW,""" """,,A6,D01-D16,1,2025-06-03,2025-06-03 07:02:00,7:02 AM,2025-06-02 23:02:00,null,null,null,null,2025-06-03,2025-06-03 07:10:00,7:10 AM,2025-06-02 23:10:00,2025-06-03,2025-06-03 05:53:00,5:53 AM,2025-06-02 21:53:00,null,null,null,null,2025-06-03,2025-06-03 06:00:00,6:00 AM,2025-06-02 22:00:00,False,SBW,AK,2025-06-02,BKI,"""AK 6090 """,Landed,null,null,null,null,null,null,null,null,2025-06-02 23:11:10,"""   """,null,null,"""  ""","""   """,null,null,"""     ""","""  """,null,null,null,9M-RAD,2025-06-02 11:10:00,2025-06-02 22:00:00
AK73_2025-03-04_MLE_KUL,2,6,,,""" """,2025-06-03,2025-06-03 04:38:00,4:38 AM,2025-06-02 20:38:00,null,null,null,null,2025-06-03,2025-06-03 04:50:00,4:50 AM,2025-06-02 20:50:00,2025-06-02,2025-06-02 21:01:00,9:01 PM,2025-06-02 16:01:00,null,null,null,null,2025-06-02,2025-06-02 21:15:00,9:15 PM,2025-06-02 16:15:00,False,KUL,AK,2025-06-02,MLE,"""AK 73   """,Landed,null,null,null,null,null,null,null,null,2025-06-02 20:51:13,MLE,2025-06-02T14:54:00,2025-06-02T10:46:00,AK,KUL,2025-06-02T14:55:00,null,"""72   ""","""  """,2025-06-02T15:10:00,2025-06-02T10:50:00,null,9M-AHX,2025-06-02 08:50:00,2025-06-02 16:15:00
AK5140_2026-01-04_KUL_BKI,1,D,J15,"""S,T""",2,2025-06-02,2025-06-02 14:14:00,2:14 PM,2025-06-02 06:14:00,null,null,null,null,2025-06-02,2025-06-02 14:15:00,2:15 PM,2025-06-02 06:15:00,2025-06-02,2025-06-02 11:39:00,11:39 AM,2025-06-02 03:39:00,null,null,null,null,2025-06-02,2025-06-02 11:40:00,11:40 AM,2025-06-02 03:40:00,False,BKI,AK,2025-06-02,KUL,"""AK 5140 """,Landed,null,null,null,null,null,null,null,null,2025-06-02 06:21:09,"""   """,null,null,"""  ""","""   """,null,null,"""     ""","""  """,null,null,null,9M-AGS,2025-06-02 06:15:00,2025-06-02 03:40:00
AK888_2025-01-29_KUL_DMK,1,3,L3,"""U,V,W,X,Y""",2,2025-06-01,2025-06-01 21:30:00,9:30 PM,2025-06-01 14:30:00,null,null,null,null,2025-06-01,2025-06-01 20:30:00,8:30 PM,2025-06-01 13:30:00,2025-06-01,2025-06-01 20:26:00,8:26 PM,2025-06-01 12:26:00,null,null,null,null,2025-06-01,2025-06-01 19:15:00,7:15 PM,2025-06-01 11:15:00,False,DMK,AK,2025-06-01,KUL,"""AK 888  """,Landed,null,null,null,null,null,null,null,null,2025-06-01 15:51:13,KUL,2025-06-01T11:49:00,2025-06-01T10:07:00,AK,HKT,2025-06-01T11:53:00,2025-06-01T09:35:00,"""823  ""","""  """,2025-06-01T10:40:00,2025-06-01T09:10:00,null,9M-RAK,2025-06-01 01:30:00,2025-06-01 11:15:00
AK5304_2025-04-16_JHB_BKI,1,,G2,17-24,""" """,2025-06-01,2025-06-01 21:22:00,9:22 PM,2025-06-01 13:22:00,null,null,null,null,2025-06-01,2025-06-01 21:15:00,9:15 PM,2025-06-01 13:15:00,2025-06-01,2025-06-01 19:07:00,7:07 PM,2025-06-01 11:07:00,null,null,null,null,2025-06-01,2025-06-01 18:55:00,6:55 PM,2025-06-01 10:55:00,False,BKI,AK,2025-06-01,JHB,"""AK 5304 """,Landed,null,null,null,null,null,null,null,null,2025-06-01 13:41:10,JHB,2025-06-01T10:46:00,2025-06-01T09:39:00,AK,PEN,2025-06-01T10:53:00,2025-06-01T09:39:00,"""6419 ""","""  """,2025-06-01T10:30:00,2025-06-01T09:20:00,null,9M-AGC,2025-06-01 01:15:00,2025-06-01 10:55:00
AK896_2025-01-10_KUL_DMK,1,6,Q15,"""U,V,W,X,Y""",2,2025-06-01,2025-06-01 21:14:00,9:14 PM,2025-06-01 14:14:00,null,null,null,null,2025-06-01,2025-06-01 21:05:00,9:05 PM,2025-06-01 14:05:00,2025-06-01,2025-06-01 19:58:00,7:58 PM,2025-06-01 11:58:00,null,null,null,null,2025-06-01,2025-06-01 19:55:00,7:55 PM,2025-06-01 11:55:00,False,DMK,AK,2025-06-01,KUL,"""AK 896  """,Landed,null,null,null,null,null,null,null,null,2025-06-01 15:41:19,KUL,2025-06-01T08:43:00,2025-06-01T07:40:00,AK,SIN,2025-06-01T09:00:00,2025-06-01T07:31:00,"""712  ""","""  """,2025-06-01T07:55:00,2025-06-01T06:50:00,null,9M-AHZ,2025-06-01 02:05:00,2025-06-01 11:55:00
AK386_2024-12-20,""" """,13,L11,"""U,V,W,X,Y""",2,2025-06-01,2025-06-01 18:03:00,6:03 PM,2025-06-01 11:03:00,null,null,null,null,2025-06-01,2025-06-01 18:20:00,6:20 PM,2025-06-01 11:20:00,2025-06-01,2025-06-01 17:04:00,5:04 PM,2025-06-01 09:04:00,null,null,null,null,2025-06-01,2025-06-01 17:10:00,5:10 PM,2025-06-01 09:10:00,False,CGK,AK,2025-06-01,KUL,"""AK 386  """,Landed,null,null,null,null,null,null,null,null,2025-06-01 11:41:13,KUL,2025-06-01T08:18:00,2025-06-01T06:26:00,AK,KOS,2025-06-01T08:22:00,null,"""265  ""","""  """,2025-06-01T08:30:00,2025-06-01T06:35:00,null,9M-RAM,2025-06-01 11:20:00,2025-06-01 09:10:00
AK6417_2026-02-25_PEN_JHB,""" """,,B3,24-36,""" """,2025-06-01,2025-06-01 18:57:00,6:57 PM,2025-06-01 10:57:00,null,null,null,null,2025-06-01,2025-06-01 18:45:00,6:45 PM,2025-06-01 10:45:00,2025-06-01,2025-06-01 17:37:00,5:37 PM,2025-06-01 09:37:00,null,null,null,null,2025-06-01,2025-06-01 17:35:00,5:35 PM,2025-06-01 09:35:00,False,JHB,AK,2025-06-01,PEN,"""AK 6417 """,Landed,null,null,null,null,null,null,null,null,2025-06-01 11:11:10,PEN,2025-06-01T09:11:00,2025-06-01T08:42:00,AK,LGK,2025-06-01T09:15:00,2025-06-01T08:47:00,"""6249 ""","""  """,2025-06-01T09:05:00,2025-06-01T08:30:00,null,9M-DAG,2025-06-01 10:45:00,2025-06-01 09:35:00
AK492_2026-04-06_KUL_PNK,""" """,,L13,"""U,V,W,X,Y""",2,2025-06-01,2025-06-01 10:41:00,10:41 AM,2025-06-01 03:41:00,null,null,null,null,2025-06-01,2025-06-01 10:40:00,10:40 AM,2025-06-01 03:40:00,2025-06-01,2025-06-01 09:55:00,9:55 AM,2025-06-01 01:55:00,null,null,null,null,2025-06-01,2025-06-01 10:00:00,10:00 AM,2025-06-01 02:00:00,False,PNK,AK,2025-06-01,KUL,"""AK 492  """,Landed,null,null,null,null,null,null,null,null,2025-06-01 04:31:10,"""   """,null,null,"""  ""","""   """,null,null,"""     ""","""  """,null,null,null,9M-AGJ,2025-06-01 03:40:00,2025-06-01 02:00:00
AK9135_2025-01-28_KUL_PEN,""" """,E,J6,"""S,T""",2,2025-06-01,2025-06-01 13:49:00,1:49 PM,2025-06-01 05:49:00,null,null,null,null,2025-06-01,2025-06-01 13:30:00,1:30 PM,2025-06-01 05:30:00,2025-06-01,2025-06-01 12:52:00,12:52 PM,2025-06-01 04:52:00,null,null,null,null,2025-06-01,2025-06-01 12:25:00,12:25 PM,2025-06-01 04:25:00,False,PEN,AK,2025-06-01,KUL,"""AK 9135 """,Landed,null,null,null,null,null,null,null,null,2025-06-01 06:01:16,KUL,2025-06-01T04:10:00,2025-06-01T01:22:00,AK,BKI,2025-06-01T04:13:00,null,"""5109 ""","""  """,2025-06-01T03:45:00,2025-06-01T01:15:00,null,9M-VAF,2025-06-01 05:30:00,2025-06-01 04:25:00
AK1631_2025-10-23_SGN_BKI,1,B,19,"""I,J""",2,2025-06-01,2025-06-01 16:12:00,4:12 PM,2025-06-01 08:12:00,null,null,null,null,2025-06-01,2025-06-01 16:35:00,4:35 PM,2025-06-01 08:35:00,2025-06-01,2025-06-01 13:18:00,1:18 PM,2025-06-01 06:18:00,null,null,null,null,2025-06-01,2025-06-01 13:25:00,1:25 PM,2025-06-01 06:25:00,False,BKI,AK,2025-06-01,SGN,"""AK 1631 """,Landed,null,null,null,null,null,null,null,null,2025-06-01 08:31:21,SGN,2025-06-01T05:44:00,2025-06-01T03:38:00,AK,BKI,2025-06-01T05:42:00,null,"""1630 ""","""  """,2025-06-01T05:55:00,2025-06-01T03:45:00,null,9M-RAB,2025-06-01 08:35:00,2025-06-01 06:25:00
AK6327_2026-03-16_LGK_KUL,2,3,2,1-9,""" """,2025-06-01,2025-06-01 23:10:00,11:10 PM,2025-06-01 15:10:00,null,null,null,null,2025-06-01,2025-06-01 22:45:00,10:45 PM,2025-06-01 14:45:00,2025-06-01,2025-06-01 22:02:00,10:02 PM,2025-06-01 14:02:00,null,null,null,null,2025-06-01,2025-06-01 21:35:00,9:35 PM,2025-06-01 13:35:00,False,KUL,AK,2025-06-01,LGK,"""AK 6327 """,Landed,null,null,null,null,null,null,null,null,2025-06-01 15:21:13,LGK,2025-06-01T13:42:00,2025-06-01T12:33:00,AK,KUL,2025-06-01T13:45:00,2025-06-01T12:40:00,"""6326 ""","""  """,2025-06-01T13:10:00,2025-06-01T12:05:00,null,9M-AHV,2025-06-01 02:45:00,2025-06-01 13:35:00
AK9142_2025-04-13_KUL_BKI,""" """,,J14,"""S,T""",2,2025-06-01,2025-06-01 21:25:00,9:25 PM,2025-06-01 13:25:00,null,null,null,null,2025-06-01,2025-06-01 19:10:00,7:10 PM,2025-06-01 11:10:00,2025-06-01,2025-06-01 18:42:00,6:42 PM,2025-06-01 10:42:00,null,null,null,null,2025-06-01,2025-06-01 16:35:00,4:35 PM,2025-06-01 08:35:00,False,BKI,AK,2025-06-01,KUL,"""AK 9142 """,Landed,null,null,null,null,null,null,null,null,2025-06-01 13:52:03,KUL,2025-06-01T10:08:00,2025-06-01T08:53:00,AK,LGK,2025-06-01T10:09:00,2025-06-01T08:50:00,"""6319 ""","""  """,2025-06-01T08:00:00,2025-06-01T06:55:00,null,9M-AJN,2025-06-01 11:10:00,2025-06-01 08:35:00
AK5743_2025-12-11_TWU_KUL,2,1,4,6-9,""" """,2025-06-03,2025-06-03 14:10:00,2:10 PM,2025-06-03 06:10:00,null,null,null,null,2025-06-03,2025-06-03 14:10:00,2:10 PM,2025-06-03 06:10:00,2025-06-03,2025-06-03 11:06:00,11:06 AM,2025-06-03 03:06:00,null,null,null,null,2025-06-03,2025-06-03 11:20:00,11:20 AM,2025-06-03 03:20:00,False,KUL,AK,2025-06-03,TWU,"""AK 5743 """,Landed,null,null,null,null,null,null,null,null,2025-06-03 07:41:10,TWU,2025-06-03T02:33:00,2025-06-02T23:52:00,AK,KUL,2025-06-03T02:39:00,null,"""5742 ""","""  """,2025-06-03T02:55:00,2025-06-03T00:00:00,null,9M-AQA,2025-06-03 06:10:00,2025-06-03 03:20:00
AK6324_2025-01-11_KUL_LGK,""" """,2,J22,"""S,T""",2,2025-06-01,2025-06-01 09:25:00,9:25 AM,2025-06-01 01:25:00,null,null,null,null,2025-06-01,2025-06-01 09:25:00,9:25 AM,2025-06-01 01:25:00,2025-06-01,2025-06-01 08:15:00,8:15 AM,2025-06-01 00:15:00,null,null,null,null,2025-06-01,2025-06-01 08:20:00,8:20 AM,2025-06-01 00:20:00,False,LGK,AK,2025-06-01,KUL,"""AK 6324 """,Landed,null,null,null,null,null,null,null,null,2025-06-01 05:01:14,"""   """,null,null,"""  ""","""   """,null,null,"""     ""","""  """,null,null,null,9M-AJK,2025-06-01 01:25:00,2025-06-01 00:20:00
AK6154_2025-10-24_PEN_KUL,2,1,B3,24-36,""" """,2025-06-02,2025-06-02 15:26:00,3:26 PM,2025-06-02 07:26:00,null,null,null,null,2025-06-02,2025-06-02 15:00:00,3:00 PM,2025-06-02 07:00:00,2025-06-02,2025-06-02 14:27:00,2:27 PM,2025-06-02 06:27:00,null,null,null,null,2025-06-02,2025-06-02 14:00:00,2:00 PM,2025-06-02 06:00:00,False,KUL,AK,2025-06-02,PEN,"""AK 6154 """,Landed,null,null,null,null,null,null,null,null,2025-06-02 07:41:13,PEN,2025-06-02T05:52:00,2025-06-02T04:43:00,AK,KUL,2025-06-02T05:43:00,2025-06-02T04:50:00,"""6153 ""","""  """,2025-06-02T05:25:00,2025-06-02T04:20:00,null,9M-AJE,2025-06-02 07:00:00,2025-06-02 06:00:00
AK5242_2025-10-19_KUL_BTU,""" """,,J11,"""S,T""",2,2025-06-01,2025-06-01 19:16:00,7:16 PM,2025-06-01 11:16:00,null,null,null,null,2025-06-01,2025-06-01 19:30:00,7:30 PM,2025-06-01 11:30:00,2025-06-01,2025-06-01 17:12:00,5:12 PM,2025-06-01 09:12:00,null,null,null,null,2025-06-01,2025-06-01 17:20:00,5:20 PM,2025-06-01 09:20:00,False,BTU,AK,2025-06-01,KUL,"""AK 5242 """,Landed,null,null,null,null,null,null,null,null,2025-06-01 15:01:40,KUL,2025-06-01T08:42:00,2025-06-01T06:39:00,AK,SBW,2025-06-01T08:40:00,null,"""5871 ""","""  """,2025-06-01T08:40:00,2025-06-01T06:40:00,null,9M-AJY,2025-06-01 11:30:00,2025-06-01 09:20:00
AK889_2025-10-31_DMK_KUL,2,,,,1,null,null,null,null,2025-06-03,2025-06-03 03:45:00,3:45 AM,2025-06-02 19:45:00,2025-06-03,2025-06-03 00:00:00,12:00 AM,2025-06-02 16:00:00,2025-06-03,2025-06-03 00:32:00,12:32 AM,2025-06-02 17:32:00,null,null,null,null,2025-06-02,2025-06-02 20:50:00,8:50 PM,2025-06-02 13:50:00,False,KUL,AK,2025-06-02,DMK,"""AK 889  """,Departed,null,null,null,null,null,null,null,null,2025-06-02 18:51:10,KUL,2025-06-02T14:01:00,2025-06-02T13:08:00,AK,JHB,2025-06-02T14:00:00,2025-06-02T13:10:00,"""6033 ""","""  """,2025-06-02T13:10:00,2025-06-02T12:20:00,null,9M-RCB,2025-06-02 04:00:00,2025-06-02 13:50:00
AK6040_2025-11-29_KUL_JHB,""" """,,J8,"""S,T""",2,2025-06-01,2025-06-01 15:32:00,3:32 PM,2025-06-01 07:32:00,null,null,null,null,2025-06-01,2025-06-01 13:20:00,1:20 PM,2025-06-01 05:20:00,2025-06-01,2025-06-01 14:43:00,2:43 PM,2025-06-01 06:43:00,null,null,null,null,2025-06-01,2025-06-01 12:25:00,12:25 PM,2025-06-01 04:25:00,False,JHB,AK,2025-06-01,KUL,"""AK 6040 """,Landed,null,null,null,null,null,null,null,null,2025-06-01 07:51:27,BKI,2025-05-31T22:17:00,2025-05-31T21:31:00,AK,BWN,2025-05-31T22:16:00,null,"""5124 ""","""D """,2025-05-31T21:55:00,2025-05-31T21:10:00,null,9M-RAL,2025-06-01 05:20:00,2025-06-01 04:25:00
AK582_2025-01-04,3,,P7,"""U,V,W,X,Y""",2,2025-06-01,2025-06-01 12:35:00,12:35 PM,2025-06-01 04:35:00,null,null,null,null,2025-06-01,2025-06-01 12:15:00,12:15 PM,2025-06-01 04:15:00,2025-06-01,2025-06-01 08:26:00,8:26 AM,2025-06-01 00:26:00,null,null,null,null,2025-06-01,2025-06-01 08:20:00,8:20 AM,2025-06-01 00:20:00,False,MNL,AK,2025-06-01,KUL,"""AK 582  """,Landed,null,null,null,null,null,null,null,null,2025-06-01 05:11:11,KUL,2025-05-31T23:21:00,2025-05-31T19:14:00,AK,SZX,2025-05-31T23:21:00,null,"""129  ""","""  """,2025-05-31T23:15:00,2025-05-31T19:15:00,null,9M-AQZ,2025-06-01 04:15:00,2025-06-01 00:20:00
AK5119_2025-01-17_BKI_KUL,2,2,A10,D01-D16,1,2025-06-02,2025-06-02 00:36:00,12:36 AM,2025-06-01 16:36:00,null,null,null,null,2025-06-02,2025-06-02 00:30:00,12:30 AM,2025-06-01 16:30:00,2025-06-01,2025-06-01 22:09:00,10:09 PM,2025-06-01 14:09:00,null,null,null,null,2025-06-01,2025-06-01 22:00:00,10:00 PM,2025-06-01 14:00:00,False,KUL,AK,2025-06-01,BKI,"""AK 5119 """,Landed,null,null,null,null,null,null,null,null,2025-06-01 17:51:14,BKI,2025-06-01T13:33:00,2025-06-01T10:47:00,AK,KUL,2025-06-01T13:32:00,null,"""5118 ""","""  """,2025-06-01T13:25:00,2025-06-01T10:45:00,null,9M-VAH,2025-06-01 04:30:00,2025-06-01 14:00:00
AK5143_2025-07-16_BKI_KUL,2,,A5,D01-D16,""" """,null,null,null,null,2025-06-03,2025-06-03 02:10:00,2:10 AM,2025-06-02 18:10:00,2025-06-02,2025-06-02 22:20:00,10:20 PM,2025-06-02 14:20:00,2025-06-02,2025-06-02 23:40:00,11:40 PM,2025-06-02 15:40:00,null,null,null,null,2025-06-02,2025-06-02 19:45:00,7:45 PM,2025-06-02 11:45:00,False,KUL,AK,2025-06-02,BKI,"""AK 5143 """,Departed,null,null,null,null,null,null,null,null,2025-06-02 15:51:11,BKI,2025-06-02T15:01:00,2025-06-02T12:45:00,AK,KUL,2025-06-02T15:15:00,2025-06-02T12:55:00,"""5142 ""","""  """,2025-06-02T11:10:00,2025-06-02T08:35:00,null,9M-RAJ,2025-06-02 02:20:00,2025-06-02 11:45:00
AK6193_2025-06-24_MYY_KCH,""" """,A,,12-15,""" """,2025-06-02,2025-06-02 12:11:00,12:11 PM,2025-06-02 04:11:00,null,null,null,null,2025-06-02,2025-06-02 12:25:00,12:25 PM,2025-06-02 04:25:00,2025-06-02,2025-06-02 11:16:00,11:16 AM,2025-06-02 03:16:00,null,null,null,null,2025-06-02,2025-06-02 11:25:00,11:25 AM,2025-06-02 03:25:00,False,KCH,AK,2025-06-02,MYY,"""AK 6193 """,Landed,null,null,null,null,null,null,null,null,2025-06-02 04:21:15,MYY,2025-06-02T02:50:00,2025-06-02T01:47:00,AK,KCH,2025-06-02T02:56:00,null,"""6192 ""","""  """,2025-06-02T03:00:00,2025-06-02T02:00:00,null,9M-RAA,2025-06-02 04:25:00,2025-06-02 03:25:00
AK6115_2025-11-15_PEN_KUL,2,2,A1A,24-36,""" """,2025-06-06,2025-06-06 06:48:00,6:48 AM,2025-06-05 22:48:00,null,null,null,null,2025-06-06,2025-06-06 07:00:00,7:00 AM,2025-06-05 23:00:00,2025-06-06,2025-06-06 05:51:00,5:51 AM,2025-06-05 21:51:00,null,null,null,null,2025-06-06,2025-06-06 06:00:00,6:00 AM,2025-06-05 22:00:00,False,KUL,AK,2025-06-05,PEN,"""AK 6115 """,Landed,null,null,null,null,null,null,null,null,2025-06-05 23:01:15,"""   """,null,null,"""  ""","""   """,null,null,"""     ""","""  """,null,null,null,9M-AQS,2025-06-05 11:00:00,2025-06-05 22:00:00
AK335_2026-03-29_UPG_KUL,2,8,12,A10,""" """,2025-06-01,2025-06-01 22:17:00,10:17 PM,2025-06-01 14:17:00,null,null,null,null,2025-06-01,2025-06-01 21:40:00,9:40 PM,2025-06-01 13:40:00,2025-06-01,2025-06-01 19:05:00,7:05 PM,2025-06-01 11:05:00,null,null,null,null,2025-06-01,2025-06-01 18:20:00,6:20 PM,2025-06-01 10:20:00,False,KUL,AK,2025-06-01,UPG,"""AK 335  """,Landed,null,null,null,null,null,null,null,null,2025-06-01 14:21:10,UPG,2025-06-01T10:11:00,2025-06-01T06:46:00,AK,KUL,2025-06-01T10:06:00,2025-06-01T06:50:00,"""334  ""","""  """,2025-06-01T09:50:00,2025-06-01T06:30:00,null,9M-RAQ,2025-06-01 01:40:00,2025-06-01 10:20:00
AK6432_2025-10-13_KUL_KBR,""" """,1,K8,"""S,T""",2,2025-06-02,2025-06-02 16:02:00,4:02 PM,2025-06-02 08:02:00,null,null,null,null,2025-06-02,2025-06-02 15:10:00,3:10 PM,2025-06-02 07:10:00,2025-06-02,2025-06-02 14:58:00,2:58 PM,2025-06-02 06:58:00,null,null,null,null,2025-06-02,2025-06-02 14:05:00,2:05 PM,2025-06-02 06:05:00,False,KBR,AK,2025-06-02,KUL,"""AK 6432 """,Landed,null,null,null,null,null,null,null,null,2025-06-02 08:11:10,KUL,2025-06-02T06:31:00,2025-06-02T05:03:00,AK,KBV,2025-06-02T06:32:00,2025-06-02T05:05:00,"""867  ""","""  """,2025-06-02T05:35:00,2025-06-02T04:10:00,null,9M-AHY,2025-06-02 07:10:00,2025-06-02 06:05:00
AK6246_2026-04-13_PEN_LGK,""" """,2,A1A,24-36,""" """,2025-06-02,2025-06-02 21:35:00,9:35 PM,2025-06-02 13:35:00,null,null,null,null,2025-06-02,2025-06-02 20:00:00,8:00 PM,2025-06-02 12:00:00,2025-06-02,2025-06-02 21:02:00,9:02 PM,2025-06-02 13:02:00,null,null,null,null,2025-06-02,2025-06-02 19:25:00,7:25 PM,2025-06-02 11:25:00,False,LGK,AK,2025-06-02,PEN,"""AK 6246 """,Landed,null,null,null,null,null,null,null,null,2025-06-02 13:41:16,PEN,2025-06-02T12:33:00,2025-06-02T11:16:00,AK,SIN,2025-06-02T12:50:00,2025-06-02T11:19:00,"""1724 ""","""  """,2025-06-02T11:00:00,2025-06-02T09:35:00,null,9M-AQI,2025-06-02 12:00:00,2025-06-02 11:25:00
AK103_2025-04-23_KUL_KMG,""" """,2,L20,"""U,V,W,X,Y""",2,2025-06-03,2025-06-03 01:06:00,1:06 AM,2025-06-02 17:06:00,null,null,null,null,2025-06-03,2025-06-03 01:25:00,1:25 AM,2025-06-02 17:25:00,2025-06-02,2025-06-02 21:22:00,9:22 PM,2025-06-02 13:22:00,null,null,null,null,2025-06-02,2025-06-02 21:30:00,9:30 PM,2025-06-02 13:30:00,False,KMG,AK,2025-06-02,KUL,"""AK 103  """,Landed,null,null,null,null,null,null,null,null,2025-06-02 17:11:13,KUL,2025-06-02T10:06:00,2025-06-02T07:47:00,AK,MYY,2025-06-02T10:02:00,null,"""5645 ""","""  """,2025-06-02T10:00:00,2025-06-02T07:45:00,null,9M-AGS,2025-06-02 05:25:00,2025-06-02 13:30:00
AK156_2025-07-31_KUL_KWL,2,5,P19,"""U,V,W,X,Y""",2,2025-06-02,2025-06-02 11:17:00,11:17 AM,2025-06-02 03:17:00,null,null,null,null,2025-06-02,2025-06-02 11:20:00,11:20 AM,2025-06-02 03:20:00,2025-06-02,2025-06-02 07:27:00,7:27 AM,2025-06-01 23:27:00,null,null,null,null,2025-06-02,2025-06-02 07:20:00,7:20 AM,2025-06-01 23:20:00,False,KWL,AK,2025-06-01,KUL,"""AK 156  """,Landed,null,null,null,null,null,null,null,null,2025-06-02 04:21:09,"""   """,null,null,"""  ""","""   """,null,null,"""     ""","""  """,null,null,null,9M-RAG,2025-06-02 03:20:00,2025-06-01 23:20:00
AK1507_2025-03-14_KHH_BKI,""" """,B,29,A,""" """,2025-06-01,2025-06-01 15:04:00,3:04 PM,2025-06-01 07:04:00,null,null,null,null,2025-06-01,2025-06-01 15:10:00,3:10 PM,2025-06-01 07:10:00,2025-06-01,2025-06-01 12:02:00,12:02 PM,2025-06-01 04:02:00,null,null,null,null,2025-06-01,2025-06-01 12:10:00,12:10 PM,2025-06-01 04:10:00,False,BKI,AK,2025-06-01,KHH,"""AK 1507 """,Landed,null,null,null,null,null,null,null,null,2025-06-01 07:21:17,KHH,2025-06-01T03:33:00,2025-06-01T00:34:00,AK,BKI,2025-06-01T03:31:00,null,"""1506 ""","""  """,2025-06-01T03:40:00,2025-06-01T00:45:00,null,9M-RAD,2025-06-01 07:10:00,2025-06-01 04:10:00
AK1691_2025-05-31_SZX_PEN,""" """,C,303,E,3,2025-06-03,2025-06-03 06:50:00,6:50 AM,2025-06-02 22:50:00,null,null,null,null,2025-06-03,2025-06-03 07:15:00,7:15 AM,2025-06-02 23:15:00,2025-06-03,2025-06-03 03:15:00,3:15 AM,2025-06-02 19:15:00,null,null,null,null,2025-06-03,2025-06-03 03:25:00,3:25 AM,2025-06-02 19:25:00,False,PEN,AK,2025-06-02,SZX,"""AK 1691 """,Landed,null,null,null,null,null,null,null,null,2025-06-02 23:01:19,"""   """,null,null,"""  ""","""   """,null,null,"""     ""","""  """,null,null,null,9M-AQE,2025-06-02 11:15:00,2025-06-02 19:25:00
AK123_2025-09-12_SZX_KUL,2,,304,E,3,null,null,null,null,2025-06-05,2025-06-05 03:31:00,3:31 AM,2025-06-04 19:31:00,2025-06-05,2025-06-05 00:55:00,12:55 AM,2025-06-04 16:55:00,2025-06-04,2025-06-04 23:38:00,11:38 PM,2025-06-04 15:38:00,null,null,null,null,2025-06-04,2025-06-04 20:55:00,8:55 PM,2025-06-04 12:55:00,False,KUL,AK,2025-06-04,SZX,"""AK 123  """,Departed,null,null,null,null,null,null,null,null,2025-06-04 16:31:09,SZX,2025-06-04T13:58:00,2025-06-04T09:53:00,AK,KUL,2025-06-04T14:02:00,2025-06-04T09:30:00,"""122  ""","""  """,2025-06-04T11:55:00,2025-06-04T07:40:00,null,9M-AGM,2025-06-04 04:55:00,2025-06-04 12:55:00
AK90_2025-04-23_AMD_KUL,2,8,G8,38-43,2,2025-06-02,2025-06-02 07:19:00,7:19 AM,2025-06-01 23:19:00,null,null,null,null,2025-06-02,2025-06-02 07:20:00,7:20 AM,2025-06-01 23:20:00,2025-06-01,2025-06-01 23:21:00,11:21 PM,2025-06-01 17:51:00,null,null,null,null,2025-06-01,2025-06-01 23:20:00,11:20 PM,2025-06-01 17:50:00,False,KUL,AK,2025-06-01,AMD,"""AK 90   """,Landed,null,null,null,null,null,null,null,null,2025-06-01 23:31:11,AMD,2025-06-01T16:58:00,2025-06-01T12:06:00,AK,KUL,2025-06-01T17:13:00,null,"""91   ""","""  """,2025-06-01T17:05:00,2025-06-01T11:55:00,null,9M-AGV,2025-06-01 11:20:00,2025-06-01 17:50:00
AK6091_2025-06-21_SBW_BKI,""" """,D,,1-7,""" """,2025-06-03,2025-06-03 08:29:00,8:29 AM,2025-06-03 00:29:00,null,null,null,null,2025-06-03,2025-06-03 08:50:00,8:50 AM,2025-06-03 00:50:00,2025-06-03,2025-06-03 07:18:00,7:18 AM,2025-06-02 23:18:00,null,null,null,null,2025-06-03,2025-06-03 07:35:00,7:35 AM,2025-06-02 23:35:00,False,BKI,AK,2025-06-02,SBW,"""AK 6091 """,Landed,null,null,null,null,null,null,null,null,2025-06-03 02:31:16,SBW,2025-06-02T22:55:00,2025-06-02T21:46:00,AK,BKI,2025-06-02T22:58:00,null,"""6090 ""","""  """,2025-06-02T23:10:00,2025-06-02T22:00:00,null,9M-RAD,2025-06-03 12:50:00,2025-06-02 23:35:00
AK527_2024-12-20,2,5,,"""I,J""",2,2025-06-01,2025-06-01 16:36:00,4:36 PM,2025-06-01 08:36:00,null,null,null,null,2025-06-01,2025-06-01 16:25:00,4:25 PM,2025-06-01 08:25:00,2025-06-01,2025-06-01 13:30:00,1:30 PM,2025-06-01 06:30:00,null,null,null,null,2025-06-01,2025-06-01 13:25:00,1:25 PM,2025-06-01 06:25:00,False,KUL,AK,2025-06-01,SGN,"""AK 527  """,Landed,null,null,null,null,null,null,null,null,2025-06-01 09:21:12,SGN,2025-06-01T05:59:00,2025-06-01T04:02:00,AK,KUL,2025-06-01T06:08:00,null,"""526  ""","""  """,2025-06-01T05:55:00,2025-06-01T03:55:00,null,9M-AGE,2025-06-01 08:25:00,2025-06-01 06:25:00
AK723_2025-06-01_KUL_SIN,4,1,L4,"""U,V,W,X,Y""",2,2025-06-01,2025-06-01 22:27:00,10:27 PM,2025-06-01 14:27:00,null,null,null,null,2025-06-01,2025-06-01 22:45:00,10:45 PM,2025-06-01 14:45:00,2025-06-01,2025-06-01 21:20:00,9:20 PM,2025-06-01 13:20:00,null,null,null,null,2025-06-01,2025-06-01 21:30:00,9:30 PM,2025-06-01 13:30:00,False,SIN,AK,2025-06-01,KUL,"""AK 723  """,Landed,null,null,null,null,null,null,null,null,2025-06-01 14:51:13,KUL,2025-06-01T12:32:00,2025-06-01T11:26:00,AK,TGG,2025-06-01T12:26:00,2025-06-01T11:35:00,"""6227 ""","""  """,2025-06-01T12:25:00,2025-06-01T11:20:00,null,9M-AQH,2025-06-01 02:45:00,2025-06-01 13:30:00
AK6187_2025-09-30_MYY_KCH,""" """,A,,12-15,""" """,2025-06-05,2025-06-05 15:14:00,3:14 PM,2025-06-05 07:14:00,null,null,null,null,2025-06-05,2025-06-05 15:00:00,3:00 PM,2025-06-05 07:00:00,2025-06-05,2025-06-05 14:16:00,2:16 PM,2025-06-05 06:16:00,null,null,null,null,2025-06-05,2025-06-05 14:00:00,2:00 PM,2025-06-05 06:00:00,False,KCH,AK,2025-06-05,MYY,"""AK 6187 """,Landed,null,null,null,null,null,null,null,null,2025-06-05 10:11:11,MYY,2025-06-05T05:51:00,2025-06-05T04:40:00,AK,KCH,2025-06-05T05:52:00,2025-06-05T04:40:00,"""6186 ""","""  """,2025-06-05T05:35:00,2025-06-05T04:30:00,null,9M-DAF,2025-06-05 07:00:00,2025-06-05 06:00:00
AK421_2026-04-03_KUL_BTJ,""" """,,Q5,"""U,V,W,X,Y""",2,2025-06-05,2025-06-05 17:20:00,5:20 PM,2025-06-05 10:20:00,null,null,null,null,2025-06-05,2025-06-05 17:20:00,5:20 PM,2025-06-05 10:20:00,2025-06-05,2025-06-05 16:55:00,4:55 PM,2025-06-05 08:55:00,null,null,null,null,2025-06-05,2025-06-05 16:50:00,4:50 PM,2025-06-05 08:50:00,False,BTJ,AK,2025-06-05,KUL,"""AK 421  """,Landed,null,null,null,null,null,null,null,null,2025-06-05 11:01:12,KUL,2025-06-05T08:16:00,2025-06-05T06:12:00,AK,CGK,2025-06-05T08:25:00,null,"""352  ""","""  """,2025-06-05T08:15:00,2025-06-05T06:10:00,null,9M-AJE,2025-06-05 10:20:00,2025-06-05 08:50:00
AK6462_2025-02-23_KCH_SBW,""" """,,1,,""" """,2025-06-03,2025-06-03 07:24:00,7:24 AM,2025-06-02 23:24:00,null,null,null,null,2025-06-03,2025-06-03 07:35:00,7:35 AM,2025-06-02 23:35:00,2025-06-03,2025-06-03 06:45:00,6:45 AM,2025-06-02 22:45:00,null,null,null,null,2025-06-03,2025-06-03 07:00:00,7:00 AM,2025-06-02 23:00:00,False,SBW,AK,2025-06-02,KCH,"""AK 6462 """,Landed,null,null,null,null,null,null,null,null,2025-06-02 23:31:22,"""   """,null,null,"""  ""","""   """,null,null,"""     ""","""  """,null,null,null,9M-AQQ,2025-06-02 11:35:00,2025-06-02 23:00:00
AK6246_2025-11-29_PEN_LGK,""" """,2,A1,24-36,""" """,2025-06-01,2025-06-01 17:24:00,5:24 PM,2025-06-01 09:24:00,null,null,null,null,2025-06-01,2025-06-01 17:30:00,5:30 PM,2025-06-01 09:30:00,2025-06-01,2025-06-01 16:53:00,4:53 PM,2025-06-01 08:53:00,null,null,null,null,2025-06-01,2025-06-01 16:55:00,4:55 PM,2025-06-01 08:55:00,False,LGK,AK,2025-06-01,PEN,"""AK 6246 """,Landed,null,null,null,null,null,null,null,null,2025-06-01 09:31:23,PEN,2025-06-01T08:19:00,2025-06-01T06:43:00,AK,SGN,2025-06-01T08:24:00,null,"""1503 ""","""  """,2025-06-01T08:15:00,2025-06-01T06:35:00,null,9M-AQP,2025-06-01 09:30:00,2025-06-01 08:55:00
AK6311_2024-11-25,,3,3,1-9,,2025-06-01,2025-06-01 18:25:00,6:25 PM,2025-06-01 10:25:00,null,null,null,null,2025-06-01,2025-06-01 17:55:00,5:55 PM,2025-06-01 09:55:00,2025-06-01,2025-06-01 16:53:00,4:53 PM,2025-06-01 08:53:00,null,null,null,null,2025-06-01,2025-06-01 16:45:00,4:45 PM,2025-06-01 08:45:00,False,KUL,AK,2025-06-01,LGK,"""AK 6311 """,Landed,null,null,null,null,null,null,null,null,2025-06-01 13:51:11,LGK,2025-06-01T08:16:00,2025-06-01T07:11:00,AK,KUL,2025-06-01T08:16:00,null,"""6310 ""","""  """,2025-06-01T08:20:00,2025-06-01T07:15:00,null,9M-AHV,2025-06-01 09:55:00,2025-06-01 08:45:00
AK1530_2026-02-19_BKI_CAN,3,72,B6,D,1,2025-06-01,2025-06-01 23:01:00,11:01 PM,2025-06-01 15:01:00,null,null,null,null,2025-06-01,2025-06-01 23:15:00,11:15 PM,2025-06-01 15:15:00,2025-06-01,2025-06-01 19:57:00,7:57 PM,2025-06-01 11:57:00,null,null,null,null,2025-06-01,2025-06-01 20:05:00,8:05 PM,2025-06-01 12:05:00,False,CAN,AK,2025-06-01,BKI,"""AK 1530 """,Landed,null,null,null,null,null,null,null,null,2025-06-01 15:11:11,BKI,2025-06-01T11:03:00,2025-06-01T10:21:00,AK,SDK,2025-06-01T11:04:00,null,"""6495 ""","""  """,2025-06-01T11:15:00,2025-06-01T10:25:00,null,9M-AGZ,2025-06-01 03:15:00,2025-06-01 12:05:00
AK6039_2025-06-11_JHB_KUL,2,,,17-24,""" """,2025-06-02,2025-06-02 00:55:00,12:55 AM,2025-06-01 16:55:00,null,null,null,null,2025-06-01,2025-06-01 22:20:00,10:20 PM,2025-06-01 14:20:00,2025-06-01,2025-06-01 23:53:00,11:53 PM,2025-06-01 15:53:00,null,null,null,null,2025-06-01,2025-06-01 21:30:00,9:30 PM,2025-06-01 13:30:00,False,KUL,AK,2025-06-01,JHB,"""AK 6039 """,Landed,null,null,null,null,null,null,null,null,2025-06-01 17:31:16,JHB,2025-06-01T15:15:00,2025-06-01T14:19:00,AK,KUL,2025-06-01T15:13:00,2025-06-01T14:10:00,"""6038 ""","""  """,2025-06-01T13:00:00,2025-06-01T12:05:00,null,9M-RAO,2025-06-01 02:20:00,2025-06-01 13:30:00
AK5110_2025-02-16_KUL_BKI,""" """,,,"""S,T""",2,null,null,null,null,null,null,null,null,2025-06-02,2025-06-02 09:15:00,9:15 AM,2025-06-02 01:15:00,null,null,null,null,null,null,null,null,2025-06-02,2025-06-02 06:35:00,6:35 AM,2025-06-01 22:35:00,False,BKI,AK,2025-06-01,KUL,"""AK 5110 """,Landed,null,null,null,null,null,null,null,null,2025-06-02 04:01:14,"""   """,null,null,"""  ""","""   """,null,null,"""     ""","""  """,null,null,null,9M-RAE,2025-06-02 01:15:00,2025-06-01 22:35:00
AK6062_2026-02-22_KCH_BTU,""" """,,6,,""" """,2025-06-04,2025-06-04 13:28:00,1:28 PM,2025-06-04 05:28:00,null,null,null,null,2025-06-04,2025-06-04 13:20:00,1:20 PM,2025-06-04 05:20:00,2025-06-04,2025-06-04 12:37:00,12:37 PM,2025-06-04 04:37:00,null,null,null,null,2025-06-04,2025-06-04 12:30:00,12:30 PM,2025-06-04 04:30:00,False,BTU,AK,2025-06-04,KCH,"""AK 6062 """,Landed,null,null,null,null,null,null,null,null,2025-06-04 09:51:11,KCH,2025-06-04T04:05:00,2025-06-04T03:12:00,AK,BTU,2025-06-04T04:01:00,null,"""6055 ""","""  """,2025-06-04T04:05:00,2025-06-04T03:15:00,null,9M-RAW,2025-06-04 05:20:00,2025-06-04 04:30:00
AK118_2024-10-27,,3,L10,"""U,V,W,X,Y""",,null,null,null,null,2025-06-02,2025-06-02 01:30:00,1:30 AM,2025-06-01 17:30:00,2025-06-02,2025-06-02 00:30:00,12:30 AM,2025-06-01 16:30:00,2025-06-01,2025-06-01 21:07:00,9:07 PM,2025-06-01 13:07:00,null,null,null,null,2025-06-01,2025-06-01 20:10:00,8:10 PM,2025-06-01 12:10:00,False,CAN,AK,2025-06-01,KUL,"""AK 118  """,Departed,null,null,null,null,null,null,null,null,2025-06-01 17:31:18,KUL,2025-06-01T12:22:00,2025-06-01T11:16:00,AK,TGG,2025-06-01T12:26:00,2025-06-01T11:08:00,"""6227 ""","""  """,2025-06-01T12:00:00,2025-06-01T10:55:00,null,9M-AJN,2025-06-01 04:30:00,2025-06-01 12:10:00
AK5873_2025-06-13_SBW_KUL,2,2,,1-7,""" """,2025-06-01,2025-06-01 14:01:00,2:01 PM,2025-06-01 06:01:00,null,null,null,null,2025-06-01,2025-06-01 14:10:00,2:10 PM,2025-06-01 06:10:00,2025-06-01,2025-06-01 12:04:00,12:04 PM,2025-06-01 04:04:00,null,null,null,null,2025-06-01,2025-06-01 12:05:00,12:05 PM,2025-06-01 04:05:00,False,KUL,AK,2025-06-01,SBW,"""AK 5873 """,Landed,null,null,null,null,null,null,null,null,2025-06-01 06:31:09,SBW,2025-06-01T03:35:00,2025-06-01T01:36:00,AK,KUL,2025-06-01T03:36:00,null,"""5872 ""","""  """,2025-06-01T03:40:00,2025-06-01T01:40:00,null,9M-AJT,2025-06-01 06:10:00,2025-06-01 04:05:00
AK6355_2025-05-02_BKI_KCH,""" """,C,A3,D01-D16,1,2025-06-01,2025-06-01 17:07:00,5:07 PM,2025-06-01 09:07:00,null,null,null,null,2025-06-01,2025-06-01 16:55:00,4:55 PM,2025-06-01 08:55:00,2025-06-01,2025-06-01 15:41:00,3:41 PM,2025-06-01 07:41:00,null,null,null,null,2025-06-01,2025-06-01 15:35:00,3:35 PM,2025-06-01 07:35:00,False,KCH,AK,2025-06-01,BKI,"""AK 6355 """,Landed,null,null,null,null,null,null,null,null,2025-06-01 09:51:12,BKI,2025-06-01T07:08:00,2025-06-01T05:38:00,AK,KCH,2025-06-01T07:13:00,null,"""6354 ""","""  """,2025-06-01T07:10:00,2025-06-01T05:45:00,null,9M-AQQ,2025-06-01 08:55:00,2025-06-01 07:35:00
AK710_2025-12-29_SIN_KUL,2,7,G10,"""4,5""",4,2025-06-03,2025-06-03 15:33:00,3:33 PM,2025-06-03 07:33:00,null,null,null,null,2025-06-03,2025-06-03 15:20:00,3:20 PM,2025-06-03 07:20:00,2025-06-03,2025-06-03 14:26:00,2:26 PM,2025-06-03 06:26:00,null,null,null,null,2025-06-03,2025-06-03 14:10:00,2:10 PM,2025-06-03 06:10:00,False,KUL,AK,2025-06-03,SIN,"""AK 710  """,Landed,null,null,null,null,null,null,null,null,2025-06-03 07:41:15,SIN,2025-06-03T05:44:00,2025-06-03T04:33:00,AK,KUL,2025-06-03T05:42:00,null,"""711  ""","""  """,2025-06-03T05:40:00,2025-06-03T04:30:00,null,9M-AJE,2025-06-03 07:20:00,2025-06-03 06:10:00
AK39_2025-01-04,3,4,P7,"""U,V,W,X,Y""",2,2025-06-01,2025-06-01 23:00:00,11:00 PM,2025-06-01 17:30:00,null,null,null,null,2025-06-01,2025-06-01 22:40:00,10:40 PM,2025-06-01 17:10:00,2025-06-01,2025-06-01 21:29:00,9:29 PM,2025-06-01 13:29:00,null,null,null,null,2025-06-01,2025-06-01 21:05:00,9:05 PM,2025-06-01 13:05:00,False,COK,AK,2025-06-01,KUL,"""AK 39   """,Landed,null,null,null,null,null,null,null,null,2025-06-01 17:41:13,KUL,2025-06-01T12:41:00,2025-06-01T11:17:00,AK,KBV,2025-06-01T12:45:00,2025-06-01T11:06:00,"""861  ""","""  """,2025-06-01T12:30:00,2025-06-01T11:00:00,null,9M-AHX,2025-06-01 05:10:00,2025-06-01 13:05:00
AK5227_2026-01-28_KCH_KUL,2,2,2,,""" """,2025-06-01,2025-06-01 22:02:00,10:02 PM,2025-06-01 14:02:00,null,null,null,null,2025-06-01,2025-06-01 22:15:00,10:15 PM,2025-06-01 14:15:00,2025-06-01,2025-06-01 20:15:00,8:15 PM,2025-06-01 12:15:00,null,null,null,null,2025-06-01,2025-06-01 20:30:00,8:30 PM,2025-06-01 12:30:00,False,KUL,AK,2025-06-01,KCH,"""AK 5227 """,Landed,null,null,null,null,null,null,null,null,2025-06-01 16:01:22,KCH,2025-06-01T11:33:00,2025-06-01T10:13:00,AK,JHB,2025-06-01T11:36:00,null,"""5418 ""","""  """,2025-06-01T11:50:00,2025-06-01T10:25:00,null,9M-AGU,2025-06-01 02:15:00,2025-06-01 12:30:00
AK891_2026-04-13_DMK_KUL,2,8,25,4,1,2025-06-01,2025-06-01 11:39:00,11:39 AM,2025-06-01 03:39:00,null,null,null,null,2025-06-01,2025-06-01 11:50:00,11:50 AM,2025-06-01 03:50:00,2025-06-01,2025-06-01 08:27:00,8:27 AM,2025-06-01 01:27:00,null,null,null,null,2025-06-01,2025-06-01 08:35:00,8:35 AM,2025-06-01 01:35:00,False,KUL,AK,2025-06-01,DMK,"""AK 891  """,Landed,null,null,null,null,null,null,null,null,2025-06-01 03:51:10,DMK,2025-06-01T00:34:00,2025-05-31T22:27:00,AK,KUL,2025-06-01T00:37:00,null,"""890  ""","""  """,2025-06-01T00:50:00,2025-05-31T22:35:00,null,9M-AFD,2025-06-01 03:50:00,2025-06-01 01:35:00
AK6116_2025-08-04_KUL_PEN,""" """,F,K10,"""S,T""",2,null,null,null,null,2025-06-01,2025-06-01 22:05:00,10:05 PM,2025-06-01 14:05:00,2025-06-01,2025-06-01 17:50:00,5:50 PM,2025-06-01 09:50:00,2025-06-01,2025-06-01 21:05:00,9:05 PM,2025-06-01 13:05:00,null,null,null,null,2025-06-01,2025-06-01 16:50:00,4:50 PM,2025-06-01 08:50:00,False,PEN,AK,2025-06-01,KUL,"""AK 6116 """,Departed,null,null,null,null,null,null,null,null,2025-06-01 13:51:09,HKT,2025-06-01T09:57:00,2025-06-01T08:38:00,AK,KUL,2025-06-01T10:10:00,2025-06-01T08:52:00,"""826  ""","""  """,2025-06-01T09:35:00,2025-06-01T08:05:00,null,9M-AQE,2025-06-01 09:50:00,2025-06-01 08:50:00
AK5432_2025-05-22_PEN_KCH,""" """,C,A1A,24-36,""" """,2025-06-02,2025-06-02 15:45:00,3:45 PM,2025-06-02 07:45:00,null,null,null,null,2025-06-02,2025-06-02 15:55:00,3:55 PM,2025-06-02 07:55:00,2025-06-02,2025-06-02 13:52:00,1:52 PM,2025-06-02 05:52:00,null,null,null,null,2025-06-02,2025-06-02 13:55:00,1:55 PM,2025-06-02 05:55:00,False,KCH,AK,2025-06-02,PEN,"""AK 5432 """,Landed,null,null,null,null,null,null,null,null,2025-06-02 08:11:23,PEN,2025-06-02T05:18:00,2025-06-02T03:30:00,AK,KCH,2025-06-02T05:23:00,null,"""5433 ""","""  """,2025-06-02T05:30:00,2025-06-02T03:30:00,null,9M-AQS,2025-06-02 07:55:00,2025-06-02 05:55:00
AK6430_2025-12-01_KUL_KBR,""" """,1,K16,"""S,T""",2,2025-06-02,2025-06-02 08:33:00,8:33 AM,2025-06-02 00:33:00,null,null,null,null,2025-06-02,2025-06-02 08:35:00,8:35 AM,2025-06-02 00:35:00,2025-06-02,2025-06-02 07:19:00,7:19 AM,2025-06-01 23:19:00,null,null,null,null,2025-06-02,2025-06-02 07:30:00,7:30 AM,2025-06-01 23:30:00,False,KBR,AK,2025-06-01,KUL,"""AK 6430 """,Landed,null,null,null,null,null,null,null,null,2025-06-02 01:11:16,"""   """,null,null,"""  ""","""   """,null,null,"""     ""","""  """,null,null,null,9M-AHX,2025-06-02 12:35:00,2025-06-01 23:30:00
AK354_2025-03-26_CGK_KUL,2,6,,91-96,2,2025-06-02,2025-06-02 00:08:00,12:08 AM,2025-06-01 16:08:00,null,null,null,null,2025-06-02,2025-06-02 00:15:00,12:15 AM,2025-06-01 16:15:00,2025-06-01,2025-06-01 21:12:00,9:12 PM,2025-06-01 14:12:00,null,null,null,null,2025-06-01,2025-06-01 21:15:00,9:15 PM,2025-06-01 14:15:00,False,KUL,AK,2025-06-01,CGK,"""AK 354  """,Landed,null,null,null,null,null,null,null,null,2025-06-01 17:01:12,CGK,2025-06-01T13:30:00,2025-06-01T11:24:00,AK,KUL,2025-06-01T13:34:00,null,"""353  ""","""  """,2025-06-01T13:45:00,2025-06-01T11:35:00,null,9M-RAI,2025-06-01 04:15:00,2025-06-01 14:15:00
AK5247_2025-09-27_BTU_KUL,2,2,,7-10,""" """,2025-06-01,2025-06-01 10:41:00,10:41 AM,2025-06-01 02:41:00,null,null,null,null,2025-06-01,2025-06-01 10:40:00,10:40 AM,2025-06-01 02:40:00,2025-06-01,2025-06-01 08:26:00,8:26 AM,2025-06-01 00:26:00,null,null,null,null,2025-06-01,2025-06-01 08:35:00,8:35 AM,2025-06-01 00:35:00,False,KUL,AK,2025-06-01,BTU,"""AK 5247 """,Landed,null,null,null,null,null,null,null,null,2025-06-01 02:51:09,BTU,2025-05-31T23:52:00,2025-05-31T21:53:00,AK,KUL,2025-05-31T23:58:00,null,"""5246 ""","""  """,2025-06-01T00:10:00,2025-05-31T22:00:00,null,9M-AQN,2025-06-01 02:40:00,2025-06-01 00:35:00
AK886_2024-11-05,,,,,,2025-06-01,2025-06-01 17:15:00,5:15 PM,2025-06-01 10:15:00,null,null,null,null,2025-06-01,2025-06-01 17:15:00,5:15 PM,2025-06-01 10:15:00,2025-06-01,2025-06-01 16:03:00,4:03 PM,2025-06-01 08:03:00,null,null,null,null,2025-06-01,2025-06-01 16:05:00,4:05 PM,2025-06-01 08:05:00,False,DMK,AK,2025-06-01,KUL,"""AK 886  """,Landed,null,null,null,null,null,null,null,null,2025-06-01 11:11:17,KUL,2025-06-01T07:31:00,2025-06-01T06:00:00,AK,KBV,2025-06-01T07:35:00,2025-06-01T06:05:00,"""867  ""","""  """,2025-06-01T06:45:00,2025-06-01T05:20:00,null,9M-AGB,2025-06-01 10:15:00,2025-06-01 08:05:00
AK1581_2025-07-31_PEN_KNO,""" """,,A1A,24-36,""" """,2025-06-02,2025-06-02 17:43:00,5:43 PM,2025-06-02 10:43:00,null,null,null,null,2025-06-02,2025-06-02 17:55:00,5:55 PM,2025-06-02 10:55:00,2025-06-02,2025-06-02 17:59:00,5:59 PM,2025-06-02 09:59:00,null,null,null,null,2025-06-02,2025-06-02 18:05:00,6:05 PM,2025-06-02 10:05:00,False,KNO,AK,2025-06-02,PEN,"""AK 1581 """,Landed,null,null,null,null,null,null,null,null,2025-06-02 10:51:09,PEN,2025-06-02T09:25:00,2025-06-02T08:54:00,AK,LGK,2025-06-02T09:29:00,null,"""6247 ""","""  """,2025-06-02T09:40:00,2025-06-02T09:05:00,null,9M-AHL,2025-06-02 10:55:00,2025-06-02 10:05:00
AK884_2025-03-07_KUL_DMK,1,6,L8,"""U,V,W,X,Y""",2,2025-06-01,2025-06-01 14:22:00,2:22 PM,2025-06-01 07:22:00,null,null,null,null,2025-06-01,2025-06-01 14:25:00,2:25 PM,2025-06-01 07:25:00,2025-06-01,2025-06-01 13:04:00,1:04 PM,2025-06-01 05:04:00,null,null,null,null,2025-06-01,2025-06-01 13:15:00,1:15 PM,2025-06-01 05:15:00,False,DMK,AK,2025-06-01,KULA,"""AK 884  """,Landed,null,null,null,null,null,null,null,null,2025-06-01 08:11:26,KUL,2025-06-01T00:07:00,2025-05-31T21:45:00,AK,BKI,2025-06-01T00:13:00,null,"""5135 ""","""  """,2025-06-01T00:30:00,2025-05-31T22:00:00,null,9M-RAQ,2025-06-01 07:25:00,2025-06-01 05:15:00
AK114_2025-03-10_KUL_CAN,""" """,5,Q5,"""U,V,W,X,Y""",2,2025-06-03,2025-06-03 04:38:00,4:38 AM,2025-06-02 20:38:00,null,null,null,null,2025-06-03,2025-06-03 04:50:00,4:50 AM,2025-06-02 20:50:00,2025-06-03,2025-06-03 00:31:00,12:31 AM,2025-06-02 16:31:00,null,null,null,null,2025-06-03,2025-06-03 00:40:00,12:40 AM,2025-06-02 16:40:00,False,CAN,AK,2025-06-02,KUL,"""AK 114  """,Landed,null,null,null,null,null,null,null,null,2025-06-02 22:01:41,"""   """,null,null,"""  ""","""   """,null,null,"""     ""","""  """,null,null,null,9M-AHZ,2025-06-02 08:50:00,2025-06-02 16:40:00
AK6262_2025-12-20_BKI_TWU,""" """,B,A13,D01-D16,1,2025-06-04,2025-06-04 21:34:00,9:34 PM,2025-06-04 13:34:00,null,null,null,null,2025-06-04,2025-06-04 21:35:00,9:35 PM,2025-06-04 13:35:00,2025-06-04,2025-06-04 20:44:00,8:44 PM,2025-06-04 12:44:00,null,null,null,null,2025-06-04,2025-06-04 20:45:00,8:45 PM,2025-06-04 12:45:00,False,TWU,AK,2025-06-04,BKI,"""AK 6262 """,Landed,null,null,null,null,null,null,null,null,2025-06-04 13:41:12,BKI,2025-06-04T11:46:00,2025-06-04T10:59:00,AK,TWU,2025-06-04T11:52:00,2025-06-04T11:10:00,"""6259 ""","""  """,2025-06-04T11:05:00,2025-06-04T10:15:00,null,9M-AGB,2025-06-04 01:35:00,2025-06-04 12:45:00
AK433_2025-08-21_KUL_PKU,""" """,,P15,"""U,V,W,X,Y""",2,2025-06-02,2025-06-02 07:21:00,7:21 AM,2025-06-02 00:21:00,null,null,null,null,2025-06-02,2025-06-02 07:15:00,7:15 AM,2025-06-02 00:15:00,2025-06-02,2025-06-02 07:27:00,7:27 AM,2025-06-01 23:27:00,null,null,null,null,2025-06-02,2025-06-02 07:20:00,7:20 AM,2025-06-01 23:20:00,False,PKU,AK,2025-06-01,KUL,"""AK 433  """,Landed,null,null,null,null,null,null,null,null,2025-06-02 01:51:14,KUL,2025-06-01T22:18:00,2025-06-01T21:46:00,AK,KUL,2025-06-02T02:05:00,null,"""112  ""","""B """,2025-06-02T01:15:00,2025-06-01T20:55:00,null,9M-AGM,2025-06-02 12:15:00,2025-06-01 23:20:00
AK27_2025-06-21_KUL_TRZ,""" """,,L16,"""U,V,W,X,Y""",2,2025-06-01,2025-06-01 18:19:00,6:19 PM,2025-06-01 12:49:00,null,null,null,null,2025-06-01,2025-06-01 18:30:00,6:30 PM,2025-06-01 13:00:00,2025-06-01,2025-06-01 17:12:00,5:12 PM,2025-06-01 09:12:00,null,null,null,null,2025-06-01,2025-06-01 17:20:00,5:20 PM,2025-06-01 09:20:00,False,TRZ,AK,2025-06-01,KUL,"""AK 27   """,Landed,null,null,null,null,null,null,null,null,2025-06-01 13:51:34,KUL,2025-06-01T08:11:00,2025-06-01T05:29:00,AK,TWU,2025-06-01T08:14:00,null,"""5741 ""","""  """,2025-06-01T08:20:00,2025-06-01T05:35:00,null,9M-AJH,2025-06-01 01:00:00,2025-06-01 09:20:00
AK26_2025-02-13_TRZ_KUL,2,,,,""" """,null,null,null,null,2025-06-02,2025-06-02 04:10:00,4:10 AM,2025-06-01 20:10:00,2025-06-02,2025-06-02 01:15:00,1:15 AM,2025-06-01 17:15:00,2025-06-01,2025-06-01 21:38:00,9:38 PM,2025-06-01 16:08:00,null,null,null,null,2025-06-01,2025-06-01 19:00:00,7:00 PM,2025-06-01 13:30:00,False,KUL,AK,2025-06-01,TRZ,"""AK 26   """,Departed,null,null,null,null,null,null,null,null,2025-06-01 16:51:14,TRZ,2025-06-01T15:35:00,2025-06-01T11:39:00,AK,KUL,2025-06-01T15:35:00,2025-06-01T11:25:00,"""27   ""","""  """,2025-06-01T13:00:00,2025-06-01T09:05:00,null,9M-AJP,2025-06-01 05:15:00,2025-06-01 13:30:00
AK421_2025-10-19_KUL_BTJ,""" """,,Q5,"""U,V,W,X,Y""",2,2025-06-02,2025-06-02 16:33:00,4:33 PM,2025-06-02 09:33:00,null,null,null,null,2025-06-02,2025-06-02 16:25:00,4:25 PM,2025-06-02 09:25:00,2025-06-02,2025-06-02 15:55:00,3:55 PM,2025-06-02 07:55:00,null,null,null,null,2025-06-02,2025-06-02 15:55:00,3:55 PM,2025-06-02 07:55:00,False,BTJ,AK,2025-06-02,KUL,"""AK 421  """,Landed,null,null,null,null,null,null,null,null,2025-06-02 10:11:11,KUL,2025-06-02T07:04:00,2025-06-02T04:30:00,AK,YIA,2025-06-02T07:13:00,2025-06-02T04:55:00,"""347  ""","""  """,2025-06-02T07:15:00,2025-06-02T04:45:00,null,9M-AHY,2025-06-02 09:25:00,2025-06-02 07:55:00
AK6064_2025-07-19_KCH_BTU,""" """,,3,,""" """,2025-06-02,2025-06-02 07:59:00,7:59 AM,2025-06-01 23:59:00,null,null,null,null,2025-06-02,2025-06-02 08:20:00,8:20 AM,2025-06-02 00:20:00,2025-06-02,2025-06-02 07:13:00,7:13 AM,2025-06-01 23:13:00,null,null,null,null,2025-06-02,2025-06-02 07:30:00,7:30 AM,2025-06-01 23:30:00,False,BTU,AK,2025-06-01,KCH,"""AK 6064 """,Landed,null,null,null,null,null,null,null,null,2025-06-02 00:41:18,"""   """,null,null,"""  ""","""   """,null,null,"""     ""","""  """,null,null,null,9M-AQP,2025-06-02 12:20:00,2025-06-01 23:30:00
AK6307_2025-05-01_LGK_KUL,2,1,,1-9,""" """,2025-06-01,2025-06-01 12:12:00,12:12 PM,2025-06-01 04:12:00,null,null,null,null,2025-06-01,2025-06-01 12:25:00,12:25 PM,2025-06-01 04:25:00,2025-06-01,2025-06-01 11:02:00,11:02 AM,2025-06-01 03:02:00,null,null,null,null,2025-06-01,2025-06-01 11:15:00,11:15 AM,2025-06-01 03:15:00,False,KUL,AK,2025-06-01,LGK,"""AK 6307 """,Landed,null,null,null,null,null,null,null,null,2025-06-01 04:31:53,LGK,2025-06-01T02:33:00,2025-06-01T01:31:00,AK,KUL,2025-06-01T02:34:00,null,"""6306 ""","""  """,2025-06-01T02:40:00,2025-06-01T01:35:00,null,9M-VAF,2025-06-01 04:25:00,2025-06-01 03:15:00
AK6463_2024-12-15,""" """,,,1-7,""" """,2025-06-01,2025-06-01 08:36:00,8:36 AM,2025-06-01 00:36:00,null,null,null,null,2025-06-01,2025-06-01 08:40:00,8:40 AM,2025-06-01 00:40:00,2025-06-01,2025-06-01 08:00:00,8:00 AM,2025-06-01 00:00:00,null,null,null,null,2025-06-01,2025-06-01 08:05:00,8:05 AM,2025-06-01 00:05:00,False,KCH,AK,2025-06-01,SBW,"""AK 6463 """,Landed,null,null,null,null,null,null,null,null,2025-06-01 02:51:15,SBW,2025-05-31T23:18:00,2025-05-31T22:42:00,AK,KCH,2025-05-31T23:24:00,null,"""6462 ""","""  """,2025-05-31T23:35:00,2025-05-31T23:00:00,null,9M-AQG,2025-06-01 12:40:00,2025-06-01 00:05:00
AK6308_2025-04-13_KUL_LGK,""" """,,J4,"""S,T""",2,2025-06-01,2025-06-01 11:07:00,11:07 AM,2025-06-01 03:07:00,null,null,null,null,2025-06-01,2025-06-01 11:20:00,11:20 AM,2025-06-01 03:20:00,2025-06-01,2025-06-01 10:06:00,10:06 AM,2025-06-01 02:06:00,null,null,null,null,2025-06-01,2025-06-01 10:15:00,10:15 AM,2025-06-01 02:15:00,False,LGK,AK,2025-06-01,KUL,"""AK 6308 """,Landed,null,null,null,null,null,null,null,null,2025-06-01 03:11:22,"""   """,null,null,"""  ""","""   """,null,null,"""     ""","""  """,null,null,null,9M-AJZ,2025-06-01 03:20:00,2025-06-01 02:15:00
AK6462_2025-12-01_KCH_SBW,""" """,,2,,""" """,2025-06-04,2025-06-04 07:28:00,7:28 AM,2025-06-03 23:28:00,null,null,null,null,2025-06-04,2025-06-04 07:35:00,7:35 AM,2025-06-03 23:35:00,2025-06-04,2025-06-04 06:54:00,6:54 AM,2025-06-03 22:54:00,null,null,null,null,2025-06-04,2025-06-04 07:00:00,7:00 AM,2025-06-03 23:00:00,False,SBW,AK,2025-06-03,KCH,"""AK 6462 """,Landed,null,null,null,null,null,null,null,null,2025-06-03 23:41:12,"""   """,null,null,"""  ""","""   """,null,null,"""     ""","""  """,null,null,null,9M-AHJ,2025-06-03 11:35:00,2025-06-03 23:00:00
AK5418_2026-02-06_JHB_KCH,""" """,C,G4,17-24,""" """,2025-06-01,2025-06-01 20:07:00,8:07 PM,2025-06-01 12:07:00,null,null,null,null,2025-06-01,2025-06-01 19:40:00,7:40 PM,2025-06-01 11:40:00,2025-06-01,2025-06-01 18:44:00,6:44 PM,2025-06-01 10:44:00,null,null,null,null,2025-06-01,2025-06-01 18:20:00,6:20 PM,2025-06-01 10:20:00,False,KCH,AK,2025-06-01,JHB,"""AK 5418 """,Landed,null,null,null,null,null,null,null,null,2025-06-01 12:21:13,JHB,2025-06-01T10:09:00,2025-06-01T08:44:00,AK,KCH,2025-06-01T10:09:00,null,"""5419 ""","""  """,2025-06-01T09:55:00,2025-06-01T08:35:00,null,9M-AJS,2025-06-01 11:40:00,2025-06-01 10:20:00
AK6227_2025-06-28_TGG_KUL,2,2,,3-5,""" """,2025-06-01,2025-06-01 21:26:00,9:26 PM,2025-06-01 13:26:00,null,null,null,null,2025-06-01,2025-06-01 20:25:00,8:25 PM,2025-06-01 12:25:00,2025-06-01,2025-06-01 20:17:00,8:17 PM,2025-06-01 12:17:00,null,null,null,null,2025-06-01,2025-06-01 19:20:00,7:20 PM,2025-06-01 11:20:00,False,KUL,AK,2025-06-01,TGG,"""AK 6227 """,Landed,null,null,null,null,null,null,null,null,2025-06-01 13:31:10,TGG,2025-06-01T11:55:00,2025-06-01T11:00:00,AK,KUL,2025-06-01T11:54:00,2025-06-01T11:05:00,"""6226 ""","""  """,2025-06-01T10:55:00,2025-06-01T09:55:00,null,9M-AFV,2025-06-01 12:25:00,2025-06-01 11:20:00
AK6447_2026-02-27_KBR_KUL,2,3,7,12-15,""" """,2025-06-04,2025-06-04 00:04:00,12:04 AM,2025-06-03 16:04:00,null,null,null,null,2025-06-03,2025-06-03 22:35:00,10:35 PM,2025-06-03 14:35:00,2025-06-03,2025-06-03 22:48:00,10:48 PM,2025-06-03 14:48:00,null,null,null,null,2025-06-03,2025-06-03 21:30:00,9:30 PM,2025-06-03 13:30:00,False,KUL,AK,2025-06-03,KBR,"""AK 6447 """,Landed,null,null,null,null,null,null,null,null,2025-06-03 16:51:16,KBR,2025-06-03T14:23:00,2025-06-03T12:56:00,AK,KUL,2025-06-03T14:20:00,2025-06-03T12:30:00,"""6446 ""","""  """,2025-06-03T13:00:00,2025-06-03T11:55:00,null,9M-AQH,2025-06-03 02:35:00,2025-06-03 13:30:00
AK1502_2025-01-14_PEN_SGN,""" """,,A1A,24-36,""" """,2025-06-01,2025-06-01 12:44:00,12:44 PM,2025-06-01 05:44:00,null,null,null,null,2025-06-01,2025-06-01 13:05:00,1:05 PM,2025-06-01 06:05:00,2025-06-01,2025-06-01 12:02:00,12:02 PM,2025-06-01 04:02:00,null,null,null,null,2025-06-01,2025-06-01 12:15:00,12:15 PM,2025-06-01 04:15:00,False,SGN,AK,2025-06-01,PEN,"""AK 1502 """,Landed,null,null,null,null,null,null,null,null,2025-06-01 05:51:12,PEN,2025-06-01T03:30:00,2025-06-01T02:39:00,AK,KUL,2025-06-01T03:35:00,null,"""6142 ""","""  """,2025-06-01T03:40:00,2025-06-01T02:45:00,null,9M-AQN,2025-06-01 06:05:00,2025-06-01 04:15:00
AK6262_2025-07-28_BKI_TWU,""" """,B,A9,D01-D16,1,2025-06-02,2025-06-02 18:46:00,6:46 PM,2025-06-02 10:46:00,null,null,null,null,2025-06-02,2025-06-02 18:30:00,6:30 PM,2025-06-02 10:30:00,2025-06-02,2025-06-02 17:55:00,5:55 PM,2025-06-02 09:55:00,null,null,null,null,2025-06-02,2025-06-02 17:40:00,5:40 PM,2025-06-02 09:40:00,False,TWU,AK,2025-06-02,BKI,"""AK 6262 """,Landed,null,null,null,null,null,null,null,null,2025-06-02 12:31:10,BKI,2025-06-02T09:21:00,2025-06-02T06:29:00,AK,PEN,2025-06-02T09:21:00,null,"""5322 ""","""Z """,2025-06-02T09:00:00,2025-06-02T06:10:00,null,9M-RAT,2025-06-02 10:30:00,2025-06-02 09:40:00
AK6496_2026-03-06_BKI_SDK,""" """,,A4,D01-D16,1,2025-06-01,2025-06-01 14:45:00,2:45 PM,2025-06-01 06:45:00,null,null,null,null,2025-06-01,2025-06-01 14:55:00,2:55 PM,2025-06-01 06:55:00,2025-06-01,2025-06-01 14:05:00,2:05 PM,2025-06-01 06:05:00,null,null,null,null,2025-06-01,2025-06-01 14:10:00,2:10 PM,2025-06-01 06:10:00,False,SDK,AK,2025-06-01,BKI,"""AK 6496 """,Landed,null,null,null,null,null,null,null,null,2025-06-01 06:51:13,BKI,2025-06-01T05:35:00,2025-06-01T02:51:00,AK,KUL,2025-06-01T05:36:00,null,"""5110 ""","""  """,2025-06-01T05:35:00,2025-06-01T02:55:00,null,9M-RAI,2025-06-01 06:55:00,2025-06-01 06:10:00
AK5207_2025-09-22_KCH_KUL,2,1,1,,""" """,2025-06-02,2025-06-02 17:46:00,5:46 PM,2025-06-02 09:46:00,null,null,null,null,2025-06-02,2025-06-02 17:30:00,5:30 PM,2025-06-02 09:30:00,2025-06-02,2025-06-02 15:48:00,3:48 PM,2025-06-02 07:48:00,null,null,null,null,2025-06-02,2025-06-02 15:45:00,3:45 PM,2025-06-02 07:45:00,False,KUL,AK,2025-06-02,KCH,"""AK 5207 """,Landed,null,null,null,null,null,null,null,null,2025-06-02 12:51:13,KCH,2025-06-02T07:12:00,2025-06-02T06:12:00,AK,MYY,2025-06-02T07:15:00,2025-06-02T06:07:00,"""6187 ""","""  """,2025-06-02T07:00:00,2025-06-02T06:00:00,null,9M-DAF,2025-06-02 09:30:00,2025-06-02 07:45:00
AK6418_2024-11-14,,F,G6,17-24,,2025-06-01,2025-06-01 17:54:00,5:54 PM,2025-06-01 09:54:00,null,null,null,null,2025-06-01,2025-06-01 16:55:00,4:55 PM,2025-06-01 08:55:00,2025-06-01,2025-06-01 16:35:00,4:35 PM,2025-06-01 08:35:00,null,null,null,null,2025-06-01,2025-06-01 15:45:00,3:45 PM,2025-06-01 07:45:00,False,PEN,AK,2025-06-01,JHB,"""AK 6418 """,landed,null,null,null,null,null,null,null,null,2025-06-01 12:51:12,JHB,2025-06-01T08:05:00,2025-06-01T05:49:00,AK,BKI,2025-06-01T07:50:00,2025-06-01T05:20:00,"""5301 ""","""  """,2025-06-01T07:10:00,2025-06-01T04:55:00,null,9M-AGP,2025-06-01 08:55:00,2025-06-01 07:45:00
AK6093_2025-06-18_SBW_BKI,1,D,,1-7,""" """,2025-06-03,2025-06-03 20:05:00,8:05 PM,2025-06-03 12:05:00,null,null,null,null,2025-06-03,2025-06-03 20:00:00,8:00 PM,2025-06-03 12:00:00,2025-06-03,2025-06-03 18:52:00,6:52 PM,2025-06-03 10:52:00,null,null,null,null,2025-06-03,2025-06-03 18:45:00,6:45 PM,2025-06-03 10:45:00,False,BKI,AK,2025-06-03,SBW,"""AK 6093 """,Landed,null,null,null,null,null,null,null,null,2025-06-03 12:31:13,SBW,2025-06-03T10:33:00,2025-06-03T09:24:00,AK,BKI,2025-06-03T10:34:00,null,"""6092 ""","""  """,2025-06-03T10:20:00,2025-06-03T09:10:00,null,9M-RAI,2025-06-03 12:00:00,2025-06-03 10:45:00
AK6062_2025-11-16_KCH_BTU,""" """,,3,,""" """,2025-06-02,2025-06-02 13:23:00,1:23 PM,2025-06-02 05:23:00,null,null,null,null,2025-06-02,2025-06-02 13:20:00,1:20 PM,2025-06-02 05:20:00,2025-06-02,2025-06-02 12:30:00,12:30 PM,2025-06-02 04:30:00,null,null,null,null,2025-06-02,2025-06-02 12:30:00,12:30 PM,2025-06-02 04:30:00,False,BTU,AK,2025-06-02,KCH,"""AK 6062 """,Landed,null,null,null,null,null,null,null,null,2025-06-02 06:32:03,KCH,2025-06-02T04:02:00,2025-06-02T03:13:00,AK,BTU,2025-06-02T04:03:00,null,"""6055 ""","""  """,2025-06-02T04:05:00,2025-06-02T03:15:00,null,9M-AGP,2025-06-02 05:20:00,2025-06-02 04:30:00
AK1520_2025-11-14_BKI_SZX,3,17,B2,D,1,2025-06-02,2025-06-02 14:45:00,2:45 PM,2025-06-02 06:45:00,null,null,null,null,2025-06-02,2025-06-02 12:05:00,12:05 PM,2025-06-02 04:05:00,2025-06-02,2025-06-02 11:35:00,11:35 AM,2025-06-02 03:35:00,null,null,null,null,2025-06-02,2025-06-02 09:00:00,9:00 AM,2025-06-02 01:00:00,False,SZX,AK,2025-06-02,BKI,"""AK 1520 """,Landed,null,null,null,null,null,null,null,null,2025-06-02 06:51:18,BKI,2025-06-02T00:18:00,2025-06-01T23:30:00,AK,TWU,2025-06-02T00:24:00,null,"""6269 ""","""  """,2025-06-02T00:30:00,2025-06-01T23:40:00,null,9M-RAE,2025-06-02 04:05:00,2025-06-02 01:00:00
AK892_2025-01-01,1,4,L16,"""U,V,W,X,Y""",2,2025-06-01,2025-06-01 18:43:00,6:43 PM,2025-06-01 11:43:00,null,null,null,null,2025-06-01,2025-06-01 18:20:00,6:20 PM,2025-06-01 11:20:00,2025-06-01,2025-06-01 17:31:00,5:31 PM,2025-06-01 09:31:00,null,null,null,null,2025-06-01,2025-06-01 17:05:00,5:05 PM,2025-06-01 09:05:00,False,DMK,AK,2025-06-01,KUL,"""AK 892  """,Landed,null,null,null,null,null,null,null,null,2025-06-01 14:51:12,KUL,2025-06-01T08:50:00,2025-06-01T07:04:00,AK,KCH,2025-06-01T08:59:00,null,"""5209 ""","""  """,2025-06-01T08:30:00,2025-06-01T06:45:00,null,9M-VAG,2025-06-01 11:20:00,2025-06-01 09:05:00
AK866_2025-04-21_KUL_KBV,""" """,2,L18,"""U,V,W,X,Y""",2,2025-06-01,2025-06-01 10:42:00,10:42 AM,2025-06-01 03:42:00,null,null,null,null,2025-06-01,2025-06-01 10:35:00,10:35 AM,2025-06-01 03:35:00,2025-06-01,2025-06-01 10:18:00,10:18 AM,2025-06-01 02:18:00,null,null,null,null,2025-06-01,2025-06-01 10:20:00,10:20 AM,2025-06-01 02:20:00,False,KBV,AK,2025-06-01,KUL,"""AK 866  """,Landed,null,null,null,null,null,null,null,null,2025-06-01 04:31:13,KUL,2025-06-01T01:46:00,2025-06-01T00:40:00,AK,AOR,2025-06-01T01:53:00,null,"""6021 ""","""  """,2025-06-01T01:50:00,2025-06-01T00:45:00,null,9M-AQQ,2025-06-01 03:35:00,2025-06-01 02:20:00
AK5218_2025-10-18_KUL_KCH,""" """,,,,2,2025-06-02,2025-06-02 21:56:00,9:56 PM,2025-06-02 13:56:00,null,null,null,null,2025-06-02,2025-06-02 22:10:00,10:10 PM,2025-06-02 14:10:00,2025-06-02,2025-06-02 20:13:00,8:13 PM,2025-06-02 12:13:00,null,null,null,null,2025-06-02,2025-06-02 20:20:00,8:20 PM,2025-06-02 12:20:00,False,KCH,AK,2025-06-02,KUL,"""AK 5218 """,Landed,null,null,null,null,null,null,null,null,2025-06-02 14:11:15,KUL,2025-06-02T11:10:00,2025-06-02T09:56:00,AK,KBR,2025-06-02T11:09:00,null,"""6441 ""","""  """,2025-06-02T10:55:00,2025-06-02T09:50:00,null,9M-AQD,2025-06-02 02:10:00,2025-06-02 12:20:00
AK73_2026-04-13_MLE_KUL,2,10,,,1,2025-06-05,2025-06-05 05:20:00,5:20 AM,2025-06-04 21:20:00,null,null,null,null,2025-06-05,2025-06-05 05:10:00,5:10 AM,2025-06-04 21:10:00,2025-06-04,2025-06-04 21:56:00,9:56 PM,2025-06-04 16:56:00,null,null,null,null,2025-06-04,2025-06-04 21:30:00,9:30 PM,2025-06-04 16:30:00,False,KUL,AK,2025-06-04,MLE,"""AK 73   """,Landed,null,null,null,null,null,null,null,null,2025-06-04 21:31:11,MLE,2025-06-04T15:59:00,2025-06-04T11:23:00,AK,KUL,2025-06-04T16:02:00,null,"""72   ""","""  """,2025-06-04T15:30:00,2025-06-04T11:10:00,null,9M-RAL,2025-06-04 09:10:00,2025-06-04 16:30:00
AK6266_2025-09-07_BKI_TWU,""" """,B,A5,D01-D16,1,2025-06-01,2025-06-01 13:19:00,1:19 PM,2025-06-01 05:19:00,null,null,null,null,2025-06-01,2025-06-01 13:20:00,1:20 PM,2025-06-01 05:20:00,2025-06-01,2025-06-01 12:20:00,12:20 PM,2025-06-01 04:20:00,null,null,null,null,2025-06-01,2025-06-01 12:30:00,12:30 PM,2025-06-01 04:30:00,False,TWU,AK,2025-06-01,BKI,"""AK 6266 """,landed,null,null,null,null,null,null,null,null,2025-06-01 06:41:12,BKI,2025-06-01T03:15:00,2025-06-01T02:17:00,AK,TWU,2025-06-01T03:14:00,null,"""6261 ""","""  """,2025-06-01T03:10:00,2025-06-01T02:20:00,null,9M-AGF,2025-06-01 05:20:00,2025-06-01 04:30:00
AK6467_2025-07-23_SBW_KCH,""" """,A,,1-7,""" """,2025-06-03,2025-06-03 12:59:00,12:59 PM,2025-06-03 04:59:00,null,null,null,null,2025-06-03,2025-06-03 12:40:00,12:40 PM,2025-06-03 04:40:00,2025-06-03,2025-06-03 12:23:00,12:23 PM,2025-06-03 04:23:00,null,null,null,null,2025-06-03,2025-06-03 12:05:00,12:05 PM,2025-06-03 04:05:00,False,KCH,AK,2025-06-03,SBW,"""AK 6467 """,Landed,null,null,null,null,null,null,null,null,2025-06-03 05:51:25,SBW,2025-06-03T02:10:00,2025-06-03T01:29:00,AK,KCH,2025-06-03T02:15:00,null,"""6466 ""","""  """,2025-06-03T02:10:00,2025-06-03T01:35:00,null,9M-DAG,2025-06-03 04:40:00,2025-06-03 04:05:00
AK5199_2025-06-04_SDK_KUL,2,2,,1-5,""" """,null,null,null,null,null,null,null,null,2025-06-01,2025-06-01 15:35:00,3:35 PM,2025-06-01 07:35:00,null,null,null,null,null,null,null,null,2025-06-01,2025-06-01 12:50:00,12:50 PM,2025-06-01 04:50:00,False,KUL,AK,2025-06-01,SDK,"""AK 5199 """,Landed,null,null,null,null,null,null,null,null,2025-06-01 09:41:10,SDK,null,null,AK,KUL,null,null,"""5198 ""","""  """,2025-06-01T04:25:00,2025-06-01T01:40:00,null,9M-NEO,2025-06-01 07:35:00,2025-06-01 04:50:00
AK353_2025-08-27_KUL_CGK,2,12,L12,"""U,V,W,X,Y""",2,2025-06-01,2025-06-01 22:46:00,10:46 PM,2025-06-01 15:46:00,null,null,null,null,2025-06-01,2025-06-01 20:45:00,8:45 PM,2025-06-01 13:45:00,2025-06-01,2025-06-01 21:30:00,9:30 PM,2025-06-01 13:30:00,null,null,null,null,2025-06-01,2025-06-01 19:25:00,7:25 PM,2025-06-01 11:25:00,False,CGK,AK,2025-06-01,KUL,"""AK 353  """,Landed,null,null,null,null,null,null,null,null,2025-06-01 15:51:11,KUL,2025-06-01T12:27:00,2025-06-01T11:15:00,AK,LGK,2025-06-01T12:26:00,2025-06-01T11:20:00,"""6311 ""","""  """,2025-06-01T11:20:00,2025-06-01T10:15:00,null,9M-AQN,2025-06-01 01:45:00,2025-06-01 11:25:00
AK6186_2026-02-15_KCH_MYY,""" """,,7,,""" """,2025-06-04,2025-06-04 14:31:00,2:31 PM,2025-06-04 06:31:00,null,null,null,null,2025-06-04,2025-06-04 14:45:00,2:45 PM,2025-06-04 06:45:00,2025-06-04,2025-06-04 13:30:00,1:30 PM,2025-06-04 05:30:00,null,null,null,null,2025-06-04,2025-06-04 13:40:00,1:40 PM,2025-06-04 05:40:00,False,MYY,AK,2025-06-04,KCH,"""AK 6186 """,Landed,null,null,null,null,null,null,null,null,2025-06-04 06:41:12,"""   """,null,null,"""  ""","""   """,null,null,"""     ""","""  """,null,null,null,9M-AJS,2025-06-04 06:45:00,2025-06-04 05:40:00
AK5113_2025-10-03_BKI_KUL,2,3,A10,D01-D16,1,2025-06-03,2025-06-03 16:01:00,4:01 PM,2025-06-03 08:01:00,null,null,null,null,2025-06-03,2025-06-03 15:30:00,3:30 PM,2025-06-03 07:30:00,2025-06-03,2025-06-03 13:18:00,1:18 PM,2025-06-03 05:18:00,null,null,null,null,2025-06-03,2025-06-03 13:00:00,1:00 PM,2025-06-03 05:00:00,False,KUL,AK,2025-06-03,BKI,"""AK 5113 """,Landed,null,null,null,null,null,null,null,null,2025-06-03 08:11:11,BKI,2025-06-03T04:48:00,2025-06-03T01:56:00,AK,KUL,2025-06-03T04:50:00,null,"""5112 ""","""  """,2025-06-03T04:35:00,2025-06-03T02:00:00,null,9M-RAU,2025-06-03 07:30:00,2025-06-03 05:00:00
AK9207_2026-03-31_KCH_KUL,null,,,,null,2025-06-01,2025-06-01 22:33:00,10:33 PM,2025-06-01 14:33:00,null,null,null,null,2025-06-01,2025-06-01 21:25:00,9:25 PM,2025-06-01 13:25:00,2025-06-01,2025-06-01 20:36:00,8:36 PM,2025-06-01 12:36:00,null,null,null,null,2025-06-01,2025-06-01 19:35:00,7:35 PM,2025-06-01 11:35:00,False,KUL,AK,2025-06-01,KCH,"""AK 9207 """,Landed,null,null,null,null,null,null,null,null,2025-06-01 14:41:15,KCH,2025-06-01T12:05:00,2025-06-01T10:59:00,AK,MYY,2025-06-01T12:00:00,2025-06-01T10:44:00,"""6183 ""","""  """,2025-06-01T10:30:00,2025-06-01T09:30:00,null,9M-AQZ,2025-06-01 01:25:00,2025-06-01 11:35:00
AK5236_2025-07-29_KUL_KCH,""" """,C,K12,"""S,T""",2,2025-06-01,2025-06-01 17:22:00,5:22 PM,2025-06-01 09:22:00,null,null,null,null,2025-06-01,2025-06-01 17:10:00,5:10 PM,2025-06-01 09:10:00,2025-06-01,2025-06-01 15:26:00,3:26 PM,2025-06-01 07:26:00,null,null,null,null,2025-06-01,2025-06-01 15:30:00,3:30 PM,2025-06-01 07:30:00,False,KCH,AK,2025-06-01,KUL,"""AK 5236 """,Landed,null,null,null,null,null,null,null,null,2025-06-01 11:01:21,KUL,2025-06-01T06:02:00,2025-06-01T04:45:00,AK,PDG,2025-06-01T06:01:00,2025-06-01T04:55:00,"""407  ""","""  """,2025-06-01T05:45:00,2025-06-01T04:35:00,null,9M-AJN,2025-06-01 09:10:00,2025-06-01 07:30:00
AK6014_2025-11-16_KUL_AOR,""" """,B,K10,"""S,T""",2,2025-06-02,2025-06-02 21:15:00,9:15 PM,2025-06-02 13:15:00,null,null,null,null,2025-06-02,2025-06-02 18:30:00,6:30 PM,2025-06-02 10:30:00,2025-06-02,2025-06-02 20:12:00,8:12 PM,2025-06-02 12:12:00,null,null,null,null,2025-06-02,2025-06-02 17:25:00,5:25 PM,2025-06-02 09:25:00,False,AOR,AK,2025-06-02,KUL,"""AK 6014 """,Landed,null,null,null,null,null,null,null,null,2025-06-02 13:51:33,KUL,2025-06-02T11:34:00,2025-06-02T08:36:00,AK,CNX,2025-06-02T11:30:00,2025-06-02T08:28:00,"""857  ""","""  """,2025-06-02T11:05:00,2025-06-02T08:10:00,null,9M-NEO,2025-06-02 10:30:00,2025-06-02 09:25:00
AK6423_2026-01-17_PEN_JHB,""" """,,B5,24-36,""" """,2025-06-02,2025-06-02 21:24:00,9:24 PM,2025-06-02 13:24:00,null,null,null,null,2025-06-02,2025-06-02 21:05:00,9:05 PM,2025-06-02 13:05:00,2025-06-02,2025-06-02 20:19:00,8:19 PM,2025-06-02 12:19:00,null,null,null,null,2025-06-02,2025-06-02 19:55:00,7:55 PM,2025-06-02 11:55:00,False,JHB,AK,2025-06-02,PEN,"""AK 6423 """,Landed,null,null,null,null,null,null,null,null,2025-06-02 13:31:09,PEN,2025-06-02T11:45:00,2025-06-02T10:40:00,AK,JHB,2025-06-02T11:50:00,null,"""6422 ""","""  """,2025-06-02T11:30:00,2025-06-02T10:20:00,null,9M-AFF,2025-06-02 01:05:00,2025-06-02 11:55:00
AK6306_2025-04-17_KUL_LGK,""" """,,K8,"""S,T""",2,2025-06-01,2025-06-01 10:32:00,10:32 AM,2025-06-01 02:32:00,null,null,null,null,2025-06-01,2025-06-01 10:40:00,10:40 AM,2025-06-01 02:40:00,2025-06-01,2025-06-01 09:30:00,9:30 AM,2025-06-01 01:30:00,null,null,null,null,2025-06-01,2025-06-01 09:35:00,9:35 AM,2025-06-01 01:35:00,False,LGK,AK,2025-06-01,KUL,"""AK 6306 """,Landed,null,null,null,null,null,null,null,null,2025-06-01 03:01:15,KUL,2025-06-01T00:56:00,2025-05-31T23:58:00,AK,SIN,2025-06-01T01:00:00,null,"""700  ""","""  """,2025-06-01T01:00:00,2025-05-31T23:55:00,null,9M-VAG,2025-06-01 02:40:00,2025-06-01 01:35:00
AK6440_2025-08-20_KUL_KBR,""" """,2,K6,"""S,T""",2,2025-06-01,2025-06-01 17:44:00,5:44 PM,2025-06-01 09:44:00,null,null,null,null,2025-06-01,2025-06-01 17:30:00,5:30 PM,2025-06-01 09:30:00,2025-06-01,2025-06-01 16:39:00,4:39 PM,2025-06-01 08:39:00,null,null,null,null,2025-06-01,2025-06-01 16:25:00,4:25 PM,2025-06-01 08:25:00,False,KBR,AK,2025-06-01,KUL,"""AK 6440 """,Landed,null,null,null,null,null,null,null,null,2025-06-01 09:51:08,KUL,2025-06-01T08:05:00,2025-06-01T04:53:00,AK,LOP,2025-06-01T08:05:00,null,"""305  ""","""  """,2025-06-01T08:05:00,2025-06-01T04:55:00,null,9M-AQD,2025-06-01 09:30:00,2025-06-01 08:25:00
AK6433_2024-11-14,,3,7,12-15,,2025-06-01,2025-06-01 11:19:00,11:19 AM,2025-06-01 03:19:00,null,null,null,null,2025-06-01,2025-06-01 11:25:00,11:25 AM,2025-06-01 03:25:00,2025-06-01,2025-06-01 10:16:00,10:16 AM,2025-06-01 02:16:00,null,null,null,null,2025-06-01,2025-06-01 10:20:00,10:20 AM,2025-06-01 02:20:00,False,KUL,AK,2025-06-01,KBR,"""AK 6433 """,Landed,null,null,null,null,null,null,null,null,2025-06-01 06:51:10,KBR,2025-06-01T01:45:00,2025-06-01T00:39:00,AK,KUL,2025-06-01T01:49:00,null,"""6432 ""","""  """,2025-06-01T01:50:00,2025-06-01T00:45:00,null,9M-AGB,2025-06-01 03:25:00,2025-06-01 02:20:00
AK62_2025-03-02_CCU_KUL,2,7,12,H,2,2025-06-02,2025-06-02 07:09:00,7:09 AM,2025-06-01 23:09:00,null,null,null,null,2025-06-02,2025-06-02 07:30:00,7:30 AM,2025-06-01 23:30:00,2025-06-02,2025-06-02 01:00:00,1:00 AM,2025-06-01 19:30:00,null,null,null,null,2025-06-02,2025-06-02 01:05:00,1:05 AM,2025-06-01 19:35:00,False,KUL,AK,2025-06-01,CCU,"""AK 62   """,Landed,null,null,null,null,null,null,null,null,2025-06-01 23:21:14,"""   """,null,null,"""  ""","""   """,null,null,"""     ""","""  """,null,null,null,9M-VAC,2025-06-01 11:30:00,2025-06-01 19:35:00
AK2280_2024-12-28,""" """,C,207,L6-L12,1,2025-06-01,2025-06-01 14:52:00,2:52 PM,2025-06-01 06:52:00,null,null,null,null,2025-06-01,2025-06-01 14:55:00,2:55 PM,2025-06-01 06:55:00,2025-06-01,2025-06-01 11:08:00,11:08 AM,2025-06-01 03:08:00,null,null,null,null,2025-06-01,2025-06-01 11:10:00,11:10 AM,2025-06-01 03:10:00,False,PEN,AK,2025-06-01,HKG,"""AK 2280 """,Landed,null,null,null,null,null,null,null,null,2025-06-01 07:11:14,HKG,2025-06-01T02:15:00,2025-05-31T22:28:00,AK,PEN,2025-06-01T02:26:00,null,"""2281 ""","""  """,2025-06-01T02:25:00,2025-05-31T22:40:00,null,9M-AJS,2025-06-01 06:55:00,2025-06-01 03:10:00
AK6460_2025-11-25_KCH_SBW,""" """,,2,,""" """,2025-06-01,2025-06-01 18:41:00,6:41 PM,2025-06-01 10:41:00,null,null,null,null,2025-06-01,2025-06-01 19:00:00,7:00 PM,2025-06-01 11:00:00,2025-06-01,2025-06-01 18:06:00,6:06 PM,2025-06-01 10:06:00,null,null,null,null,2025-06-01,2025-06-01 18:20:00,6:20 PM,2025-06-01 10:20:00,False,SBW,AK,2025-06-01,KCH,"""AK 6460 """,Landed,null,null,null,null,null,null,null,null,2025-06-01 13:51:12,KCH,2025-06-01T09:24:00,2025-06-01T08:20:00,AK,MYY,2025-06-01T09:23:00,null,"""6183 ""","""  """,2025-06-01T09:30:00,2025-06-01T08:30:00,null,9M-AQS,2025-06-01 11:00:00,2025-06-01 10:20:00
AK868_2025-09-20_KUL_KBV,""" """,1,Q13,"""U,V,W,X,Y""",2,2025-06-01,2025-06-01 13:41:00,1:41 PM,2025-06-01 06:41:00,null,null,null,null,2025-06-01,2025-06-01 13:40:00,1:40 PM,2025-06-01 06:40:00,2025-06-01,2025-06-01 13:17:00,1:17 PM,2025-06-01 05:17:00,null,null,null,null,2025-06-01,2025-06-01 13:20:00,1:20 PM,2025-06-01 05:20:00,False,KBV,AK,2025-06-01,KUL,"""AK 868  """,Landed,null,null,null,null,null,null,null,null,2025-06-01 07:01:11,KUL,2025-06-01T04:18:00,2025-06-01T02:36:00,AK,PQC,2025-06-01T04:22:00,null,"""544  ""","""  """,2025-06-01T04:30:00,2025-06-01T02:40:00,null,9M-AGA,2025-06-01 06:40:00,2025-06-01 05:20:00
AK6240_2025-05-21_LGK_PEN,""" """,F,6,1-9,""" """,2025-06-02,2025-06-02 11:02:00,11:02 AM,2025-06-02 03:02:00,null,null,null,null,2025-06-02,2025-06-02 11:15:00,11:15 AM,2025-06-02 03:15:00,2025-06-02,2025-06-02 10:25:00,10:25 AM,2025-06-02 02:25:00,null,null,null,null,2025-06-02,2025-06-02 10:40:00,10:40 AM,2025-06-02 02:40:00,False,PEN,AK,2025-06-02,LGK,"""AK 6240 """,Landed,null,null,null,null,null,null,null,null,2025-06-02 03:21:29,LGK,2025-06-02T01:55:00,2025-06-02T01:17:00,AK,PEN,2025-06-02T01:51:00,null,"""6241 ""","""  """,2025-06-02T02:10:00,2025-06-02T01:35:00,null,9M-AQH,2025-06-02 03:15:00,2025-06-02 02:40:00
AK5244_2025-11-13_KUL_BTU,""" """,,J5,"""S,T""",2,2025-06-02,2025-06-02 13:44:00,1:44 PM,2025-06-02 05:44:00,null,null,null,null,2025-06-02,2025-06-02 12:50:00,12:50 PM,2025-06-02 04:50:00,2025-06-02,2025-06-02 11:42:00,11:42 AM,2025-06-02 03:42:00,null,null,null,null,2025-06-02,2025-06-02 10:40:00,10:40 AM,2025-06-02 02:40:00,False,BTU,AK,2025-06-02,KUL,"""AK 5244 """,Landed,null,null,null,null,null,null,null,null,2025-06-02 05:51:12,KUL,2025-06-02T03:09:00,2025-06-02T01:09:00,AK,SBW,2025-06-02T03:08:00,2025-06-02T01:05:00,"""5877 ""","""  """,2025-06-02T02:55:00,2025-06-02T00:50:00,null,9M-RAD,2025-06-02 04:50:00,2025-06-02 02:40:00
AK381_2026-01-10_CGK_KUL,2,6,F3,91-98,2,2025-06-01,2025-06-01 11:36:00,11:36 AM,2025-06-01 03:36:00,null,null,null,null,2025-06-01,2025-06-01 11:30:00,11:30 AM,2025-06-01 03:30:00,2025-06-01,2025-06-01 08:30:00,8:30 AM,2025-06-01 01:30:00,null,null,null,null,2025-06-01,2025-06-01 08:30:00,8:30 AM,2025-06-01 01:30:00,False,KUL,AK,2025-06-01,CGK,"""AK 381  """,Landed,null,null,null,null,null,null,null,null,2025-06-01 03:41:13,CGK,2025-06-01T01:01:00,2025-05-31T22:53:00,AK,KUL,2025-06-01T00:58:00,null,"""380  ""","""  """,2025-06-01T01:05:00,2025-05-31T23:00:00,null,9M-AQG,2025-06-01 03:30:00,2025-06-01 01:30:00
AK6334_2026-01-10_KUL_LGK,""" """,2,K6,"""S,T""",2,2025-06-01,2025-06-01 11:07:00,11:07 AM,2025-06-01 03:07:00,null,null,null,null,2025-06-01,2025-06-01 11:05:00,11:05 AM,2025-06-01 03:05:00,2025-06-01,2025-06-01 09:57:00,9:57 AM,2025-06-01 01:57:00,null,null,null,null,2025-06-01,2025-06-01 10:00:00,10:00 AM,2025-06-01 02:00:00,False,LGK,AK,2025-06-01,KUL,"""AK 6334 """,Landed,null,null,null,null,null,null,null,null,2025-06-01 03:21:15,"""   """,null,null,"""  ""","""   """,null,null,"""     ""","""  """,null,null,null,9M-RAH,2025-06-01 03:05:00,2025-06-01 02:00:00
AK6259_2025-11-04_TWU_BKI,1,F,4,6-9,""" """,2025-06-01,2025-06-01 18:50:00,6:50 PM,2025-06-01 10:50:00,null,null,null,null,2025-06-01,2025-06-01 19:05:00,7:05 PM,2025-06-01 11:05:00,2025-06-01,2025-06-01 18:00:00,6:00 PM,2025-06-01 10:00:00,null,null,null,null,2025-06-01,2025-06-01 18:15:00,6:15 PM,2025-06-01 10:15:00,False,BKI,AK,2025-06-01,TWU,"""AK 6259 """,Landed,null,null,null,null,null,null,null,null,2025-06-01 11:01:11,TWU,2025-06-01T09:40:00,2025-06-01T08:50:00,AK,BKI,2025-06-01T09:47:00,null,"""6258 ""","""  """,2025-06-01T09:50:00,2025-06-01T09:00:00,null,9M-RAI,2025-06-01 11:05:00,2025-06-01 10:15:00
AK347_2025-12-12_YIA_KUL,2,10,,B13-B17,""" """,2025-06-03,2025-06-03 16:15:00,4:15 PM,2025-06-03 08:15:00,null,null,null,null,2025-06-03,2025-06-03 15:15:00,3:15 PM,2025-06-03 07:15:00,2025-06-03,2025-06-03 12:02:00,12:02 PM,2025-06-03 05:02:00,null,null,null,null,2025-06-03,2025-06-03 11:45:00,11:45 AM,2025-06-03 04:45:00,False,KUL,AK,2025-06-03,YIA,"""AK 347  """,Landed,null,null,null,null,null,null,null,null,2025-06-03 08:31:14,YIA,2025-06-03T04:34:00,2025-06-03T01:53:00,AK,KUL,2025-06-03T04:45:00,null,"""346  ""","""  """,2025-06-03T04:20:00,2025-06-03T01:40:00,null,9M-RAR,2025-06-03 07:15:00,2025-06-03 04:45:00
AK379_2026-01-06_DPS_KUL,2,8,6A,E1-E4,I,2025-06-02,2025-06-02 23:31:00,11:31 PM,2025-06-02 15:31:00,null,null,null,null,2025-06-02,2025-06-02 22:20:00,10:20 PM,2025-06-02 14:20:00,2025-06-02,2025-06-02 20:30:00,8:30 PM,2025-06-02 12:30:00,null,null,null,null,2025-06-02,2025-06-02 19:15:00,7:15 PM,2025-06-02 11:15:00,False,KUL,AK,2025-06-02,DPS,"""AK 379  """,Landed,null,null,null,null,null,null,null,null,2025-06-02 15:41:20,DPS,2025-06-02T11:35:00,2025-06-02T08:17:00,AK,KUL,2025-06-02T11:30:00,null,"""378  ""","""  """,2025-06-02T10:35:00,2025-06-02T07:25:00,null,9M-VAG,2025-06-02 02:20:00,2025-06-02 11:15:00
AK643_2025-05-22_DAD_KUL,2,6,7,41-43,2,2025-06-01,2025-06-01 15:08:00,3:08 PM,2025-06-01 07:08:00,null,null,null,null,2025-06-01,2025-06-01 15:10:00,3:10 PM,2025-06-01 07:10:00,2025-06-01,2025-06-01 11:17:00,11:17 AM,2025-06-01 04:17:00,null,null,null,null,2025-06-01,2025-06-01 11:20:00,11:20 AM,2025-06-01 04:20:00,False,KUL,AK,2025-06-01,DAD,"""AK 643  """,Landed,null,null,null,null,null,null,null,null,2025-06-01 07:22:00,DAD,2025-06-01T03:51:00,2025-06-01T01:00:00,AK,KUL,2025-06-01T03:47:00,null,"""642  ""","""  """,2025-06-01T03:50:00,2025-06-01T01:00:00,null,9M-AJJ,2025-06-01 07:10:00,2025-06-01 04:20:00
AK330_2025-11-06_KUL_UPG,""" """,2,P15,"""U,V,W,X,Y""",2,2025-06-02,2025-06-02 10:15:00,10:15 AM,2025-06-02 02:15:00,null,null,null,null,2025-06-02,2025-06-02 10:20:00,10:20 AM,2025-06-02 02:20:00,2025-06-02,2025-06-02 06:58:00,6:58 AM,2025-06-01 22:58:00,null,null,null,null,2025-06-02,2025-06-02 07:00:00,7:00 AM,2025-06-01 23:00:00,False,UPG,AK,2025-06-01,KUL,"""AK 330  """,Landed,null,null,null,null,null,null,null,null,2025-06-02 02:21:16,"""   """,null,null,"""  ""","""   """,null,null,"""     ""","""  """,null,null,null,9M-RAW,2025-06-02 02:20:00,2025-06-01 23:00:00
AK6308_2025-07-18_KUL_LGK,""" """,2,J12,"""S,T""",2,2025-06-02,2025-06-02 11:15:00,11:15 AM,2025-06-02 03:15:00,null,null,null,null,2025-06-02,2025-06-02 11:30:00,11:30 AM,2025-06-02 03:30:00,2025-06-02,2025-06-02 10:15:00,10:15 AM,2025-06-02 02:15:00,null,null,null,null,2025-06-02,2025-06-02 10:25:00,10:25 AM,2025-06-02 02:25:00,False,LGK,AK,2025-06-02,KUL,"""AK 6308 """,Landed,null,null,null,null,null,null,null,null,2025-06-02 03:41:09,KUL,2025-06-01T23:02:00,2025-06-01T19:10:00,AK,TRZ,2025-06-01T23:14:00,2025-06-01T19:05:00,"""28   ""","""  """,2025-06-01T22:45:00,2025-06-01T18:45:00,null,9M-RAM,2025-06-02 03:30:00,2025-06-02 02:25:00
AK885_2025-02-28_DMK_KUL,2,,25,4,1,null,null,null,null,2025-06-01,2025-06-01 21:48:00,9:48 PM,2025-06-01 13:48:00,2025-06-01,2025-06-01 18:10:00,6:10 PM,2025-06-01 10:10:00,2025-06-01,2025-06-01 18:27:00,6:27 PM,2025-06-01 11:27:00,null,null,null,null,2025-06-01,2025-06-01 14:55:00,2:55 PM,2025-06-01 07:55:00,False,KUL,AK,2025-06-01,DMK,"""AK 885  """,Departed,null,null,null,null,null,null,null,null,2025-06-01 12:51:13,DMK,2025-06-01T10:50:00,2025-06-01T08:12:00,AK,KUL,2025-06-01T10:42:00,2025-06-01T08:00:00,"""884  ""","""  """,2025-06-01T07:25:00,2025-06-01T05:15:00,null,9M-AHX,2025-06-01 10:10:00,2025-06-01 07:55:00
AK857_2026-04-12_CNX_KUL,2,7,8,18-20,2,2025-06-02,2025-06-02 19:55:00,7:55 PM,2025-06-02 11:55:00,null,null,null,null,2025-06-02,2025-06-02 19:35:00,7:35 PM,2025-06-02 11:35:00,2025-06-02,2025-06-02 16:00:00,4:00 PM,2025-06-02 09:00:00,null,null,null,null,2025-06-02,2025-06-02 15:40:00,3:40 PM,2025-06-02 08:40:00,False,KUL,AK,2025-06-02,CNX,"""AK 857  """,Landed,null,null,null,null,null,null,null,null,2025-06-02 12:01:18,CNX,2025-06-02T08:25:00,2025-06-02T05:34:00,AK,KUL,2025-06-02T08:28:00,null,"""856  ""","""  """,2025-06-02T08:10:00,2025-06-02T05:30:00,null,9M-AJD,2025-06-02 11:35:00,2025-06-02 08:40:00
AK52_2025-11-28_BLR_KUL,2,,,,2,null,null,null,null,2025-06-02,2025-06-02 08:10:00,8:10 AM,2025-06-02 00:10:00,2025-06-02,2025-06-02 06:10:00,6:10 AM,2025-06-01 22:10:00,2025-06-02,2025-06-02 01:26:00,1:26 AM,2025-06-01 19:56:00,null,null,null,null,2025-06-01,2025-06-01 23:25:00,11:25 PM,2025-06-01 17:55:00,False,KUL,AK,2025-06-01,BLR,"""AK 52   """,Departed,null,null,null,null,null,null,null,null,2025-06-01 20:41:11,BLR,2025-06-01T19:09:00,2025-06-01T15:08:00,AK,KUL,2025-06-01T19:05:00,2025-06-01T14:45:00,"""53   ""","""  """,2025-06-01T17:15:00,2025-06-01T13:05:00,null,9M-AHV,2025-06-01 10:10:00,2025-06-01 17:55:00
AK5246_2026-01-09_KUL_BTU,""" """,,J17,"""S,T""",2,2025-06-02,2025-06-02 08:39:00,8:39 AM,2025-06-02 00:39:00,null,null,null,null,2025-06-02,2025-06-02 08:10:00,8:10 AM,2025-06-02 00:10:00,2025-06-02,2025-06-02 06:02:00,6:02 AM,2025-06-01 22:02:00,null,null,null,null,2025-06-02,2025-06-02 06:00:00,6:00 AM,2025-06-01 22:00:00,False,BTU,AK,2025-06-01,KUL,"""AK 5246 """,Landed,null,null,null,null,null,null,null,null,2025-06-02 00:51:13,"""   """,null,null,"""  ""","""   """,null,null,"""     ""","""  """,null,null,null,9M-RAW,2025-06-02 12:10:00,2025-06-01 22:00:00
AK643_2025-09-26_DAD_KUL,2,9,4,37-39,2,2025-06-02,2025-06-02 15:04:00,3:04 PM,2025-06-02 07:04:00,null,null,null,null,2025-06-02,2025-06-02 15:10:00,3:10 PM,2025-06-02 07:10:00,2025-06-02,2025-06-02 11:20:00,11:20 AM,2025-06-02 04:20:00,null,null,null,null,2025-06-02,2025-06-02 11:20:00,11:20 AM,2025-06-02 04:20:00,False,KUL,AK,2025-06-02,DAD,"""AK 643  """,Landed,null,null,null,null,null,null,null,null,2025-06-02 07:21:15,DAD,2025-06-02T03:25:00,2025-06-02T00:52:00,AK,KUL,2025-06-02T03:34:00,null,"""642  ""","""  """,2025-06-02T03:50:00,2025-06-02T01:00:00,null,9M-AGK,2025-06-02 07:10:00,2025-06-02 04:20:00
AK432_2026-02-06_PKU_KUL,2,5,,,""" """,2025-06-02,2025-06-02 09:39:00,9:39 AM,2025-06-02 01:39:00,null,null,null,null,2025-06-02,2025-06-02 09:55:00,9:55 AM,2025-06-02 01:55:00,2025-06-02,2025-06-02 07:51:00,7:51 AM,2025-06-02 00:51:00,null,null,null,null,2025-06-02,2025-06-02 08:00:00,8:00 AM,2025-06-02 01:00:00,False,KUL,AK,2025-06-02,PKU,"""AK 432  """,Landed,null,null,null,null,null,null,null,null,2025-06-02 03:51:13,PKU,2025-06-02T00:24:00,2025-06-01T23:35:00,AK,KUL,2025-06-02T00:28:00,null,"""433  ""","""  """,2025-06-02T00:35:00,2025-06-01T23:40:00,null,9M-AJT,2025-06-02 01:55:00,2025-06-02 01:00:00
AK6093_2024-11-08,,,,1-7,,2025-06-01,2025-06-01 19:16:00,7:16 PM,2025-06-01 11:16:00,null,null,null,null,2025-06-01,2025-06-01 18:50:00,6:50 PM,2025-06-01 10:50:00,2025-06-01,2025-06-01 18:03:00,6:03 PM,2025-06-01 10:03:00,null,null,null,null,2025-06-01,2025-06-01 17:35:00,5:35 PM,2025-06-01 09:35:00,False,BKI,AK,2025-06-01,SBW,"""AK 6093 """,Landed,null,null,null,null,null,null,null,null,2025-06-01 11:41:16,SBW,2025-06-01T09:35:00,2025-06-01T08:28:00,AK,BKI,2025-06-01T09:39:00,null,"""6092 ""","""  """,2025-06-01T09:10:00,2025-06-01T08:00:00,null,9M-RAN,2025-06-01 10:50:00,2025-06-01 09:35:00
AK6130_2025-10-24_KUL_PEN,""" """,F,J4,"""S,T""",2,2025-06-03,2025-06-03 20:10:00,8:10 PM,2025-06-03 12:10:00,null,null,null,null,2025-06-03,2025-06-03 19:15:00,7:15 PM,2025-06-03 11:15:00,2025-06-03,2025-06-03 19:10:00,7:10 PM,2025-06-03 11:10:00,null,null,null,null,2025-06-03,2025-06-03 18:15:00,6:15 PM,2025-06-03 10:15:00,False,PEN,AK,2025-06-03,KUL,"""AK 6130 """,Landed,null,null,null,null,null,null,null,null,2025-06-03 12:21:14,KUL,2025-06-03T10:35:00,2025-06-03T09:40:00,AK,PEN,2025-06-03T10:45:00,null,"""6131 ""","""  """,2025-06-03T09:45:00,2025-06-03T08:40:00,null,9M-AQQ,2025-06-03 11:15:00,2025-06-03 10:15:00
AK6036_2025-01-31_JHB_KUL,2,3,G1,17-24,""" """,2025-06-01,2025-06-01 10:40:00,10:40 AM,2025-06-01 02:40:00,null,null,null,null,2025-06-01,2025-06-01 10:45:00,10:45 AM,2025-06-01 02:45:00,2025-06-01,2025-06-01 09:57:00,9:57 AM,2025-06-01 01:57:00,null,null,null,null,2025-06-01,2025-06-01 09:55:00,9:55 AM,2025-06-01 01:55:00,False,KUL,AK,2025-06-01,JHB,"""AK 6036 """,Landed,null,null,null,null,null,null,null,null,2025-06-01 02:41:14,JHB,2025-06-01T01:24:00,2025-06-01T00:09:00,AK,KCH,2025-06-01T01:33:00,null,"""5423 ""","""  """,2025-06-01T01:30:00,2025-06-01T00:10:00,null,9M-AGT,2025-06-01 02:45:00,2025-06-01 01:55:00
AK713_2024-12-09,,2,L12,"""U,V,W,X,Y""",,2025-06-01,2025-06-01 14:02:00,2:02 PM,2025-06-01 06:02:00,null,null,null,null,2025-06-01,2025-06-01 14:15:00,2:15 PM,2025-06-01 06:15:00,2025-06-01,2025-06-01 12:54:00,12:54 PM,2025-06-01 04:54:00,null,null,null,null,2025-06-01,2025-06-01 13:00:00,1:00 PM,2025-06-01 05:00:00,False,SIN,AK,2025-06-01,KUL,"""AK 713  """,Landed,null,null,null,null,null,null,null,null,2025-06-01 06:31:13,KUL,2025-06-01T04:05:00,2025-06-01T03:13:00,AK,JHB,2025-06-01T04:16:00,null,"""6043 ""","""  """,2025-06-01T04:15:00,2025-06-01T03:25:00,null,9M-RAN,2025-06-01 06:15:00,2025-06-01 05:00:00
AK6115_2025-10-29_PEN_KUL,2,2,A1,24-36,""" """,2025-06-05,2025-06-05 06:47:00,6:47 AM,2025-06-04 22:47:00,null,null,null,null,2025-06-05,2025-06-05 07:00:00,7:00 AM,2025-06-04 23:00:00,2025-06-05,2025-06-05 05:46:00,5:46 AM,2025-06-04 21:46:00,null,null,null,null,2025-06-05,2025-06-05 06:00:00,6:00 AM,2025-06-04 22:00:00,False,KUL,AK,2025-06-04,PEN,"""AK 6115 """,Landed,null,null,null,null,null,null,null,null,2025-06-04 23:01:45,"""   """,null,null,"""  ""","""   """,null,null,"""     ""","""  """,null,null,null,9M-AQI,2025-06-04 11:00:00,2025-06-04 22:00:00
AK128_2025-11-11_KUL_SZX,3,18,P11,"""U,V,W,X,Y""",2,2025-06-02,2025-06-02 02:27:00,2:27 AM,2025-06-01 18:27:00,null,null,null,null,2025-06-02,2025-06-02 02:10:00,2:10 AM,2025-06-01 18:10:00,2025-06-01,2025-06-01 22:17:00,10:17 PM,2025-06-01 14:17:00,null,null,null,null,2025-06-01,2025-06-01 22:00:00,10:00 PM,2025-06-01 14:00:00,False,SZX,AK,2025-06-01,KUL,"""AK 128  """,Landed,null,null,null,null,null,null,null,null,2025-06-01 19:51:16,KUL,2025-06-01T09:16:00,2025-06-01T06:27:00,AK,TWU,2025-06-01T09:14:00,2025-06-01T06:29:00,"""5741 ""","""  """,2025-06-01T08:35:00,2025-06-01T05:50:00,null,9M-VAE,2025-06-01 06:10:00,2025-06-01 14:00:00
AK5202_2026-03-16_KUL_KCH,""" """,C,J13,"""S,T""",2,2025-06-02,2025-06-02 08:58:00,8:58 AM,2025-06-02 00:58:00,null,null,null,null,2025-06-02,2025-06-02 09:05:00,9:05 AM,2025-06-02 01:05:00,2025-06-02,2025-06-02 07:11:00,7:11 AM,2025-06-01 23:11:00,null,null,null,null,2025-06-02,2025-06-02 07:15:00,7:15 AM,2025-06-01 23:15:00,False,KCH,AK,2025-06-01,KUL,"""AK 5202 """,Landed,null,null,null,null,null,null,null,null,2025-06-02 01:11:13,"""   """,null,null,"""  ""","""   """,null,null,"""     ""","""  """,null,null,null,9M-RAM,2025-06-02 01:05:00,2025-06-01 23:15:00
AK5433_2025-04-02_KCH_PEN,""" """,,,,""" """,2025-06-01,2025-06-01 13:23:00,1:23 PM,2025-06-01 05:23:00,null,null,null,null,2025-06-01,2025-06-01 13:30:00,1:30 PM,2025-06-01 05:30:00,2025-06-01,2025-06-01 11:27:00,11:27 AM,2025-06-01 03:27:00,null,null,null,null,2025-06-01,2025-06-01 11:30:00,11:30 AM,2025-06-01 03:30:00,False,PEN,AK,2025-06-01,KCH,"""AK 5433 """,Landed,null,null,null,null,null,null,null,null,2025-06-01 05:31:24,KCH,2025-06-01T02:50:00,2025-06-01T01:11:00,AK,KUL,2025-06-01T02:59:00,null,"""5204 ""","""  """,2025-06-01T03:05:00,2025-06-01T01:15:00,null,9M-AQP,2025-06-01 05:30:00,2025-06-01 03:30:00
AK37_2025-07-01_KUL_COK,3,,Q3,"""U,V,W,X,Y""",2,2025-06-02,2025-06-02 23:57:00,11:57 PM,2025-06-02 18:27:00,null,null,null,null,2025-06-02,2025-06-02 23:55:00,11:55 PM,2025-06-02 18:25:00,2025-06-02,2025-06-02 22:42:00,10:42 PM,2025-06-02 14:42:00,null,null,null,null,2025-06-02,2025-06-02 22:25:00,10:25 PM,2025-06-02 14:25:00,False,COK,AK,2025-06-02,KUL,"""AK 37   """,Landed,null,null,null,null,null,null,null,null,2025-06-02 18:41:09,KUL,2025-06-02T13:41:00,2025-06-02T12:41:00,AK,KNO,2025-06-02T13:42:00,null,"""394  ""","""  """,2025-06-02T13:45:00,2025-06-02T12:40:00,null,9M-AFD,2025-06-02 06:25:00,2025-06-02 14:25:00
AK710_2025-11-03_SIN_KUL,2,5,G12,"""4,5""",4,2025-06-02,2025-06-02 15:10:00,3:10 PM,2025-06-02 07:10:00,null,null,null,null,2025-06-02,2025-06-02 15:20:00,3:20 PM,2025-06-02 07:20:00,2025-06-02,2025-06-02 14:11:00,2:11 PM,2025-06-02 06:11:00,null,null,null,null,2025-06-02,2025-06-02 14:10:00,2:10 PM,2025-06-02 06:10:00,False,KUL,AK,2025-06-02,SIN,"""AK 710  """,Landed,null,null,null,null,null,null,null,null,2025-06-02 08:02:04,MYY,null,2025-06-02T07:51:00,AK,KUL,2025-06-02T10:05:00,2025-06-02T07:50:00,"""5644 ""","""  """,2025-06-02T07:50:00,2025-06-02T05:30:00,null,9M-AGB,2025-06-02 07:20:00,2025-06-02 06:10:00
AK857_2025-10-12_CNX_KUL,2,6,8,4-6,2,2025-06-01,2025-06-01 23:39:00,11:39 PM,2025-06-01 15:39:00,null,null,null,null,2025-06-01,2025-06-01 21:15:00,9:15 PM,2025-06-01 13:15:00,2025-06-01,2025-06-01 19:46:00,7:46 PM,2025-06-01 12:46:00,null,null,null,null,2025-06-01,2025-06-01 17:20:00,5:20 PM,2025-06-01 10:20:00,False,KUL,AK,2025-06-01,CNX,"""AK 857  """,Landed,null,null,null,null,null,null,null,null,2025-06-01 16:01:46,CNX,2025-06-01T12:10:00,2025-06-01T09:26:00,AK,KUL,2025-06-01T12:10:00,2025-06-01T09:25:00,"""856  ""","""  """,2025-06-01T09:50:00,2025-06-01T07:05:00,null,9M-RAH,2025-06-01 01:15:00,2025-06-01 10:20:00
AK73_2025-01-12_MLE_KUL,2,7,,,""" """,2025-06-02,2025-06-02 04:44:00,4:44 AM,2025-06-01 20:44:00,null,null,null,null,2025-06-02,2025-06-02 04:50:00,4:50 AM,2025-06-01 20:50:00,2025-06-01,2025-06-01 21:13:00,9:13 PM,2025-06-01 16:13:00,null,null,null,null,2025-06-01,2025-06-01 21:15:00,9:15 PM,2025-06-01 16:15:00,False,KUL,AK,2025-06-01,MLE,"""AK 73   """,Landed,null,null,null,null,null,null,null,null,2025-06-01 20:51:12,MLE,2025-06-01T15:35:00,2025-06-01T11:22:00,AK,KUL,2025-06-01T15:39:00,null,"""72   ""","""  """,2025-06-01T15:10:00,2025-06-01T10:50:00,null,9M-AHX,2025-06-01 08:50:00,2025-06-01 16:15:00
AK187_2025-03-06_MFM_KUL,2,7,6,D12-D14,""" """,2025-06-02,2025-06-02 01:34:00,1:34 AM,2025-06-01 17:34:00,null,null,null,null,2025-06-02,2025-06-02 01:50:00,1:50 AM,2025-06-01 17:50:00,2025-06-01,2025-06-01 21:46:00,9:46 PM,2025-06-01 13:46:00,null,null,null,null,2025-06-01,2025-06-01 21:50:00,9:50 PM,2025-06-01 13:50:00,False,KUL,AK,2025-06-01,MFM,"""AK 187  """,Landed,null,null,null,null,null,null,null,null,2025-06-01 17:51:23,MFM,2025-06-01T13:09:00,2025-06-01T09:23:00,AK,KUL,2025-06-01T13:18:00,null,"""186  ""","""  """,2025-06-01T13:15:00,2025-06-01T09:25:00,null,9M-AGB,2025-06-01 05:50:00,2025-06-01 13:50:00
AK5749_2025-02-22_TWU_KUL,2,3,,6-9,""" """,2025-06-01,2025-06-01 20:00:00,8:00 PM,2025-06-01 12:00:00,null,null,null,null,2025-06-01,2025-06-01 20:00:00,8:00 PM,2025-06-01 12:00:00,2025-06-01,2025-06-01 17:13:00,5:13 PM,2025-06-01 09:13:00,null,null,null,null,2025-06-01,2025-06-01 17:15:00,5:15 PM,2025-06-01 09:15:00,False,KUL,AK,2025-06-01,TWU,"""AK 5749 """,Landed,null,null,null,null,null,null,null,null,2025-06-01 12:51:14,TWU,2025-06-01T08:30:00,2025-06-01T05:38:00,AK,KUL,2025-06-01T08:34:00,null,"""5748 ""","""  """,2025-06-01T08:40:00,2025-06-01T05:45:00,null,9M-VAB,2025-06-01 12:00:00,2025-06-01 09:15:00
AK5868_2025-07-23_KUL_SBW,""" """,,K12,"""S,T""",2,2025-06-01,2025-06-01 20:58:00,8:58 PM,2025-06-01 12:58:00,null,null,null,null,2025-06-01,2025-06-01 20:20:00,8:20 PM,2025-06-01 12:20:00,2025-06-01,2025-06-01 19:05:00,7:05 PM,2025-06-01 11:05:00,null,null,null,null,2025-06-01,2025-06-01 18:20:00,6:20 PM,2025-06-01 10:20:00,False,SBW,AK,2025-06-01,KUL,"""AK 5868 """,Landed,null,null,null,null,null,null,null,null,2025-06-01 13:21:08,KUL,2025-06-01T10:15:00,2025-06-01T08:03:00,AK,CGK,2025-06-01T10:20:00,null,"""385  ""","""  """,2025-06-01T09:50:00,2025-06-01T07:35:00,null,9M-RAM,2025-06-01 12:20:00,2025-06-01 10:20:00
AK5133_2025-08-17_KUL_BKI,1,D,J5,"""S,T""",2,2025-06-01,2025-06-01 20:51:00,8:51 PM,2025-06-01 12:51:00,null,null,null,null,2025-06-01,2025-06-01 19:55:00,7:55 PM,2025-06-01 11:55:00,2025-06-01,2025-06-01 18:04:00,6:04 PM,2025-06-01 10:04:00,null,null,null,null,2025-06-01,2025-06-01 17:20:00,5:20 PM,2025-06-01 09:20:00,False,BKI,AK,2025-06-01,KUL,"""AK 5133 """,Landed,null,null,null,null,null,null,null,null,2025-06-01 14:51:17,KUL,2025-06-01T09:19:00,2025-06-01T08:09:00,AK,LGK,2025-06-01T09:18:00,2025-06-01T08:07:00,"""6332 ""","""  """,2025-06-01T08:50:00,2025-06-01T07:45:00,null,9M-AQI,2025-06-01 11:55:00,2025-06-01 09:20:00
AK131_2025-01-26_HKG_KUL,2,7,215,L6-L12,1,2025-06-02,2025-06-02 02:22:00,2:22 AM,2025-06-01 18:22:00,null,null,null,null,2025-06-02,2025-06-02 01:20:00,1:20 AM,2025-06-01 17:20:00,2025-06-01,2025-06-01 22:28:00,10:28 PM,2025-06-01 14:28:00,null,null,null,null,2025-06-01,2025-06-01 21:20:00,9:20 PM,2025-06-01 13:20:00,False,KUL,AK,2025-06-01,HKG,"""AK 131  """,Landed,null,null,null,null,null,null,null,null,2025-06-01 18:31:14,HKG,2025-06-01T13:28:00,2025-06-01T09:14:00,AK,KUL,2025-06-01T13:22:00,2025-06-01T09:05:00,"""130  ""","""  """,2025-06-01T12:30:00,2025-06-01T08:30:00,null,9M-AGC,2025-06-01 05:20:00,2025-06-01 13:20:00
AK545_2026-02-01_KUL_PQC,""" """,3,L4,"""U,V,W,X,Y""",2,2025-06-03,2025-06-03 13:42:00,1:42 PM,2025-06-03 06:42:00,null,null,null,null,2025-06-03,2025-06-03 13:35:00,1:35 PM,2025-06-03 06:35:00,2025-06-03,2025-06-03 13:00:00,1:00 PM,2025-06-03 05:00:00,null,null,null,null,2025-06-03,2025-06-03 12:50:00,12:50 PM,2025-06-03 04:50:00,False,PQC,AK,2025-06-03,KUL,"""AK 545  """,Landed,null,null,null,null,null,null,null,null,2025-06-03 08:51:29,KUL,2025-06-03T04:22:00,2025-06-03T03:21:00,AK,PEN,2025-06-03T04:28:00,null,"""6119 ""","""  """,2025-06-03T03:55:00,2025-06-03T02:55:00,null,9M-AQD,2025-06-03 06:35:00,2025-06-03 04:50:00
AK5234_2025-11-14_KUL_KCH,""" """,C,J1,"""S,T""",2,2025-06-02,2025-06-02 01:12:00,1:12 AM,2025-06-01 17:12:00,null,null,null,null,2025-06-01,2025-06-01 22:35:00,10:35 PM,2025-06-01 14:35:00,2025-06-01,2025-06-01 23:22:00,11:22 PM,2025-06-01 15:22:00,null,null,null,null,2025-06-01,2025-06-01 20:45:00,8:45 PM,2025-06-01 12:45:00,False,KCH,AK,2025-06-01,KUL,"""AK 5234 """,Landed,null,null,null,null,null,null,null,null,2025-06-01 17:51:21,KUL,2025-06-01T14:49:00,2025-06-01T13:26:00,AK,AOR,2025-06-01T14:47:00,2025-06-01T13:30:00,"""6015 ""","""  """,2025-06-01T12:15:00,2025-06-01T11:10:00,null,9M-RAH,2025-06-01 02:35:00,2025-06-01 12:45:00
AK136_2024-12-01,,6,Q11,"""U,V,W,X,Y""",,2025-06-01,2025-06-01 18:10:00,6:10 PM,2025-06-01 10:10:00,null,null,null,null,2025-06-01,2025-06-01 17:30:00,5:30 PM,2025-06-01 09:30:00,2025-06-01,2025-06-01 13:45:00,1:45 PM,2025-06-01 05:45:00,null,null,null,null,2025-06-01,2025-06-01 13:30:00,1:30 PM,2025-06-01 05:30:00,False,HKG,AK,2025-06-01,KUL,"""AK 136  """,Landed,null,null,null,null,null,null,null,null,2025-06-01 10:21:12,KUL,2025-06-01T05:05:00,2025-06-01T02:17:00,AK,CNX,2025-06-01T05:17:00,null,"""855  ""","""  """,2025-06-01T05:05:00,2025-06-01T02:10:00,null,9M-AJE,2025-06-01 09:30:00,2025-06-01 05:30:00
AK5220_2026-01-13_KUL_KCH,""" """,C,J5,"""S,T""",2,2025-06-01,2025-06-01 20:36:00,8:36 PM,2025-06-01 12:36:00,null,null,null,null,2025-06-01,2025-06-01 20:35:00,8:35 PM,2025-06-01 12:35:00,2025-06-01,2025-06-01 18:43:00,6:43 PM,2025-06-01 10:43:00,null,null,null,null,2025-06-01,2025-06-01 18:45:00,6:45 PM,2025-06-01 10:45:00,False,KCH,AK,2025-06-01,KUL,"""AK 5220 """,Landed,null,null,null,null,null,null,null,null,2025-06-01 13:51:09,KUL,2025-06-01T10:11:00,2025-06-01T08:25:00,AK,KCH,2025-06-01T10:10:00,null,"""5221 ""","""  """,2025-06-01T10:10:00,2025-06-01T08:25:00,null,9M-AJA,2025-06-01 12:35:00,2025-06-01 10:45:00
AK6129_2025-03-08_PEN_KUL,2,1,A1A,24-36,""" """,null,null,null,null,null,null,null,null,2025-06-01,2025-06-01 21:05:00,9:05 PM,2025-06-01 13:05:00,null,null,null,null,null,null,null,null,2025-06-01,2025-06-01 20:00:00,8:00 PM,2025-06-01 12:00:00,False,KUL,AK,2025-06-01,PEN,"""AK 6129 """,Landed,null,null,null,null,null,null,null,null,2025-06-01 17:51:22,PEN,null,null,AK,SIN,null,null,"""1724 ""","""  """,2025-06-01T11:35:00,2025-06-01T10:20:00,null,9M-AQP,2025-06-01 01:05:00,2025-06-01 12:00:00
AK892_2025-10-23_KUL_DMK,1,1,P9,"""U,V,W,X,Y""",2,2025-06-03,2025-06-03 18:22:00,6:22 PM,2025-06-03 11:22:00,null,null,null,null,2025-06-03,2025-06-03 18:10:00,6:10 PM,2025-06-03 11:10:00,2025-06-03,2025-06-03 16:57:00,4:57 PM,2025-06-03 08:57:00,null,null,null,null,2025-06-03,2025-06-03 16:50:00,4:50 PM,2025-06-03 08:50:00,False,DMK,AK,2025-06-03,KUL,"""AK 892  """,Landed,null,null,null,null,null,null,null,null,2025-06-03 11:31:09,KUL,2025-06-03T08:15:00,2025-06-03T06:32:00,AK,HKT,2025-06-03T08:13:00,null,"""825  ""","""  """,2025-06-03T08:10:00,2025-06-03T06:35:00,null,9M-RCB,2025-06-03 11:10:00,2025-06-03 08:50:00
AK5651_2025-06-26_KUL_MYY,""" """,,J6,"""S,T""",2,2025-06-02,2025-06-02 08:53:00,8:53 AM,2025-06-02 00:53:00,null,null,null,null,2025-06-02,2025-06-02 08:55:00,8:55 AM,2025-06-02 00:55:00,2025-06-02,2025-06-02 06:29:00,6:29 AM,2025-06-01 22:29:00,null,null,null,null,2025-06-02,2025-06-02 06:30:00,6:30 AM,2025-06-01 22:30:00,False,MYY,AK,2025-06-01,KUL,"""AK 5651 """,Landed,null,null,null,null,null,null,null,null,2025-06-02 01:11:11,"""   """,null,null,"""  ""","""   """,null,null,"""     ""","""  """,null,null,null,9M-AFF,2025-06-02 12:55:00,2025-06-01 22:30:00
AK380_2026-04-06_KUL_CGK,2,,L20,"""U,V,W,X,Y""",2,2025-06-05,2025-06-05 07:51:00,7:51 AM,2025-06-05 00:51:00,null,null,null,null,2025-06-05,2025-06-05 08:05:00,8:05 AM,2025-06-05 01:05:00,2025-06-05,2025-06-05 06:59:00,6:59 AM,2025-06-04 22:59:00,null,null,null,null,2025-06-05,2025-06-05 07:00:00,7:00 AM,2025-06-04 23:00:00,False,CGK,AK,2025-06-04,KUL,"""AK 380  """,Landed,null,null,null,null,null,null,null,null,2025-06-05 02:51:09,"""   """,null,null,"""  ""","""   """,null,null,"""     ""","""  """,null,null,null,9M-AGZ,2025-06-05 01:05:00,2025-06-04 23:00:00
AK354_2026-03-19_CGK_KUL,2,10,F2,91-98,2,2025-06-03,2025-06-03 00:37:00,12:37 AM,2025-06-02 16:37:00,null,null,null,null,2025-06-03,2025-06-03 00:25:00,12:25 AM,2025-06-02 16:25:00,2025-06-02,2025-06-02 21:39:00,9:39 PM,2025-06-02 14:39:00,null,null,null,null,2025-06-02,2025-06-02 21:15:00,9:15 PM,2025-06-02 14:15:00,False,KUL,AK,2025-06-02,CGK,"""AK 354  """,Landed,null,null,null,null,null,null,null,null,2025-06-02 16:41:12,CGK,2025-06-02T14:03:00,2025-06-02T11:40:00,AK,KUL,2025-06-02T14:02:00,null,"""353  ""","""  """,2025-06-02T13:45:00,2025-06-02T11:25:00,null,9M-AQA,2025-06-02 04:25:00,2025-06-02 14:15:00
AK6352_2025-11-14_KCH_BKI,1,D,2,,""" """,2025-06-02,2025-06-02 15:15:00,3:15 PM,2025-06-02 07:15:00,null,null,null,null,2025-06-02,2025-06-02 14:40:00,2:40 PM,2025-06-02 06:40:00,2025-06-02,2025-06-02 13:47:00,1:47 PM,2025-06-02 05:47:00,null,null,null,null,2025-06-02,2025-06-02 13:10:00,1:10 PM,2025-06-02 05:10:00,False,BKI,AK,2025-06-02,KCH,"""AK 6352 """,Landed,null,null,null,null,null,null,null,null,2025-06-02 08:31:19,KUL,2025-06-02T03:09:00,2025-06-02T02:36:00,AK,KUL,2025-06-02T04:23:00,null,"""5232 ""","""A """,2025-06-02T04:40:00,2025-06-02T02:50:00,null,9M-AGU,2025-06-02 06:40:00,2025-06-02 05:10:00
AK6474_2026-01-12_KCH_SBW,""" """,,5,,""" """,2025-06-01,2025-06-01 15:15:00,3:15 PM,2025-06-01 07:15:00,null,null,null,null,2025-06-01,2025-06-01 14:55:00,2:55 PM,2025-06-01 06:55:00,2025-06-01,2025-06-01 14:37:00,2:37 PM,2025-06-01 06:37:00,null,null,null,null,2025-06-01,2025-06-01 14:20:00,2:20 PM,2025-06-01 06:20:00,False,SBW,AK,2025-06-01,KCH,"""AK 6474 """,Landed,null,null,null,null,null,null,null,null,2025-06-01 07:21:16,KCH,2025-06-01T06:13:00,2025-06-01T05:17:00,AK,MYY,2025-06-01T06:15:00,2025-06-01T05:21:00,"""6193 ""","""  """,2025-06-01T05:55:00,2025-06-01T04:55:00,null,9M-AJA,2025-06-01 06:55:00,2025-06-01 06:20:00
AK68_2026-02-02_HYD_KUL,2,6,31A,,""" """,2025-06-02,2025-06-02 06:34:00,6:34 AM,2025-06-01 22:34:00,null,null,null,null,2025-06-02,2025-06-02 06:45:00,6:45 AM,2025-06-01 22:45:00,2025-06-01,2025-06-01 23:55:00,11:55 PM,2025-06-01 18:25:00,null,null,null,null,2025-06-01,2025-06-01 23:55:00,11:55 PM,2025-06-01 18:25:00,False,KUL,AK,2025-06-01,HYD,"""AK 68   """,Landed,null,null,null,null,null,null,null,null,2025-06-01 22:51:14,HYD,2025-06-01T17:46:00,2025-06-01T13:21:00,AK,KUL,2025-06-01T17:51:00,null,"""69   ""","""  """,2025-06-01T17:45:00,2025-06-01T13:25:00,null,9M-RAM,2025-06-01 10:45:00,2025-06-01 18:25:00
AK6075_2025-05-02_BKI_MYY,""" """,,A10,D01-D16,1,2025-06-01,2025-06-01 20:47:00,8:47 PM,2025-06-01 12:47:00,null,null,null,null,2025-06-01,2025-06-01 21:00:00,9:00 PM,2025-06-01 13:00:00,2025-06-01,2025-06-01 19:57:00,7:57 PM,2025-06-01 11:57:00,null,null,null,null,2025-06-01,2025-06-01 20:10:00,8:10 PM,2025-06-01 12:10:00,False,MYY,AK,2025-06-01,BKI,"""AK 6075 """,Landed,null,null,null,null,null,null,null,null,2025-06-01 12:51:12,BKI,2025-06-01T11:23:00,2025-06-01T09:01:00,AK,JHB,2025-06-01T11:23:00,null,"""5306 ""","""  """,2025-06-01T11:35:00,2025-06-01T09:15:00,null,9M-RAD,2025-06-01 01:00:00,2025-06-01 12:10:00
AK6041_2025-12-09_JHB_KUL,2,,,,""" """,null,null,null,null,2025-06-01,2025-06-01 14:09:00,2:09 PM,2025-06-01 06:09:00,2025-06-01,2025-06-01 14:00:00,2:00 PM,2025-06-01 06:00:00,null,null,null,null,null,null,null,null,2025-06-01,2025-06-01 13:10:00,1:10 PM,2025-06-01 05:10:00,False,KUL,AK,2025-06-01,JHB,"""AK 6041 """,On Time,null,null,null,null,null,null,null,null,2025-05-31 19:01:17,JHB,null,null,AK,KUL,2025-06-01T04:40:00,null,"""6040 ""","""  """,2025-06-01T04:45:00,2025-06-01T03:50:00,null,9M-AGT,2025-06-01 06:00:00,2025-06-01 05:10:00
AK5324_2025-05-05_PEN_BKI,""" """,D,B3,24-36,""" """,2025-06-01,2025-06-01 20:31:00,8:31 PM,2025-06-01 12:31:00,null,null,null,null,2025-06-01,2025-06-01 20:35:00,8:35 PM,2025-06-01 12:35:00,2025-06-01,2025-06-01 17:52:00,5:52 PM,2025-06-01 09:52:00,null,null,null,null,2025-06-01,2025-06-01 17:45:00,5:45 PM,2025-06-01 09:45:00,False,BKI,AK,2025-06-01,PEN,"""AK 5324 """,Landed,null,null,null,null,null,null,null,null,2025-06-01 12:41:13,PEN,2025-06-01T09:24:00,2025-06-01T06:40:00,AK,BKI,2025-06-01T09:29:00,null,"""5325 ""","""  """,2025-06-01T09:20:00,2025-06-01T06:40:00,null,9M-AGK,2025-06-01 12:35:00,2025-06-01 09:45:00
AK584_2026-03-22_KUL_MNL,3,,L20,"""U,V,W,X,Y""",2,2025-06-04,2025-06-04 00:24:00,12:24 AM,2025-06-03 16:24:00,null,null,null,null,2025-06-04,2025-06-04 00:35:00,12:35 AM,2025-06-03 16:35:00,2025-06-03,2025-06-03 20:31:00,8:31 PM,2025-06-03 12:31:00,null,null,null,null,2025-06-03,2025-06-03 20:25:00,8:25 PM,2025-06-03 12:25:00,False,MNL,AK,2025-06-03,KUL,"""AK 584  """,Landed,null,null,null,null,null,null,null,null,2025-06-03 17:01:13,KUL,2025-06-03T11:18:00,2025-06-03T10:05:00,AK,KBR,2025-06-03T11:12:00,null,"""6441 ""","""  """,2025-06-03T11:10:00,2025-06-03T10:05:00,null,9M-AGG,2025-06-03 04:35:00,2025-06-03 12:25:00
AK387_2025-01-14_CGK_KUL,2,4,F3,89-93,""" """,2025-06-01,2025-06-01 23:06:00,11:06 PM,2025-06-01 15:06:00,null,null,null,null,2025-06-01,2025-06-01 22:30:00,10:30 PM,2025-06-01 14:30:00,2025-06-01,2025-06-01 20:10:00,8:10 PM,2025-06-01 13:10:00,null,null,null,null,2025-06-01,2025-06-01 19:25:00,7:25 PM,2025-06-01 12:25:00,False,KUL,AK,2025-06-01,CGK,"""AK 387  """,Landed,null,null,null,null,null,null,null,null,2025-06-01 16:01:16,CGK,2025-06-01T12:40:00,2025-06-01T10:05:00,AK,KUL,2025-06-01T12:35:00,2025-06-01T09:20:00,"""386  ""","""  """,2025-06-01T11:20:00,2025-06-01T09:10:00,null,9M-AHZ,2025-06-01 02:30:00,2025-06-01 12:25:00
AK1623_2024-10-29,,7,B2,D,,2025-06-02,2025-06-02 00:04:00,12:04 AM,2025-06-01 15:04:00,null,null,null,null,2025-06-02,2025-06-02 00:05:00,12:05 AM,2025-06-01 15:05:00,2025-06-01,2025-06-01 17:56:00,5:56 PM,2025-06-01 09:56:00,null,null,null,null,2025-06-01,2025-06-01 18:05:00,6:05 PM,2025-06-01 10:05:00,False,ICN,AK,2025-06-01,BKI,"""AK 1623 """,Landed,null,null,null,null,null,null,null,null,2025-06-01 15:11:14,BKI,2025-06-01T08:16:00,2025-06-01T07:20:00,AK,TWU,2025-06-01T08:17:00,null,"""6273 ""","""  """,2025-06-01T08:10:00,2025-06-01T07:20:00,null,9M-RAB,2025-06-01 03:05:00,2025-06-01 10:05:00
AK1583_2025-10-31_PEN_KNO,""" """,,,24-36,""" """,2025-06-01,2025-06-01 15:39:00,3:39 PM,2025-06-01 08:39:00,null,null,null,null,2025-06-01,2025-06-01 15:20:00,3:20 PM,2025-06-01 08:20:00,2025-06-01,2025-06-01 15:46:00,3:46 PM,2025-06-01 07:46:00,null,null,null,null,2025-06-01,2025-06-01 15:30:00,3:30 PM,2025-06-01 07:30:00,False,KNO,AK,2025-06-01,PEN,"""AK 1583 """,Landed,null,null,null,null,null,null,null,null,2025-06-01 08:51:10,PEN,2025-06-01T07:15:00,2025-06-01T05:58:00,AK,SIN,2025-06-01T07:15:00,2025-06-01T05:50:00,"""1722 ""","""  """,2025-06-01T07:05:00,2025-06-01T05:45:00,null,9M-AJK,2025-06-01 08:20:00,2025-06-01 07:30:00
AK6034_2025-06-27_KUL_JHB,""" """,,J1,"""S,T""",2,2025-06-01,2025-06-01 17:45:00,5:45 PM,2025-06-01 09:45:00,null,null,null,null,2025-06-01,2025-06-01 18:05:00,6:05 PM,2025-06-01 10:05:00,2025-06-01,2025-06-01 17:02:00,5:02 PM,2025-06-01 09:02:00,null,null,null,null,2025-06-01,2025-06-01 17:10:00,5:10 PM,2025-06-01 09:10:00,False,JHB,AK,2025-06-01,KUL,"""AK 6034 """,Landed,null,null,null,null,null,null,null,null,2025-06-01 10:01:22,KUL,2025-06-01T08:27:00,2025-06-01T07:25:00,AK,JHB,2025-06-01T08:23:00,null,"""6035 ""","""  """,2025-06-01T08:40:00,2025-06-01T07:40:00,null,9M-AGT,2025-06-01 10:05:00,2025-06-01 09:10:00
AK897_2025-10-30_DMK_KUL,2,8,2,4,1,2025-06-03,2025-06-03 01:38:00,1:38 AM,2025-06-02 17:38:00,null,null,null,null,2025-06-03,2025-06-03 00:40:00,12:40 AM,2025-06-02 16:40:00,2025-06-02,2025-06-02 22:31:00,10:31 PM,2025-06-02 15:31:00,null,null,null,null,2025-06-02,2025-06-02 21:25:00,9:25 PM,2025-06-02 14:25:00,False,KUL,AK,2025-06-02,DMK,"""AK 897  """,Landed,null,null,null,null,null,null,null,null,2025-06-02 17:41:12,DMK,2025-06-02T14:49:00,2025-06-02T12:38:00,AK,KUL,2025-06-02T14:52:00,2025-06-02T12:35:00,"""896  ""","""  """,2025-06-02T13:45:00,2025-06-02T11:30:00,null,9M-AQP,2025-06-02 04:40:00,2025-06-02 14:25:00
AK5117_2026-01-01_BKI_KUL,2,2,A8,D01-D16,1,2025-06-01,2025-06-01 20:22:00,8:22 PM,2025-06-01 12:22:00,null,null,null,null,2025-06-01,2025-06-01 20:10:00,8:10 PM,2025-06-01 12:10:00,2025-06-01,2025-06-01 17:43:00,5:43 PM,2025-06-01 09:43:00,null,null,null,null,2025-06-01,2025-06-01 17:35:00,5:35 PM,2025-06-01 09:35:00,False,KUL,AK,2025-06-01,BKI,"""AK 5117 """,Landed,null,null,null,null,null,null,null,null,2025-06-01 13:01:26,BKI,2025-06-01T09:05:00,2025-06-01T06:26:00,AK,KUL,2025-06-01T09:05:00,null,"""5116 ""","""  """,2025-06-01T09:05:00,2025-06-01T06:25:00,null,9M-AJJ,2025-06-01 12:10:00,2025-06-01 09:35:00
AK397_2025-04-24_KUL_KNO,""" """,,L12,"""U,V,W,X,Y""",2,2025-06-01,2025-06-01 13:36:00,1:36 PM,2025-06-01 06:36:00,null,null,null,null,2025-06-01,2025-06-01 13:45:00,1:45 PM,2025-06-01 06:45:00,2025-06-01,2025-06-01 13:33:00,1:33 PM,2025-06-01 05:33:00,null,null,null,null,2025-06-01,2025-06-01 13:40:00,1:40 PM,2025-06-01 05:40:00,False,KNO,AK,2025-06-01,KUL,"""AK 397  """,Landed,null,null,null,null,null,null,null,null,2025-06-01 06:41:15,KUL,2025-06-01T04:55:00,2025-06-01T02:36:00,AK,MYY,2025-06-01T04:49:00,null,"""5654 ""","""  """,2025-06-01T05:15:00,2025-06-01T02:50:00,null,9M-AJD,2025-06-01 06:45:00,2025-06-01 05:40:00
AK6072_2025-03-09_MYY_BKI,1,,,12-15,""" """,2025-06-02,2025-06-02 09:49:00,9:49 AM,2025-06-02 01:49:00,null,null,null,null,2025-06-02,2025-06-02 09:45:00,9:45 AM,2025-06-02 01:45:00,2025-06-02,2025-06-02 08:49:00,8:49 AM,2025-06-02 00:49:00,null,null,null,null,2025-06-02,2025-06-02 08:55:00,8:55 AM,2025-06-02 00:55:00,False,BKI,AK,2025-06-02,MYY,"""AK 6072 """,Landed,null,null,null,null,null,null,null,null,2025-06-02 02:31:18,MYY,2025-06-02T00:09:00,2025-06-01T23:18:00,AK,BKI,2025-06-02T00:12:00,null,"""6071 ""","""  """,2025-06-02T00:25:00,2025-06-01T23:35:00,null,9M-RAA,2025-06-02 01:45:00,2025-06-02 00:55:00
AK6186_2025-05-23_KCH_MYY,""" """,,2,,""" """,2025-06-02,2025-06-02 13:24:00,1:24 PM,2025-06-02 05:24:00,null,null,null,null,2025-06-02,2025-06-02 13:35:00,1:35 PM,2025-06-02 05:35:00,2025-06-02,2025-06-02 12:26:00,12:26 PM,2025-06-02 04:26:00,null,null,null,null,2025-06-02,2025-06-02 12:30:00,12:30 PM,2025-06-02 04:30:00,False,MYY,AK,2025-06-02,KCH,"""AK 6186 """,Landed,null,null,null,null,null,null,null,null,2025-06-02 05:51:11,KCH,2025-06-02T03:54:00,2025-06-02T03:06:00,AK,BTU,2025-06-02T03:54:00,null,"""6055 ""","""  """,2025-06-02T04:05:00,2025-06-02T03:15:00,null,9M-AHL,2025-06-02 05:35:00,2025-06-02 04:30:00
AK1580_2025-03-12_KNO_PEN,""" """,C,,B,""" """,2025-06-01,2025-06-01 18:48:00,6:48 PM,2025-06-01 10:48:00,null,null,null,null,2025-06-01,2025-06-01 18:45:00,6:45 PM,2025-06-01 10:45:00,2025-06-01,2025-06-01 17:01:00,5:01 PM,2025-06-01 10:01:00,null,null,null,null,2025-06-01,2025-06-01 17:00:00,5:00 PM,2025-06-01 10:00:00,False,PEN,AK,2025-06-01,KNO,"""AK 1580 """,Landed,null,null,null,null,null,null,null,null,2025-06-01 11:01:17,KNO,2025-06-01T09:29:00,2025-06-01T08:38:00,AK,PEN,2025-06-01T09:38:00,null,"""1581 ""","""  """,2025-06-01T09:20:00,2025-06-01T08:30:00,null,9M-AQN,2025-06-01 10:45:00,2025-06-01 10:00:00
AK9355_2024-12-25,""" """,,,1-3,""" """,2025-06-01,2025-06-01 15:03:00,3:03 PM,2025-06-01 07:03:00,null,null,null,null,2025-06-01,2025-06-01 15:10:00,3:10 PM,2025-06-01 07:10:00,2025-06-01,2025-06-01 14:08:00,2:08 PM,2025-06-01 06:08:00,null,null,null,null,2025-06-01,2025-06-01 14:15:00,2:15 PM,2025-06-01 06:15:00,False,JHB,AK,2025-06-01,IPH,"""AK 9355 """,Landed,null,null,null,null,null,null,null,null,2025-06-01 07:11:15,IPH,2025-06-01T05:45:00,2025-06-01T04:47:00,AK,JHB,2025-06-01T05:53:00,null,"""9354 ""","""  """,2025-06-01T05:50:00,2025-06-01T04:55:00,null,9M-AQE,2025-06-01 07:10:00,2025-06-01 06:15:00
AK883_2025-01-04,2,7,14,4,1,2025-06-01,2025-06-01 16:50:00,4:50 PM,2025-06-01 08:50:00,null,null,null,null,2025-06-01,2025-06-01 16:35:00,4:35 PM,2025-06-01 08:35:00,2025-06-01,2025-06-01 13:31:00,1:31 PM,2025-06-01 06:31:00,null,null,null,null,2025-06-01,2025-06-01 13:20:00,1:20 PM,2025-06-01 06:20:00,False,KUL,AK,2025-06-01,DMK,"""AK 883  """,Landed,null,null,null,null,null,null,null,null,2025-06-01 09:01:14,DMK,2025-06-01T05:52:00,2025-06-01T03:36:00,AK,KUL,2025-06-01T05:51:00,null,"""882  ""","""  """,2025-06-01T05:50:00,2025-06-01T03:40:00,null,9M-AHX,2025-06-01 08:35:00,2025-06-01 06:20:00
AK4105_2025-03-02_SZB_BKI,1,D,4,,""" """,2025-06-01,2025-06-01 19:25:00,7:25 PM,2025-06-01 11:25:00,null,null,null,null,2025-06-01,2025-06-01 19:35:00,7:35 PM,2025-06-01 11:35:00,2025-06-01,2025-06-01 16:47:00,4:47 PM,2025-06-01 08:47:00,null,null,null,null,2025-06-01,2025-06-01 17:00:00,5:00 PM,2025-06-01 09:00:00,False,BKI,AK,2025-06-01,SZB,"""AK 4105 """,Landed,null,null,null,null,null,null,null,null,2025-06-01 11:31:17,SZB,2025-06-01T08:22:00,2025-06-01T05:46:00,AK,BKI,2025-06-01T08:29:00,null,"""4104 ""","""  """,2025-06-01T08:30:00,2025-06-01T05:55:00,null,9M-RAA,2025-06-01 11:35:00,2025-06-01 09:00:00
AK5131_2024-12-16,2,,A6,D01-D16,1,null,null,null,null,2025-06-02,2025-06-02 04:48:00,4:48 AM,2025-06-01 20:48:00,2025-06-02,2025-06-02 01:10:00,1:10 AM,2025-06-01 17:10:00,2025-06-02,2025-06-02 02:20:00,2:20 AM,2025-06-01 18:20:00,null,null,null,null,2025-06-01,2025-06-01 22:40:00,10:40 PM,2025-06-01 14:40:00,False,KUL,AK,2025-06-01,BKI,"""AK 5131 """,Departed,null,null,null,null,null,null,null,null,2025-06-01 18:31:13,BKI,2025-06-01T17:22:00,2025-06-01T14:42:00,AK,KUL,2025-06-01T17:23:00,2025-06-01T14:30:00,"""5130 ""","""  """,2025-06-01T14:15:00,2025-06-01T11:35:00,null,9M-AGM,2025-06-01 05:10:00,2025-06-01 14:40:00
AK6036_2025-05-20_JHB_KUL,2,2,,17-24,""" """,2025-06-02,2025-06-02 10:25:00,10:25 AM,2025-06-02 02:25:00,null,null,null,null,2025-06-02,2025-06-02 10:45:00,10:45 AM,2025-06-02 02:45:00,2025-06-02,2025-06-02 09:38:00,9:38 AM,2025-06-02 01:38:00,null,null,null,null,2025-06-02,2025-06-02 09:55:00,9:55 AM,2025-06-02 01:55:00,False,KUL,AK,2025-06-02,JHB,"""AK 6036 """,Landed,null,null,null,null,null,null,null,null,2025-06-02 02:41:12,JHB,2025-06-02T01:04:00,2025-06-02T00:14:00,AK,KUL,2025-06-02T01:15:00,null,"""6051 ""","""  """,2025-06-02T01:20:00,2025-06-02T00:25:00,null,9M-AFV,2025-06-02 02:45:00,2025-06-02 01:55:00
AK113_2026-04-15_CAN_KUL,2,4,A937,K,3,2025-06-01,2025-06-01 14:30:00,2:30 PM,2025-06-01 06:30:00,null,null,null,null,2025-06-01,2025-06-01 14:40:00,2:40 PM,2025-06-01 06:40:00,2025-06-01,2025-06-01 10:05:00,10:05 AM,2025-06-01 02:05:00,null,null,null,null,2025-06-01,2025-06-01 10:20:00,10:20 AM,2025-06-01 02:20:00,False,KUL,AK,2025-06-01,CAN,"""AK 113  """,Landed,null,null,null,null,null,null,null,null,2025-06-01 06:51:11,CAN,2025-06-01T01:00:00,2025-05-31T20:51:00,AK,KUL,2025-06-01T01:07:00,null,"""112  ""","""  """,2025-06-01T01:15:00,2025-05-31T21:00:00,null,9M-RAQ,2025-06-01 06:40:00,2025-06-01 02:20:00
AK75_2025-11-19_MLE_KUL,2,10,GA4,,1,2025-06-02,2025-06-02 18:32:00,6:32 PM,2025-06-02 10:32:00,null,null,null,null,2025-06-02,2025-06-02 18:25:00,6:25 PM,2025-06-02 10:25:00,2025-06-02,2025-06-02 10:59:00,10:59 AM,2025-06-02 05:59:00,null,null,null,null,2025-06-02,2025-06-02 10:55:00,10:55 AM,2025-06-02 05:55:00,False,KUL,AK,2025-06-02,MLE,"""AK 75   """,Landed,null,null,null,null,null,null,null,null,2025-06-02 10:41:12,MLE,2025-06-02T05:12:00,2025-06-02T00:54:00,AK,KUL,2025-06-02T05:05:00,null,"""74   ""","""  """,2025-06-02T04:55:00,2025-06-02T00:40:00,null,9M-AJD,2025-06-02 10:25:00,2025-06-02 05:55:00
AK5743_2025-09-29_TWU_KUL,2,2,4,6-9,""" """,2025-06-02,2025-06-02 14:38:00,2:38 PM,2025-06-02 06:38:00,null,null,null,null,2025-06-02,2025-06-02 14:40:00,2:40 PM,2025-06-02 06:40:00,2025-06-02,2025-06-02 11:48:00,11:48 AM,2025-06-02 03:48:00,null,null,null,null,2025-06-02,2025-06-02 11:50:00,11:50 AM,2025-06-02 03:50:00,False,KUL,AK,2025-06-02,TWU,"""AK 5743 """,Landed,null,null,null,null,null,null,null,null,2025-06-02 06:51:11,TWU,2025-06-02T03:05:00,2025-06-02T00:16:00,AK,KUL,2025-06-02T03:04:00,null,"""5742 ""","""  """,2025-06-02T03:15:00,2025-06-02T00:20:00,null,9M-VAC,2025-06-02 06:40:00,2025-06-02 03:50:00
AK5211_2025-05-08_KCH_KUL,2,1,7,,""" """,2025-06-02,2025-06-02 22:58:00,10:58 PM,2025-06-02 14:58:00,null,null,null,null,2025-06-02,2025-06-02 22:50:00,10:50 PM,2025-06-02 14:50:00,2025-06-02,2025-06-02 21:19:00,9:19 PM,2025-06-02 13:19:00,null,null,null,null,2025-06-02,2025-06-02 21:00:00,9:00 PM,2025-06-02 13:00:00,False,KUL,AK,2025-06-02,KCH,"""AK 5211 """,Landed,null,null,null,null,null,null,null,null,2025-06-02 15:21:13,KCH,2025-06-02T12:46:00,2025-06-02T10:49:00,AK,KUL,2025-06-02T12:48:00,null,"""5220 ""","""  """,2025-06-02T12:35:00,2025-06-02T10:45:00,null,9M-AGU,2025-06-02 02:50:00,2025-06-02 13:00:00
AK45_2025-08-15_KUL_CMB,""" """,1,Q9,"""U,V,W,X,Y""",2,2025-06-01,2025-06-01 09:23:00,9:23 AM,2025-06-01 03:53:00,null,null,null,null,2025-06-01,2025-06-01 09:40:00,9:40 AM,2025-06-01 04:10:00,2025-06-01,2025-06-01 08:36:00,8:36 AM,2025-06-01 00:36:00,null,null,null,null,2025-06-01,2025-06-01 08:40:00,8:40 AM,2025-06-01 00:40:00,False,CMB,AK,2025-06-01,KUL,"""AK 45   """,Landed,null,null,null,null,null,null,null,null,2025-06-01 04:11:13,"""   """,null,null,"""  ""","""   """,null,null,"""     ""","""  """,null,null,null,9M-AGV,2025-06-01 04:10:00,2025-06-01 00:40:00
AK5193_2025-09-18_SDK_KUL,2,1,C,1-5,""" """,2025-06-02,2025-06-02 12:47:00,12:47 PM,2025-06-02 04:47:00,null,null,null,null,2025-06-02,2025-06-02 12:40:00,12:40 PM,2025-06-02 04:40:00,2025-06-02,2025-06-02 09:48:00,9:48 AM,2025-06-02 01:48:00,null,null,null,null,2025-06-02,2025-06-02 09:50:00,9:50 AM,2025-06-02 01:50:00,False,KUL,AK,2025-06-02,SDK,"""AK 5193 """,Landed,null,null,null,null,null,null,null,null,2025-06-02 04:51:21,SDK,2025-06-02T01:14:00,2025-06-01T22:25:00,AK,KUL,2025-06-02T01:14:00,null,"""5192 ""","""  """,2025-06-02T01:15:00,2025-06-01T22:25:00,null,9M-RAK,2025-06-02 04:40:00,2025-06-02 01:50:00
AK6323_2025-09-30_LGK_KUL,2,1,3,1-9,""" """,2025-06-02,2025-06-02 23:27:00,11:27 PM,2025-06-02 15:27:00,null,null,null,null,2025-06-02,2025-06-02 22:30:00,10:30 PM,2025-06-02 14:30:00,2025-06-02,2025-06-02 22:22:00,10:22 PM,2025-06-02 14:22:00,null,null,null,null,2025-06-02,2025-06-02 21:20:00,9:20 PM,2025-06-02 13:20:00,False,KUL,AK,2025-06-02,LGK,"""AK 6323 """,Landed,null,null,null,null,null,null,null,null,2025-06-02 15:41:17,LGK,2025-06-02T13:48:00,2025-06-02T12:47:00,AK,KUL,2025-06-02T13:49:00,2025-06-02T12:50:00,"""6322 ""","""  """,2025-06-02T12:55:00,2025-06-02T11:50:00,null,9M-RCB,2025-06-02 02:30:00,2025-06-02 13:20:00
AK715_2025-07-09_KUL_SIN,4,1,L18,"""U,V,W,X,Y""",2,2025-06-02,2025-06-02 15:47:00,3:47 PM,2025-06-02 07:47:00,null,null,null,null,2025-06-02,2025-06-02 15:40:00,3:40 PM,2025-06-02 07:40:00,2025-06-02,2025-06-02 14:41:00,2:41 PM,2025-06-02 06:41:00,null,null,null,null,2025-06-02,2025-06-02 14:25:00,2:25 PM,2025-06-02 06:25:00,False,SIN,AK,2025-06-02,KUL,"""AK 715  """,Landed,null,null,null,null,null,null,null,null,2025-06-02 08:51:18,KUL,2025-06-02T06:05:00,2025-06-02T03:35:00,AK,BKI,2025-06-02T06:01:00,null,"""5111 ""","""  """,2025-06-02T06:20:00,2025-06-02T03:45:00,null,9M-AFF,2025-06-02 07:40:00,2025-06-02 06:25:00
AK6044_2025-03-13_KUL_JHB,""" """,,J8,"""S,T""",2,2025-06-01,2025-06-01 17:20:00,5:20 PM,2025-06-01 09:20:00,null,null,null,null,2025-06-01,2025-06-01 17:30:00,5:30 PM,2025-06-01 09:30:00,2025-06-01,2025-06-01 16:27:00,4:27 PM,2025-06-01 08:27:00,null,null,null,null,2025-06-01,2025-06-01 16:40:00,4:40 PM,2025-06-01 08:40:00,False,JHB,AK,2025-06-01,KUL,"""AK 6044 """,Landed,null,null,null,null,null,null,null,null,2025-06-01 09:31:15,KUL,2025-06-01T07:47:00,2025-06-01T06:27:00,AK,LGK,2025-06-01T07:52:00,null,"""6329 ""","""  """,2025-06-01T07:45:00,2025-06-01T06:35:00,null,9M-AQG,2025-06-01 09:30:00,2025-06-01 08:40:00
AK117_2026-01-21_CAN_KUL,2,9,A108,G,1,2025-06-04,2025-06-04 01:28:00,1:28 AM,2025-06-03 17:28:00,null,null,null,null,2025-06-04,2025-06-04 01:40:00,1:40 AM,2025-06-03 17:40:00,2025-06-03,2025-06-03 21:32:00,9:32 PM,2025-06-03 13:32:00,null,null,null,null,2025-06-03,2025-06-03 21:25:00,9:25 PM,2025-06-03 13:25:00,False,KUL,AK,2025-06-03,CAN,"""AK 117  """,Landed,null,null,null,null,null,null,null,null,2025-06-03 17:51:15,CAN,2025-06-03T12:48:00,2025-06-03T08:34:00,AK,KUL,2025-06-03T12:48:00,2025-06-03T08:30:00,"""116  ""","""  """,2025-06-03T12:20:00,2025-06-03T08:10:00,null,9M-VAC,2025-06-03 05:40:00,2025-06-03 13:25:00
AK403_2025-12-20_KUL_PDG,""" """,,L1,"""U,V,W,X,Y""",2,2025-06-02,2025-06-02 08:30:00,8:30 AM,2025-06-02 01:30:00,null,null,null,null,2025-06-02,2025-06-02 07:35:00,7:35 AM,2025-06-02 00:35:00,2025-06-02,2025-06-02 08:17:00,8:17 AM,2025-06-02 00:17:00,null,null,null,null,2025-06-02,2025-06-02 07:25:00,7:25 AM,2025-06-01 23:25:00,False,PDG,AK,2025-06-01,KUL,"""AK 403  """,Landed,null,null,null,null,null,null,null,null,2025-06-02 01:41:12,KUL,2025-06-01T23:38:00,2025-06-01T19:31:00,AK,KMG,2025-06-01T23:25:00,2025-06-01T19:30:00,"""104  ""","""  """,2025-06-01T22:25:00,2025-06-01T18:30:00,null,9M-AGQ,2025-06-02 12:35:00,2025-06-01 23:25:00
AK715_2025-02-13_KUL_SIN,4,5,L4,"""U,V,W,X,Y""",2,2025-06-01,2025-06-01 17:16:00,5:16 PM,2025-06-01 09:16:00,null,null,null,null,2025-06-01,2025-06-01 16:10:00,4:10 PM,2025-06-01 08:10:00,2025-06-01,2025-06-01 15:53:00,3:53 PM,2025-06-01 07:53:00,null,null,null,null,2025-06-01,2025-06-01 14:55:00,2:55 PM,2025-06-01 06:55:00,False,SIN,AK,2025-06-01,KUL,"""AK 715  """,Landed,null,null,null,null,null,null,null,null,2025-06-01 09:21:14,KUL,2025-06-01T04:09:00,2025-06-01T01:27:00,AK,TWU,2025-06-01T04:20:00,null,"""5745 ""","""  """,2025-06-01T04:15:00,2025-06-01T01:30:00,null,9M-AGZ,2025-06-01 08:10:00,2025-06-01 06:55:00
AK6187_2025-03-26_MYY_KCH,""" """,,,12-15,""" """,2025-06-02,2025-06-02 14:56:00,2:56 PM,2025-06-02 06:56:00,null,null,null,null,2025-06-02,2025-06-02 15:00:00,3:00 PM,2025-06-02 07:00:00,2025-06-02,2025-06-02 13:57:00,1:57 PM,2025-06-02 05:57:00,null,null,null,null,2025-06-02,2025-06-02 14:00:00,2:00 PM,2025-06-02 06:00:00,False,KCH,AK,2025-06-02,MYY,"""AK 6187 """,Landed,null,null,null,null,null,null,null,null,2025-06-02 07:11:14,MYY,2025-06-02T05:19:00,2025-06-02T04:12:00,AK,KCH,2025-06-02T05:22:00,null,"""6186 ""","""  """,2025-06-02T05:35:00,2025-06-02T04:30:00,null,9M-AQM,2025-06-02 07:00:00,2025-06-02 06:00:00
AK6437_2025-09-24_KBR_KUL,2,2,8,12-15,""" """,2025-06-02,2025-06-02 10:49:00,10:49 AM,2025-06-02 02:49:00,null,null,null,null,2025-06-02,2025-06-02 10:55:00,10:55 AM,2025-06-02 02:55:00,2025-06-02,2025-06-02 09:42:00,9:42 AM,2025-06-02 01:42:00,null,null,null,null,2025-06-02,2025-06-02 09:55:00,9:55 AM,2025-06-02 01:55:00,False,KUL,AK,2025-06-02,KBR,"""AK 6437 """,Landed,null,null,null,null,null,null,null,null,2025-06-02 02:51:12,KBR,2025-06-02T01:12:00,2025-06-02T00:12:00,AK,KUL,2025-06-02T01:17:00,null,"""6436 ""","""  """,2025-06-02T01:30:00,2025-06-02T00:25:00,null,9M-AGH,2025-06-02 02:55:00,2025-06-02 01:55:00
AK6045_2025-12-18_JHB_KUL,2,3,G2,17-24,""" """,2025-06-03,2025-06-03 19:23:00,7:23 PM,2025-06-03 11:23:00,null,null,null,null,2025-06-03,2025-06-03 18:20:00,6:20 PM,2025-06-03 10:20:00,2025-06-03,2025-06-03 18:32:00,6:32 PM,2025-06-03 10:32:00,null,null,null,null,2025-06-03,2025-06-03 17:30:00,5:30 PM,2025-06-03 09:30:00,False,KUL,AK,2025-06-03,JHB,"""AK 6045 """,Landed,null,null,null,null,null,null,null,null,2025-06-03 11:31:11,JHB,2025-06-03T10:08:00,2025-06-03T09:14:00,AK,KUL,2025-06-03T10:09:00,2025-06-03T08:45:00,"""6044 ""","""  """,2025-06-03T09:00:00,2025-06-03T08:10:00,null,9M-AGS,2025-06-03 10:20:00,2025-06-03 09:30:00
AK6269_2025-08-05_TWU_BKI,1,F,4,6-9,""" """,2025-06-03,2025-06-03 08:31:00,8:31 AM,2025-06-03 00:31:00,null,null,null,null,2025-06-03,2025-06-03 08:40:00,8:40 AM,2025-06-03 00:40:00,2025-06-03,2025-06-03 07:38:00,7:38 AM,2025-06-02 23:38:00,null,null,null,null,2025-06-03,2025-06-03 07:50:00,7:50 AM,2025-06-02 23:50:00,False,BKI,AK,2025-06-02,TWU,"""AK 6269 """,Landed,null,null,null,null,null,null,null,null,2025-06-03 00:41:14,TWU,2025-06-02T23:08:00,2025-06-02T22:17:00,AK,BKI,2025-06-02T23:14:00,null,"""6268 ""","""  """,2025-06-02T23:15:00,2025-06-02T22:25:00,null,9M-AHJ,2025-06-03 12:40:00,2025-06-02 23:50:00
AK374_2025-07-31_KUL_DPS,""" """,3,L6,"""U,V,W,X,Y""",2,2025-06-01,2025-06-01 21:09:00,9:09 PM,2025-06-01 13:09:00,null,null,null,null,2025-06-01,2025-06-01 20:55:00,8:55 PM,2025-06-01 12:55:00,2025-06-01,2025-06-01 17:59:00,5:59 PM,2025-06-01 09:59:00,null,null,null,null,2025-06-01,2025-06-01 17:50:00,5:50 PM,2025-06-01 09:50:00,False,DPS,AK,2025-06-01,KUL,"""AK 374  """,Landed,null,null,null,null,null,null,null,null,2025-06-01 13:41:15,KUL,2025-06-01T09:21:00,2025-06-01T07:47:00,AK,PQC,2025-06-01T09:32:00,2025-06-01T07:41:00,"""546  ""","""  """,2025-06-01T09:00:00,2025-06-01T07:10:00,null,9M-AJJ,2025-06-01 12:55:00,2025-06-01 09:50:00
AK520_2026-03-11_KUL_SGN,2,,L4,"""U,V,W,X,Y""",2,2025-06-03,2025-06-03 08:31:00,8:31 AM,2025-06-03 01:31:00,null,null,null,null,2025-06-03,2025-06-03 08:55:00,8:55 AM,2025-06-03 01:55:00,2025-06-03,2025-06-03 07:40:00,7:40 AM,2025-06-02 23:40:00,null,null,null,null,2025-06-03,2025-06-03 07:50:00,7:50 AM,2025-06-02 23:50:00,False,SGN,AK,2025-06-02,KUL,"""AK 520  """,Landed,null,null,null,null,null,null,null,null,2025-06-03 03:41:24,KUL,2025-06-02T23:02:00,2025-06-02T18:51:00,AK,CCJ,2025-06-02T23:10:00,2025-06-02T18:45:00,"""32   ""","""  """,2025-06-02T23:00:00,2025-06-02T18:40:00,null,9M-AFD,2025-06-03 01:55:00,2025-06-02 23:50:00
AK607_2026-01-27_PER_KUL,2,7,55,,1,2025-06-04,2025-06-04 02:27:00,2:27 AM,2025-06-03 18:27:00,null,null,null,null,2025-06-04,2025-06-04 02:15:00,2:15 AM,2025-06-03 18:15:00,2025-06-03,2025-06-03 20:59:00,8:59 PM,2025-06-03 12:59:00,null,null,null,null,2025-06-03,2025-06-03 20:40:00,8:40 PM,2025-06-03 12:40:00,False,KUL,AK,2025-06-03,PER,"""AK 607  """,Landed,null,null,null,null,null,null,null,null,2025-06-03 18:41:11,PER,2025-06-03T12:03:00,2025-06-03T06:26:00,AK,KUL,2025-06-03T11:48:00,null,"""606  ""","""  """,2025-06-03T11:55:00,2025-06-03T06:15:00,null,9M-VAD,2025-06-03 06:15:00,2025-06-03 12:40:00
AK387_2025-12-22_CGK_KUL,2,10,F1,91-98,2,2025-06-02,2025-06-02 23:19:00,11:19 PM,2025-06-02 15:19:00,null,null,null,null,2025-06-02,2025-06-02 22:50:00,10:50 PM,2025-06-02 14:50:00,2025-06-02,2025-06-02 20:10:00,8:10 PM,2025-06-02 13:10:00,null,null,null,null,2025-06-02,2025-06-02 19:25:00,7:25 PM,2025-06-02 12:25:00,False,KUL,AK,2025-06-02,CGK,"""AK 387  """,Landed,null,null,null,null,null,null,null,null,2025-06-02 15:31:16,CGK,2025-06-02T12:33:00,2025-06-02T10:21:00,AK,KUL,2025-06-02T12:36:00,2025-06-02T10:15:00,"""386  ""","""  """,2025-06-02T11:20:00,2025-06-02T09:10:00,null,9M-DAG,2025-06-02 02:50:00,2025-06-02 12:25:00
AK116_2026-01-30_KUL_CAN,3,70,L7,"""U,V,W,X,Y""",2,2025-06-05,2025-06-05 21:01:00,9:01 PM,2025-06-05 13:01:00,null,null,null,null,2025-06-05,2025-06-05 20:20:00,8:20 PM,2025-06-05 12:20:00,2025-06-05,2025-06-05 16:50:00,4:50 PM,2025-06-05 08:50:00,null,null,null,null,2025-06-05,2025-06-05 16:10:00,4:10 PM,2025-06-05 08:10:00,False,CAN,AK,2025-06-05,KUL,"""AK 116  """,Landed,null,null,null,null,null,null,null,null,2025-06-05 13:51:14,KUL,2025-06-05T08:04:00,2025-06-05T05:10:00,AK,DPS,2025-06-05T08:21:00,null,"""365  ""","""  """,2025-06-05T08:10:00,2025-06-05T05:05:00,null,9M-VAE,2025-06-05 12:20:00,2025-06-05 08:10:00
AK6304_2025-11-21_KUL_LGK,""" """,2,K12,"""S,T""",2,2025-06-01,2025-06-01 13:00:00,1:00 PM,2025-06-01 05:00:00,null,null,null,null,2025-06-01,2025-06-01 13:05:00,1:05 PM,2025-06-01 05:05:00,2025-06-01,2025-06-01 11:58:00,11:58 AM,2025-06-01 03:58:00,null,null,null,null,2025-06-01,2025-06-01 12:00:00,12:00 PM,2025-06-01 04:00:00,False,LGK,AK,2025-06-01,KUL,"""AK 6304 """,Landed,null,null,null,null,null,null,null,null,2025-06-01 09:51:24,KUL,2025-06-01T02:50:00,2025-06-01T01:55:00,AK,SIN,2025-06-01T03:06:00,null,"""704  ""","""  """,2025-06-01T03:10:00,2025-06-01T02:05:00,null,9M-VAH,2025-06-01 05:05:00,2025-06-01 04:00:00
AK375_2025-08-11_DPS_KUL,2,9,6C,E,I,2025-06-02,2025-06-02 01:23:00,1:23 AM,2025-06-01 17:23:00,null,null,null,null,2025-06-02,2025-06-02 00:30:00,12:30 AM,2025-06-01 16:30:00,2025-06-01,2025-06-01 22:15:00,10:15 PM,2025-06-01 14:15:00,null,null,null,null,2025-06-01,2025-06-01 21:25:00,9:25 PM,2025-06-01 13:25:00,False,KUL,AK,2025-06-01,DPS,"""AK 375  """,Landed,null,null,null,null,null,null,null,null,2025-06-01 17:31:09,DPS,2025-06-01T13:39:00,2025-06-01T10:45:00,AK,KUL,2025-06-01T13:39:00,2025-06-01T10:30:00,"""374  ""","""  """,2025-06-01T12:55:00,2025-06-01T09:50:00,null,9M-RAI,2025-06-01 04:30:00,2025-06-01 13:25:00
AK6447_2025-02-03_KBR_KUL,2,2,7,12-15,""" """,2025-06-01,2025-06-01 18:20:00,6:20 PM,2025-06-01 10:20:00,null,null,null,null,2025-06-01,2025-06-01 18:15:00,6:15 PM,2025-06-01 10:15:00,2025-06-01,2025-06-01 17:10:00,5:10 PM,2025-06-01 09:10:00,null,null,null,null,2025-06-01,2025-06-01 17:10:00,5:10 PM,2025-06-01 09:10:00,False,KUL,AK,2025-06-01,KBR,"""AK 6447 """,Landed,null,null,null,null,null,null,null,null,2025-06-01 11:01:15,KBR,2025-06-01T08:43:00,2025-06-01T07:30:00,AK,KUL,2025-06-01T08:37:00,null,"""6446 ""","""  """,2025-06-01T08:45:00,2025-06-01T07:40:00,null,9M-AFF,2025-06-01 10:15:00,2025-06-01 09:10:00
AK5743_2026-03-03_TWU_KUL,2,2,4,6-9,""" """,2025-06-05,2025-06-05 16:17:00,4:17 PM,2025-06-05 08:17:00,null,null,null,null,2025-06-05,2025-06-05 14:10:00,2:10 PM,2025-06-05 06:10:00,2025-06-05,2025-06-05 13:25:00,1:25 PM,2025-06-05 05:25:00,null,null,null,null,2025-06-05,2025-06-05 11:20:00,11:20 AM,2025-06-05 03:20:00,False,KUL,AK,2025-06-05,TWU,"""AK 5743 """,Landed,null,null,null,null,null,null,null,null,2025-06-05 08:51:24,KUL,2025-06-05T00:32:00,2025-06-04T23:48:00,AK,KUL,2025-06-05T02:54:00,null,"""5742 ""","""R """,2025-06-05T02:55:00,2025-06-05T00:00:00,null,9M-AGM,2025-06-05 06:10:00,2025-06-05 03:20:00
AK1781_2025-11-19_KCH_PNK,""" """,,9,"""C,D""",""" """,2025-06-01,2025-06-01 08:43:00,8:43 AM,2025-06-01 01:43:00,null,null,null,null,2025-06-01,2025-06-01 08:50:00,8:50 AM,2025-06-01 01:50:00,2025-06-01,2025-06-01 09:04:00,9:04 AM,2025-06-01 01:04:00,null,null,null,null,2025-06-01,2025-06-01 09:05:00,9:05 AM,2025-06-01 01:05:00,False,PNK,AK,2025-06-01,KCH,"""AK 1781 """,Landed,null,null,null,null,null,null,null,null,2025-06-01 02:11:16,"""   """,null,null,"""  ""","""   """,null,null,"""     ""","""  """,null,null,null,9M-AGM,2025-06-01 01:50:00,2025-06-01 01:05:00
AK279_2025-11-29_BWN_KUL,2,6,7,ROW D,""" """,2025-06-01,2025-06-01 20:26:00,8:26 PM,2025-06-01 12:26:00,null,null,null,null,2025-06-01,2025-06-01 18:55:00,6:55 PM,2025-06-01 10:55:00,2025-06-01,2025-06-01 17:52:00,5:52 PM,2025-06-01 09:52:00,null,null,null,null,2025-06-01,2025-06-01 16:30:00,4:30 PM,2025-06-01 08:30:00,False,KUL,AK,2025-06-01,BWN,"""AK 279  """,Landed,null,null,null,null,null,null,null,null,2025-06-01 12:41:13,BWN,2025-06-01T09:20:00,2025-06-01T06:53:00,AK,KUL,2025-06-01T09:19:00,2025-06-01T06:35:00,"""278  ""","""  """,2025-06-01T08:05:00,2025-06-01T05:45:00,null,9M-AGP,2025-06-01 10:55:00,2025-06-01 08:30:00
AK888_2026-02-20_KUL_DMK,1,3,L18,"""U,V,W,X,Y""",2,2025-06-03,2025-06-03 19:38:00,7:38 PM,2025-06-03 12:38:00,null,null,null,null,2025-06-03,2025-06-03 19:10:00,7:10 PM,2025-06-03 12:10:00,2025-06-03,2025-06-03 18:15:00,6:15 PM,2025-06-03 10:15:00,null,null,null,null,2025-06-03,2025-06-03 17:50:00,5:50 PM,2025-06-03 09:50:00,False,DMK,AK,2025-06-03,KUL,"""AK 888  """,Landed,null,null,null,null,null,null,null,null,2025-06-03 14:51:14,KUL,2025-06-03T09:41:00,2025-06-03T07:03:00,AK,BKI,2025-06-03T09:33:00,2025-06-03T06:54:00,"""5139 ""","""  """,2025-06-03T09:20:00,2025-06-03T06:50:00,null,9M-AGU,2025-06-03 12:10:00,2025-06-03 09:50:00
AK5209_2025-06-06_KCH_KUL,2,1,1,,""" """,2025-06-01,2025-06-01 17:34:00,5:34 PM,2025-06-01 09:34:00,null,null,null,null,2025-06-01,2025-06-01 16:50:00,4:50 PM,2025-06-01 08:50:00,2025-06-01,2025-06-01 15:40:00,3:40 PM,2025-06-01 07:40:00,null,null,null,null,2025-06-01,2025-06-01 15:05:00,3:05 PM,2025-06-01 07:05:00,False,KUL,AK,2025-06-01,KCH,"""AK 5209 """,Landed,null,null,null,null,null,null,null,null,2025-06-01 09:51:53,KCH,2025-06-01T07:04:00,2025-06-01T05:19:00,AK,KUL,2025-06-01T07:01:00,2025-06-01T05:30:00,"""5208 ""","""  """,2025-06-01T06:40:00,2025-06-01T04:55:00,null,9M-RAB,2025-06-01 08:50:00,2025-06-01 07:05:00
AK273_2024-12-11,,9,7,ROW D,,2025-06-01,2025-06-01 11:40:00,11:40 AM,2025-06-01 03:40:00,null,null,null,null,2025-06-01,2025-06-01 11:40:00,11:40 AM,2025-06-01 03:40:00,2025-06-01,2025-06-01 09:19:00,9:19 AM,2025-06-01 01:19:00,null,null,null,null,2025-06-01,2025-06-01 09:20:00,9:20 AM,2025-06-01 01:20:00,False,KUL,AK,2025-06-01,BWN,"""AK 273  """,Landed,null,null,null,null,null,null,null,null,2025-06-01 03:51:12,BWN,2025-06-01T00:50:00,2025-05-31T22:26:00,AK,KUL,2025-06-01T00:57:00,null,"""272  ""","""  """,2025-06-01T00:55:00,2025-05-31T22:30:00,null,9M-AGQ,2025-06-01 03:40:00,2025-06-01 01:20:00
AK5206_2025-03-23_KUL_KCH,""" """,C,J3,"""S,T""",2,2025-06-02,2025-06-02 20:48:00,8:48 PM,2025-06-02 12:48:00,null,null,null,null,2025-06-02,2025-06-02 19:55:00,7:55 PM,2025-06-02 11:55:00,2025-06-02,2025-06-02 18:40:00,6:40 PM,2025-06-02 10:40:00,null,null,null,null,2025-06-02,2025-06-02 18:05:00,6:05 PM,2025-06-02 10:05:00,False,KCH,AK,2025-06-02,KUL,"""AK 5206 """,landed,null,null,null,null,null,null,null,null,2025-06-02 13:01:15,KUL,2025-06-02T10:03:00,2025-06-02T08:12:00,AK,KCH,2025-06-02T10:00:00,2025-06-02T08:05:00,"""5207 ""","""  """,2025-06-02T09:30:00,2025-06-02T07:45:00,null,9M-AQI,2025-06-02 11:55:00,2025-06-02 10:05:00
AK352_2025-10-23_CGK_KUL,2,5,F3,91-98,2,2025-06-01,2025-06-01 15:55:00,3:55 PM,2025-06-01 07:55:00,null,null,null,null,2025-06-01,2025-06-01 15:50:00,3:50 PM,2025-06-01 07:50:00,2025-06-01,2025-06-01 13:00:00,1:00 PM,2025-06-01 06:00:00,null,null,null,null,2025-06-01,2025-06-01 12:40:00,12:40 PM,2025-06-01 05:40:00,False,KUL,AK,2025-06-01,CGK,"""AK 352  """,Landed,null,null,null,null,null,null,null,null,2025-06-01 09:11:11,CGK,2025-06-01T05:14:00,2025-06-01T03:04:00,AK,KUL,2025-06-01T05:12:00,null,"""351  ""","""  """,2025-06-01T05:10:00,2025-06-01T03:05:00,null,9M-RAE,2025-06-01 07:50:00,2025-06-01 05:40:00
AK402_2025-09-12_PDG_KUL,2,9,,,""" """,2025-06-02,2025-06-02 10:40:00,10:40 AM,2025-06-02 02:40:00,null,null,null,null,2025-06-02,2025-06-02 10:35:00,10:35 AM,2025-06-02 02:35:00,2025-06-02,2025-06-02 08:20:00,8:20 AM,2025-06-02 01:20:00,null,null,null,null,2025-06-02,2025-06-02 08:25:00,8:25 AM,2025-06-02 01:25:00,False,KUL,AK,2025-06-02,PDG,"""AK 402  """,Landed,null,null,null,null,null,null,null,null,2025-06-02 02:51:12,PDG,2025-06-02T00:55:00,2025-06-01T23:40:00,AK,KUL,2025-06-02T00:52:00,null,"""403  ""","""  """,2025-06-02T00:55:00,2025-06-01T23:45:00,null,9M-AGI,2025-06-02 02:35:00,2025-06-02 01:25:00
AK706_2025-08-11_SIN_KUL,2,5,G13,"""4,5""",4,2025-06-02,2025-06-02 12:21:00,12:21 PM,2025-06-02 04:21:00,null,null,null,null,2025-06-02,2025-06-02 12:35:00,12:35 PM,2025-06-02 04:35:00,2025-06-02,2025-06-02 11:19:00,11:19 AM,2025-06-02 03:19:00,null,null,null,null,2025-06-02,2025-06-02 11:30:00,11:30 AM,2025-06-02 03:30:00,False,KUL,AK,2025-06-02,SIN,"""AK 706  """,Landed,null,null,null,null,null,null,null,null,2025-06-02 08:01:11,SIN,2025-06-02T02:34:00,2025-06-02T01:28:00,AK,KUL,2025-06-02T02:30:00,null,"""707  ""","""  """,2025-06-02T02:50:00,2025-06-02T01:35:00,null,9M-DAF,2025-06-02 04:35:00,2025-06-02 03:30:00
AK6076_2025-05-16_MYY_BKI,1,,,12-15,""" """,2025-06-01,2025-06-01 23:13:00,11:13 PM,2025-06-01 15:13:00,null,null,null,null,2025-06-01,2025-06-01 22:15:00,10:15 PM,2025-06-01 14:15:00,2025-06-01,2025-06-01 22:17:00,10:17 PM,2025-06-01 14:17:00,null,null,null,null,2025-06-01,2025-06-01 21:25:00,9:25 PM,2025-06-01 13:25:00,False,BKI,AK,2025-06-01,MYY,"""AK 6076 """,Landed,null,null,null,null,null,null,null,null,2025-06-01 15:21:10,MYY,2025-06-01T13:39:00,2025-06-01T12:49:00,AK,BKI,2025-06-01T13:40:00,2025-06-01T12:45:00,"""6075 ""","""  """,2025-06-01T13:00:00,2025-06-01T12:10:00,null,9M-AGF,2025-06-01 02:15:00,2025-06-01 13:25:00
AK583_2026-02-17_MNL_KUL,2,9,,C01-C07,3,2025-06-03,2025-06-03 17:02:00,5:02 PM,2025-06-03 09:02:00,null,null,null,null,2025-06-03,2025-06-03 16:55:00,4:55 PM,2025-06-03 08:55:00,2025-06-03,2025-06-03 13:02:00,1:02 PM,2025-06-03 05:02:00,null,null,null,null,2025-06-03,2025-06-03 12:55:00,12:55 PM,2025-06-03 04:55:00,False,KUL,AK,2025-06-03,MNL,"""AK 583  """,Landed,null,null,null,null,null,null,null,null,2025-06-03 09:11:10,MNL,2025-06-03T04:18:00,2025-06-03T00:23:00,AK,KUL,2025-06-03T04:15:00,null,"""582  ""","""  """,2025-06-03T04:15:00,2025-06-03T00:20:00,null,9M-VAE,2025-06-03 08:55:00,2025-06-03 04:55:00
AK5203_2025-07-18_KCH_KUL,2,2,2,,""" """,2025-06-01,2025-06-01 11:53:00,11:53 AM,2025-06-01 03:53:00,null,null,null,null,2025-06-01,2025-06-01 11:20:00,11:20 AM,2025-06-01 03:20:00,2025-06-01,2025-06-01 10:04:00,10:04 AM,2025-06-01 02:04:00,null,null,null,null,2025-06-01,2025-06-01 09:40:00,9:40 AM,2025-06-01 01:40:00,False,KUL,AK,2025-06-01,KCH,"""AK 5203 """,Landed,null,null,null,null,null,null,null,null,2025-06-01 04:01:37,KCH,2025-06-01T01:27:00,2025-05-31T23:46:00,AK,KUL,2025-06-01T01:29:00,null,"""5202 ""","""  """,2025-06-01T01:05:00,2025-05-31T23:15:00,null,9M-AGZ,2025-06-01 03:20:00,2025-06-01 01:40:00
AK5205_2025-09-22_KCH_KUL,2,1,5,,""" """,2025-06-01,2025-06-01 10:01:00,10:01 AM,2025-06-01 02:01:00,null,null,null,null,2025-06-01,2025-06-01 10:15:00,10:15 AM,2025-06-01 02:15:00,2025-06-01,2025-06-01 08:21:00,8:21 AM,2025-06-01 00:21:00,null,null,null,null,2025-06-01,2025-06-01 08:35:00,8:35 AM,2025-06-01 00:35:00,False,KUL,AK,2025-06-01,KCH,"""AK 5205 """,Landed,null,null,null,null,null,null,null,null,2025-06-01 02:11:09,KCH,2025-05-31T23:52:00,2025-05-31T23:08:00,AK,BTU,2025-05-31T23:57:00,null,"""6057 ""","""  """,2025-06-01T00:10:00,2025-05-31T23:20:00,null,9M-AHL,2025-06-01 02:15:00,2025-06-01 00:35:00
AK384_2025-10-13_KUL_CGK,2,,L6,"""U,V,W,X,Y""",2,2025-06-03,2025-06-03 14:12:00,2:12 PM,2025-06-03 07:12:00,null,null,null,null,2025-06-03,2025-06-03 14:00:00,2:00 PM,2025-06-03 07:00:00,2025-06-03,2025-06-03 12:55:00,12:55 PM,2025-06-03 04:55:00,null,null,null,null,2025-06-03,2025-06-03 12:50:00,12:50 PM,2025-06-03 04:50:00,False,CGK,AK,2025-06-03,KUL,"""AK 384  """,Landed,null,null,null,null,null,null,null,null,2025-06-03 07:21:17,KUL,2025-06-03T04:17:00,2025-06-03T01:47:00,AK,BKI,2025-06-03T04:21:00,null,"""5105 ""","""  """,2025-06-03T04:20:00,2025-06-03T01:50:00,null,9M-AQE,2025-06-03 07:00:00,2025-06-03 04:50:00
AK1535_2025-05-25_CAN_BKI,1,,A107,G,1,2025-06-02,2025-06-02 05:20:00,5:20 AM,2025-06-01 21:20:00,null,null,null,null,2025-06-02,2025-06-02 05:30:00,5:30 AM,2025-06-01 21:30:00,2025-06-02,2025-06-02 02:12:00,2:12 AM,2025-06-01 18:12:00,null,null,null,null,2025-06-02,2025-06-02 02:20:00,2:20 AM,2025-06-01 18:20:00,False,BKI,AK,2025-06-01,CAN,"""AK 1535 """,Landed,null,null,null,null,null,null,null,null,2025-06-01 21:31:15,"""   """,null,null,"""  ""","""   """,null,null,"""     ""","""  """,null,null,null,9M-RAT,2025-06-01 09:30:00,2025-06-01 18:20:00
AK854_2026-01-20_KUL_CNX,2,4,Q21,"""U,V,W,X,Y""",2,2025-06-02,2025-06-02 08:25:00,8:25 AM,2025-06-02 01:25:00,null,null,null,null,2025-06-02,2025-06-02 08:40:00,8:40 AM,2025-06-02 01:40:00,2025-06-02,2025-06-02 06:51:00,6:51 AM,2025-06-01 22:51:00,null,null,null,null,2025-06-02,2025-06-02 07:00:00,7:00 AM,2025-06-01 23:00:00,False,CNX,AK,2025-06-01,KUL,"""AK 854  """,Landed,null,null,null,null,null,null,null,null,2025-06-02 02:11:10,"""   """,null,null,"""  ""","""   """,null,null,"""     ""","""  """,null,null,null,9M-AJZ,2025-06-02 01:40:00,2025-06-01 23:00:00
AK840_2024-12-20,""" """,,L10,"""U,V,W,X,Y""",2,2025-06-01,2025-06-01 14:20:00,2:20 PM,2025-06-01 07:20:00,null,null,null,null,2025-06-01,2025-06-01 13:45:00,1:45 PM,2025-06-01 06:45:00,2025-06-01,2025-06-01 13:19:00,1:19 PM,2025-06-01 05:19:00,null,null,null,null,2025-06-01,2025-06-01 12:45:00,12:45 PM,2025-06-01 04:45:00,False,UTP,AK,2025-06-01,KUL,"""AK 840  """,Landed,null,null,null,null,null,null,null,null,2025-06-01 08:01:12,KUL,2025-06-01T04:45:00,2025-06-01T03:36:00,AK,PEN,2025-06-01T04:51:00,2025-06-01T03:36:00,"""6119 ""","""  """,2025-06-01T04:00:00,2025-06-01T03:00:00,null,9M-AGO,2025-06-01 06:45:00,2025-06-01 04:45:00
AK5124_2025-05-26_KUL_BKI,""" """,,K12,"""S,T""",2,2025-06-01,2025-06-01 22:59:00,10:59 PM,2025-06-01 14:59:00,null,null,null,null,2025-06-01,2025-06-01 23:00:00,11:00 PM,2025-06-01 15:00:00,2025-06-01,2025-06-01 20:21:00,8:21 PM,2025-06-01 12:21:00,null,null,null,null,2025-06-01,2025-06-01 20:30:00,8:30 PM,2025-06-01 12:30:00,False,BKI,AK,2025-06-01,KUL,"""AK 5124 """,Landed,null,null,null,null,null,null,null,null,2025-06-01 15:11:18,KUL,2025-06-01T11:23:00,2025-06-01T09:59:00,AK,KBV,2025-06-01T11:27:00,2025-06-01T10:05:00,"""861  ""","""  """,2025-06-01T11:30:00,2025-06-01T10:00:00,null,9M-AHX,2025-06-01 03:00:00,2025-06-01 12:30:00
AK540_2025-05-20_KUL_SAI,""" """,,L8,"""U,V,W,X,Y""",2,2025-06-01,2025-06-01 14:12:00,2:12 PM,2025-06-01 07:12:00,null,null,null,null,2025-06-01,2025-06-01 14:10:00,2:10 PM,2025-06-01 07:10:00,2025-06-01,2025-06-01 13:11:00,1:11 PM,2025-06-01 05:11:00,null,null,null,null,2025-06-01,2025-06-01 13:05:00,1:05 PM,2025-06-01 05:05:00,False,SAI,AK,2025-06-01,KUL,"""AK 540  """,Landed,null,null,null,null,null,null,null,null,2025-06-01 08:01:12,KUL,2025-06-01T04:22:00,2025-06-01T01:37:00,AK,SDK,2025-06-01T04:18:00,null,"""5193 ""","""  """,2025-06-01T04:40:00,2025-06-01T01:50:00,null,9M-AJS,2025-06-01 07:10:00,2025-06-01 05:05:00
AK273_2026-01-16_BWN_KUL,2,7,7,ROW D,""" """,2025-06-04,2025-06-04 11:33:00,11:33 AM,2025-06-04 03:33:00,null,null,null,null,2025-06-04,2025-06-04 11:40:00,11:40 AM,2025-06-04 03:40:00,2025-06-04,2025-06-04 09:10:00,9:10 AM,2025-06-04 01:10:00,null,null,null,null,2025-06-04,2025-06-04 09:20:00,9:20 AM,2025-06-04 01:20:00,False,KUL,AK,2025-06-04,BWN,"""AK 273  """,Landed,null,null,null,null,null,null,null,null,2025-06-04 04:01:31,BWN,null,null,AK,KUL,null,null,"""272  ""","""  """,2025-06-04T00:55:00,2025-06-03T22:30:00,null,9M-AQQ,2025-06-04 03:40:00,2025-06-04 01:20:00
AK6323_2025-01-15_LGK_KUL,2,,6,1-9,""" """,2025-06-01,2025-06-01 23:50:00,11:50 PM,2025-06-01 15:50:00,null,null,null,null,2025-06-01,2025-06-01 21:35:00,9:35 PM,2025-06-01 13:35:00,2025-06-01,2025-06-01 22:26:00,10:26 PM,2025-06-01 14:26:00,null,null,null,null,2025-06-01,2025-06-01 20:25:00,8:25 PM,2025-06-01 12:25:00,False,KUL,AK,2025-06-01,LGK,"""AK 6323 """,Landed,null,null,null,null,null,null,null,null,2025-06-01 15:51:12,LGK,2025-06-01T13:47:00,2025-06-01T12:33:00,AK,KUL,2025-06-01T13:41:00,2025-06-01T12:10:00,"""6322 ""","""  """,2025-06-01T12:00:00,2025-06-01T10:55:00,null,9M-RAU,2025-06-01 01:35:00,2025-06-01 12:25:00
AK6248_2025-04-21_PEN_LGK,""" """,,,24-36,""" """,2025-06-01,2025-06-01 14:47:00,2:47 PM,2025-06-01 06:47:00,null,null,null,null,2025-06-01,2025-06-01 14:35:00,2:35 PM,2025-06-01 06:35:00,2025-06-01,2025-06-01 14:11:00,2:11 PM,2025-06-01 06:11:00,null,null,null,null,2025-06-01,2025-06-01 14:00:00,2:00 PM,2025-06-01 06:00:00,False,LGK,AK,2025-06-01,PEN,"""AK 6248 """,Landed,null,null,null,null,null,null,null,null,2025-06-01 07:01:13,PEN,2025-06-01T05:38:00,2025-06-01T03:13:00,AK,CGK,2025-06-01T05:35:00,null,"""1572 ""","""  """,2025-06-01T05:35:00,2025-06-01T03:00:00,null,9M-DAE,2025-06-01 06:35:00,2025-06-01 06:00:00
AK1724_2025-05-26_SIN_PEN,""" """,C,G12,"""4,5""",4,2025-06-01,2025-06-01 19:09:00,7:09 PM,2025-06-01 11:09:00,null,null,null,null,2025-06-01,2025-06-01 19:00:00,7:00 PM,2025-06-01 11:00:00,2025-06-01,2025-06-01 17:28:00,5:28 PM,2025-06-01 09:28:00,null,null,null,null,2025-06-01,2025-06-01 17:35:00,5:35 PM,2025-06-01 09:35:00,False,PEN,AK,2025-06-01,SIN,"""AK 1724 """,Landed,null,null,null,null,null,null,null,null,2025-06-01 11:11:13,SIN,2025-06-01T08:52:00,2025-06-01T07:21:00,AK,PEN,2025-06-01T08:47:00,null,"""1725 ""","""  """,2025-06-01T09:10:00,2025-06-01T07:35:00,null,9M-AQE,2025-06-01 11:00:00,2025-06-01 09:35:00
AK5204_2025-09-14_KUL_KCH,""" """,C,J15,"""S,T""",2,2025-06-01,2025-06-01 11:09:00,11:09 AM,2025-06-01 03:09:00,null,null,null,null,2025-06-01,2025-06-01 11:05:00,11:05 AM,2025-06-01 03:05:00,2025-06-01,2025-06-01 09:12:00,9:12 AM,2025-06-01 01:12:00,null,null,null,null,2025-06-01,2025-06-01 09:15:00,9:15 AM,2025-06-01 01:15:00,False,KCH,AK,2025-06-01,KUL,"""AK 5204 """,Landed,null,null,null,null,null,null,null,null,2025-06-01 04:11:11,"""   """,null,null,"""  ""","""   """,null,null,"""     ""","""  """,null,null,null,9M-AQP,2025-06-01 03:05:00,2025-06-01 01:15:00
AK5652_2025-02-18_MYY_KUL,2,2,,12-15,""" """,2025-06-02,2025-06-02 11:07:00,11:07 AM,2025-06-02 03:07:00,null,null,null,null,2025-06-02,2025-06-02 11:20:00,11:20 AM,2025-06-02 03:20:00,2025-06-02,2025-06-02 08:49:00,8:49 AM,2025-06-02 00:49:00,null,null,null,null,2025-06-02,2025-06-02 08:55:00,8:55 AM,2025-06-02 00:55:00,False,KUL,AK,2025-06-02,MYY,"""AK 5652 """,Landed,null,null,null,null,null,null,null,null,2025-06-02 03:21:14,MYY,2025-06-02T00:14:00,2025-06-01T21:53:00,AK,KUL,2025-06-02T00:18:00,null,"""5651 ""","""  """,2025-06-02T00:30:00,2025-06-01T22:05:00,null,9M-AQI,2025-06-02 03:20:00,2025-06-02 00:55:00
AK4235_2025-03-16_SZB_KCH,""" """,C,5,,""" """,2025-06-01,2025-06-01 12:24:00,12:24 PM,2025-06-01 04:24:00,null,null,null,null,2025-06-01,2025-06-01 12:45:00,12:45 PM,2025-06-01 04:45:00,2025-06-01,2025-06-01 10:42:00,10:42 AM,2025-06-01 02:42:00,null,null,null,null,2025-06-01,2025-06-01 10:55:00,10:55 AM,2025-06-01 02:55:00,False,KCH,AK,2025-06-01,SZB,"""AK 4235 """,Landed,null,null,null,null,null,null,null,null,2025-06-01 06:21:23,SZB,2025-06-01T02:13:00,2025-05-31T23:39:00,AK,BKI,2025-06-01T02:18:00,null,"""4102 ""","""  """,2025-06-01T02:25:00,2025-05-31T23:50:00,null,9M-RAA,2025-06-01 04:45:00,2025-06-01 02:55:00
AK6310_2026-02-02_KUL_LGK,""" """,2,K10,"""S,T""",2,2025-06-03,2025-06-03 18:18:00,6:18 PM,2025-06-03 10:18:00,null,null,null,null,2025-06-03,2025-06-03 17:50:00,5:50 PM,2025-06-03 09:50:00,2025-06-03,2025-06-03 17:21:00,5:21 PM,2025-06-03 09:21:00,null,null,null,null,2025-06-03,2025-06-03 16:45:00,4:45 PM,2025-06-03 08:45:00,False,LGK,AK,2025-06-03,KUL,"""AK 6310 """,Landed,null,null,null,null,null,null,null,null,2025-06-03 10:31:16,KUL,2025-06-03T08:49:00,2025-06-03T05:31:00,AK,DAD,2025-06-03T08:25:00,null,"""649  ""","""  """,2025-06-03T08:10:00,2025-06-03T05:20:00,null,9M-RAL,2025-06-03 09:50:00,2025-06-03 08:45:00
AK861_2025-12-25_KBV_KUL,2,,1,"""A,B""",""" """,2025-06-03,2025-06-03 20:36:00,8:36 PM,2025-06-03 12:36:00,null,null,null,null,2025-06-03,2025-06-03 20:30:00,8:30 PM,2025-06-03 12:30:00,2025-06-03,2025-06-03 17:55:00,5:55 PM,2025-06-03 10:55:00,null,null,null,null,2025-06-03,2025-06-03 18:00:00,6:00 PM,2025-06-03 11:00:00,False,KUL,AK,2025-06-03,KBV,"""AK 861  """,Landed,null,null,null,null,null,null,null,null,2025-06-03 13:01:17,KBV,2025-06-03T10:11:00,2025-06-03T08:54:00,AK,KUL,2025-06-03T10:11:00,null,"""860  ""","""  """,2025-06-03T10:25:00,2025-06-03T09:05:00,null,9M-RAH,2025-06-03 12:30:00,2025-06-03 11:00:00
AK6468_2025-02-28_KCH_SBW,""" """,,2,,""" """,2025-06-02,2025-06-02 16:34:00,4:34 PM,2025-06-02 08:34:00,null,null,null,null,2025-06-02,2025-06-02 16:25:00,4:25 PM,2025-06-02 08:25:00,2025-06-02,2025-06-02 15:56:00,3:56 PM,2025-06-02 07:56:00,null,null,null,null,2025-06-02,2025-06-02 15:45:00,3:45 PM,2025-06-02 07:45:00,False,SBW,AK,2025-06-02,KCH,"""AK 6468 """,Landed,null,null,null,null,null,null,null,null,2025-06-02 10:51:23,KCH,2025-06-02T07:19:00,2025-06-02T06:32:00,AK,BTU,2025-06-02T07:21:00,null,"""6064 ""","""  """,2025-06-02T07:20:00,2025-06-02T06:30:00,null,9M-AJS,2025-06-02 08:25:00,2025-06-02 07:45:00
AK5652_2025-01-16_MYY_KUL,2,3,,12-15,""" """,2025-06-01,2025-06-01 11:34:00,11:34 AM,2025-06-01 03:34:00,null,null,null,null,2025-06-01,2025-06-01 11:20:00,11:20 AM,2025-06-01 03:20:00,2025-06-01,2025-06-01 09:21:00,9:21 AM,2025-06-01 01:21:00,null,null,null,null,2025-06-01,2025-06-01 08:55:00,8:55 AM,2025-06-01 00:55:00,False,KUL,AK,2025-06-01,MYY,"""AK 5652 """,Landed,null,null,null,null,null,null,null,null,2025-06-01 03:41:14,MYY,2025-06-01T00:30:00,2025-05-31T21:59:00,AK,KUL,2025-06-01T00:27:00,null,"""5651 ""","""  """,2025-06-01T00:30:00,2025-05-31T22:05:00,null,9M-DAB,2025-06-01 03:20:00,2025-06-01 00:55:00
AK5208_2025-11-16_KUL_KCH,""" """,C,J3,"""S,T""",2,2025-06-03,2025-06-03 16:55:00,4:55 PM,2025-06-03 08:55:00,null,null,null,null,2025-06-03,2025-06-03 14:10:00,2:10 PM,2025-06-03 06:10:00,2025-06-03,2025-06-03 14:53:00,2:53 PM,2025-06-03 06:53:00,null,null,null,null,2025-06-03,2025-06-03 12:25:00,12:25 PM,2025-06-03 04:25:00,False,KCH,AK,2025-06-03,KUL,"""AK 5208 """,Landed,null,null,null,null,null,null,null,null,2025-06-03 09:52:13,KUL,2025-06-03T06:17:00,2025-06-03T03:12:00,AK,TWU,2025-06-03T05:57:00,2025-06-03T03:25:00,"""5743 ""","""  """,2025-06-03T06:10:00,2025-06-03T03:20:00,null,9M-RAM,2025-06-03 06:10:00,2025-06-03 04:25:00
AK571_2024-11-29,,,P3,"""U,V,W,X,Y""",,2025-06-01,2025-06-01 12:25:00,12:25 PM,2025-06-01 05:25:00,null,null,null,null,2025-06-01,2025-06-01 12:10:00,12:10 PM,2025-06-01 05:10:00,2025-06-01,2025-06-01 11:00:00,11:00 AM,2025-06-01 03:00:00,null,null,null,null,2025-06-01,2025-06-01 11:00:00,11:00 AM,2025-06-01 03:00:00,False,DLI,AK,2025-06-01,KUL,"""AK 571  """,Landed,null,null,null,null,null,null,null,null,2025-06-01 05:31:14,KUL,2025-06-01T01:59:00,2025-06-01T00:54:00,AK,KNO,2025-06-01T02:01:00,2025-06-01T00:54:00,"""398  ""","""  """,2025-06-01T01:50:00,2025-06-01T00:45:00,null,9M-AQO,2025-06-01 05:10:00,2025-06-01 03:00:00
AK6145_2026-02-18_PEN_KUL,2,3,A1A,24-36,""" """,2025-06-05,2025-06-05 07:37:00,7:37 AM,2025-06-04 23:37:00,null,null,null,null,2025-06-05,2025-06-05 07:55:00,7:55 AM,2025-06-04 23:55:00,2025-06-05,2025-06-05 06:38:00,6:38 AM,2025-06-04 22:38:00,null,null,null,null,2025-06-05,2025-06-05 06:55:00,6:55 AM,2025-06-04 22:55:00,False,KUL,AK,2025-06-04,PEN,"""AK 6145 """,Landed,null,null,null,null,null,null,null,null,2025-06-04 23:51:11,"""   """,null,null,"""  ""","""   """,null,null,"""     ""","""  """,null,null,null,9M-AQG,2025-06-04 11:55:00,2025-06-04 22:55:00
AK6139_2025-03-12_PEN_KUL,2,2,A1A,24-36,""" """,2025-06-02,2025-06-02 16:45:00,4:45 PM,2025-06-02 08:45:00,null,null,null,null,2025-06-02,2025-06-02 17:00:00,5:00 PM,2025-06-02 09:00:00,2025-06-02,2025-06-02 15:40:00,3:40 PM,2025-06-02 07:40:00,null,null,null,null,2025-06-02,2025-06-02 15:55:00,3:55 PM,2025-06-02 07:55:00,False,KUL,AK,2025-06-02,PEN,"""AK 6139 """,Landed,null,null,null,null,null,null,null,null,2025-06-02 10:01:16,PEN,2025-06-02T07:03:00,2025-06-02T05:38:00,AK,SIN,2025-06-02T07:03:00,null,"""1722 ""","""  """,2025-06-02T07:05:00,2025-06-02T05:45:00,null,9M-AQB,2025-06-02 09:00:00,2025-06-02 07:55:00
AK6228_2024-12-20,""" """,1,K10,"""S,T""",2,2025-06-01,2025-06-01 17:20:00,5:20 PM,2025-06-01 09:20:00,null,null,null,null,2025-06-01,2025-06-01 16:50:00,4:50 PM,2025-06-01 08:50:00,2025-06-01,2025-06-01 16:14:00,4:14 PM,2025-06-01 08:14:00,null,null,null,null,2025-06-01,2025-06-01 15:55:00,3:55 PM,2025-06-01 07:55:00,False,TGG,AK,2025-06-01,KUL,"""AK 6228 """,Landed,null,null,null,null,null,null,null,null,2025-06-01 09:21:12,KUL,2025-06-01T07:48:00,2025-06-01T06:16:00,AK,KBV,2025-06-01T07:51:00,2025-06-01T05:55:00,"""9867 ""","""  """,2025-06-01T06:45:00,2025-06-01T05:20:00,null,9M-AGU,2025-06-01 08:50:00,2025-06-01 07:55:00
AK889_2025-05-17_DMK_KUL,2,9,24,4,1,2025-06-01,2025-06-01 23:25:00,11:25 PM,2025-06-01 15:25:00,null,null,null,null,2025-06-01,2025-06-01 23:30:00,11:30 PM,2025-06-01 15:30:00,2025-06-01,2025-06-01 20:18:00,8:18 PM,2025-06-01 13:18:00,null,null,null,null,2025-06-01,2025-06-01 20:20:00,8:20 PM,2025-06-01 13:20:00,False,KUL,AK,2025-06-01,DMK,"""AK 889  """,Landed,null,null,null,null,null,null,null,null,2025-06-01 16:01:16,DMK,2025-06-01T12:45:00,2025-06-01T10:22:00,AK,KUL,2025-06-01T12:41:00,null,"""888  ""","""  """,2025-06-01T12:50:00,2025-06-01T10:30:00,null,9M-AGB,2025-06-01 03:30:00,2025-06-01 13:20:00
AK237_2025-08-31_BKI_HKG,1,16,B3,D,1,2025-06-04,2025-06-04 12:51:00,12:51 PM,2025-06-04 04:51:00,null,null,null,null,2025-06-04,2025-06-04 12:40:00,12:40 PM,2025-06-04 04:40:00,2025-06-04,2025-06-04 09:46:00,9:46 AM,2025-06-04 01:46:00,null,null,null,null,2025-06-04,2025-06-04 09:50:00,9:50 AM,2025-06-04 01:50:00,False,HKG,AK,2025-06-04,BKI,"""AK 237  """,Landed,null,null,null,null,null,null,null,null,2025-06-04 05:01:11,BKI,2025-06-04T01:03:00,2025-06-04T00:16:00,AK,MYY,2025-06-04T01:07:00,null,"""6072 ""","""  """,2025-06-04T01:25:00,2025-06-04T00:35:00,null,9M-RAP,2025-06-04 04:40:00,2025-06-04 01:50:00
AK37_2025-02-24_KUL_COK,3,5,Q9,"""U,V,W,X,Y""",2,2025-06-02,2025-06-02 00:25:00,12:25 AM,2025-06-01 18:55:00,null,null,null,null,2025-06-01,2025-06-01 23:50:00,11:50 PM,2025-06-01 18:20:00,2025-06-01,2025-06-01 22:56:00,10:56 PM,2025-06-01 14:56:00,null,null,null,null,2025-06-01,2025-06-01 22:25:00,10:25 PM,2025-06-01 14:25:00,False,COK,AK,2025-06-01,KUL,"""AK 37   """,Landed,null,null,null,null,null,null,null,null,2025-06-01 19:01:17,KUL,2025-06-01T13:41:00,2025-06-01T11:22:00,AK,DMK,2025-06-01T13:42:00,2025-06-01T11:18:00,"""887  ""","""  """,2025-06-01T13:00:00,2025-06-01T10:45:00,null,9M-AJE,2025-06-01 06:20:00,2025-06-01 14:25:00
AK395_2024-11-30,,,L4,"""U,V,W,X,Y""",,2025-06-01,2025-06-01 20:57:00,8:57 PM,2025-06-01 13:57:00,null,null,null,null,2025-06-01,2025-06-01 20:35:00,8:35 PM,2025-06-01 13:35:00,2025-06-01,2025-06-01 20:45:00,8:45 PM,2025-06-01 12:45:00,null,null,null,null,2025-06-01,2025-06-01 20:30:00,8:30 PM,2025-06-01 12:30:00,False,KNO,AK,2025-06-01,KUL,"""AK 395  """,Landed,null,null,null,null,null,null,null,null,2025-06-01 14:31:12,KUL,2025-06-01T12:10:00,2025-06-01T09:50:00,AK,LBU,2025-06-01T12:28:00,2025-06-01T09:46:00,"""5173 ""","""  """,2025-06-01T11:55:00,2025-06-01T09:30:00,null,9M-DAE,2025-06-01 01:35:00,2025-06-01 12:30:00
AK6332_2026-01-28_LGK_KUL,2,1,6,1-9,""" """,2025-06-02,2025-06-02 17:59:00,5:59 PM,2025-06-02 09:59:00,null,null,null,null,2025-06-02,2025-06-02 17:40:00,5:40 PM,2025-06-02 09:40:00,2025-06-02,2025-06-02 16:50:00,4:50 PM,2025-06-02 08:50:00,null,null,null,null,2025-06-02,2025-06-02 16:35:00,4:35 PM,2025-06-02 08:35:00,False,KUL,AK,2025-06-02,LGK,"""AK 6332 """,Landed,null,null,null,null,null,null,null,null,2025-06-02 10:11:17,LGK,2025-06-02T08:27:00,2025-06-02T07:28:00,AK,KUL,2025-06-02T08:32:00,2025-06-02T07:35:00,"""6331 ""","""  """,2025-06-02T08:10:00,2025-06-02T07:05:00,null,9M-AQS,2025-06-02 09:40:00,2025-06-02 08:35:00
AK1582_2025-09-05_KNO_PEN,""" """,C,3,B,""" """,2025-06-03,2025-06-03 18:01:00,6:01 PM,2025-06-03 10:01:00,null,null,null,null,2025-06-03,2025-06-03 18:10:00,6:10 PM,2025-06-03 10:10:00,2025-06-03,2025-06-03 16:19:00,4:19 PM,2025-06-03 09:19:00,null,null,null,null,2025-06-03,2025-06-03 16:25:00,4:25 PM,2025-06-03 09:25:00,False,PEN,AK,2025-06-03,KNO,"""AK 1582 """,Landed,null,null,null,null,null,null,null,null,2025-06-03 10:11:18,KNO,2025-06-03T08:47:00,2025-06-03T08:04:00,AK,PEN,2025-06-03T08:53:00,null,"""1583 ""","""  """,2025-06-03T08:55:00,2025-06-03T08:05:00,null,9M-AQO,2025-06-03 10:10:00,2025-06-03 09:25:00
AK6015_2025-03-14_AOR_KUL,2,2,2,9-10,""" """,2025-06-01,2025-06-01 20:02:00,8:02 PM,2025-06-01 12:02:00,null,null,null,null,2025-06-01,2025-06-01 20:05:00,8:05 PM,2025-06-01 12:05:00,2025-06-01,2025-06-01 18:51:00,6:51 PM,2025-06-01 10:51:00,null,null,null,null,2025-06-01,2025-06-01 18:55:00,6:55 PM,2025-06-01 10:55:00,False,KUL,AK,2025-06-01,AOR,"""AK 6015 """,Landed,null,null,null,null,null,null,null,null,2025-06-01 13:51:12,AOR,2025-06-01T10:19:00,2025-06-01T09:16:00,AK,KUL,2025-06-01T10:18:00,null,"""6014 ""","""  """,2025-06-01T10:30:00,2025-06-01T09:25:00,null,9M-AGK,2025-06-01 12:05:00,2025-06-01 10:55:00
AK6358_2024-10-31,,,,,,2025-06-01,2025-06-01 22:18:00,10:18 PM,2025-06-01 14:18:00,null,null,null,null,2025-06-01,2025-06-01 22:30:00,10:30 PM,2025-06-01 14:30:00,2025-06-01,2025-06-01 20:46:00,8:46 PM,2025-06-01 12:46:00,null,null,null,null,2025-06-01,2025-06-01 21:00:00,9:00 PM,2025-06-01 13:00:00,False,BKI,AK,2025-06-01,KCH,"""AK 6358 """,Landed,null,null,null,null,null,null,null,null,2025-06-01 15:01:11,KCH,2025-06-01T12:20:00,2025-06-01T10:30:00,AK,KUL,2025-06-01T12:27:00,null,"""5220 ""","""  """,2025-06-01T12:35:00,2025-06-01T10:45:00,null,9M-AQO,2025-06-01 02:30:00,2025-06-01 13:00:00
AK6466_2025-07-02_KCH_SBW,""" """,,6,,""" """,2025-06-02,2025-06-02 09:59:00,9:59 AM,2025-06-02 01:59:00,null,null,null,null,2025-06-02,2025-06-02 10:10:00,10:10 AM,2025-06-02 02:10:00,2025-06-02,2025-06-02 09:25:00,9:25 AM,2025-06-02 01:25:00,null,null,null,null,2025-06-02,2025-06-02 09:35:00,9:35 AM,2025-06-02 01:35:00,False,SBW,AK,2025-06-02,KCH,"""AK 6466 """,Landed,null,null,null,null,null,null,null,null,2025-06-02 02:21:11,KCH,2025-06-02T00:58:00,2025-06-01T23:38:00,AK,BKI,2025-06-02T00:59:00,null,"""6351 ""","""  """,2025-06-02T01:10:00,2025-06-01T23:50:00,null,9M-AQN,2025-06-02 02:10:00,2025-06-02 01:35:00
AK822_2025-09-10_KUL_HKT,""" """,4,P9,"""U,V,W,X,Y""",2,2025-06-02,2025-06-02 14:49:00,2:49 PM,2025-06-02 07:49:00,null,null,null,null,2025-06-02,2025-06-02 14:55:00,2:55 PM,2025-06-02 07:55:00,2025-06-02,2025-06-02 14:28:00,2:28 PM,2025-06-02 06:28:00,null,null,null,null,2025-06-02,2025-06-02 14:30:00,2:30 PM,2025-06-02 06:30:00,False,HKT,AK,2025-06-02,KUL,"""AK 822  """,landed,null,null,null,null,null,null,null,null,2025-06-02 08:41:11,KUL,2025-06-02T05:21:00,2025-06-02T03:58:00,AK,HKT,2025-06-02T05:31:00,null,"""833  ""","""  """,2025-06-02T05:45:00,2025-06-02T04:10:00,null,9M-AGZ,2025-06-02 07:55:00,2025-06-02 06:30:00
AK522_2025-04-01_KUL_SGN,2,,L18,"""U,V,W,X,Y""",2,2025-06-02,2025-06-02 16:11:00,4:11 PM,2025-06-02 09:11:00,null,null,null,null,2025-06-02,2025-06-02 15:50:00,3:50 PM,2025-06-02 08:50:00,2025-06-02,2025-06-02 14:58:00,2:58 PM,2025-06-02 06:58:00,null,null,null,null,2025-06-02,2025-06-02 14:40:00,2:40 PM,2025-06-02 06:40:00,False,SGN,AK,2025-06-02,KUL,"""AK 522  """,Landed,null,null,null,null,null,null,null,null,2025-06-02 09:31:25,KUL,2025-06-02T06:25:00,2025-06-02T04:19:00,AK,SBW,2025-06-02T06:23:00,2025-06-02T04:14:00,"""5873 ""","""  """,2025-06-02T06:10:00,2025-06-02T04:05:00,null,9M-AHY,2025-06-02 08:50:00,2025-06-02 06:40:00
AK5194_2024-12-19,""" """,,J6,"""S,T""",2,2025-06-02,2025-06-02 18:45:00,6:45 PM,2025-06-02 10:45:00,null,null,null,null,2025-06-02,2025-06-02 17:00:00,5:00 PM,2025-06-02 09:00:00,2025-06-02,2025-06-02 15:41:00,3:41 PM,2025-06-02 07:41:00,null,null,null,null,2025-06-02,2025-06-02 14:05:00,2:05 PM,2025-06-02 06:05:00,False,SDK,AK,2025-06-02,KUL,"""AK 5194 """,Landed,null,null,null,null,null,null,null,null,2025-06-02 11:51:20,KUL,2025-06-02T07:08:00,2025-06-02T05:55:00,AK,LGK,2025-06-02T07:09:00,2025-06-02T05:55:00,"""6305 ""","""  """,2025-06-02T06:45:00,2025-06-02T05:35:00,null,9M-AHE,2025-06-02 09:00:00,2025-06-02 06:05:00
AK5173_2026-02-01_LBU_KUL,2,,,,""" """,2025-06-01,2025-06-01 17:23:00,5:23 PM,2025-06-01 09:23:00,null,null,null,null,2025-06-01,2025-06-01 17:20:00,5:20 PM,2025-06-01 09:20:00,2025-06-01,2025-06-01 14:58:00,2:58 PM,2025-06-01 06:58:00,null,null,null,null,2025-06-01,2025-06-01 15:05:00,3:05 PM,2025-06-01 07:05:00,False,KUL,AK,2025-06-01,LBU,"""AK 5173 """,landed,null,null,null,null,null,null,null,null,2025-06-01 09:31:17,LBU,2025-06-01T06:33:00,2025-06-01T04:03:00,AK,KUL,2025-06-01T06:28:00,null,"""5172 ""","""  """,2025-06-01T06:40:00,2025-06-01T04:10:00,null,9M-AQG,2025-06-01 09:20:00,2025-06-01 07:05:00
AK5873_2026-03-05_SBW_KUL,2,3,2B,1-7,""" """,2025-06-02,2025-06-02 15:38:00,3:38 PM,2025-06-02 07:38:00,null,null,null,null,2025-06-02,2025-06-02 14:10:00,2:10 PM,2025-06-02 06:10:00,2025-06-02,2025-06-02 13:35:00,1:35 PM,2025-06-02 05:35:00,null,null,null,null,2025-06-02,2025-06-02 12:05:00,12:05 PM,2025-06-02 04:05:00,False,KUL,AK,2025-06-02,SBW,"""AK 5873 """,Landed,null,null,null,null,null,null,null,null,2025-06-02 07:51:11,SBW,2025-06-02T05:10:00,2025-06-02T03:18:00,AK,KUL,2025-06-02T05:20:00,2025-06-02T03:10:00,"""5872 ""","""  """,2025-06-02T03:40:00,2025-06-02T01:40:00,null,9M-AHE,2025-06-02 06:10:00,2025-06-02 04:05:00
AK6154_2025-09-12_PEN_KUL,2,3,B3,24-36,""" """,2025-06-01,2025-06-01 15:34:00,3:34 PM,2025-06-01 07:34:00,null,null,null,null,2025-06-01,2025-06-01 15:00:00,3:00 PM,2025-06-01 07:00:00,2025-06-01,2025-06-01 14:31:00,2:31 PM,2025-06-01 06:31:00,null,null,null,null,2025-06-01,2025-06-01 14:00:00,2:00 PM,2025-06-01 06:00:00,False,KUL,AK,2025-06-01,PEN,"""AK 6154 """,Landed,null,null,null,null,null,null,null,null,2025-06-01 07:51:11,PEN,2025-06-01T05:57:00,2025-06-01T04:44:00,AK,KUL,2025-06-01T05:43:00,null,"""6153 ""","""  """,2025-06-01T05:25:00,2025-06-01T04:20:00,null,9M-AJZ,2025-06-01 07:00:00,2025-06-01 06:00:00
AK584_2025-11-02_KUL_MNL,3,,Q5,"""U,V,W,X,Y""",2,null,null,null,null,2025-06-02,2025-06-02 02:30:00,2:30 AM,2025-06-01 18:30:00,2025-06-02,2025-06-02 00:35:00,12:35 AM,2025-06-01 16:35:00,2025-06-01,2025-06-01 22:34:00,10:34 PM,2025-06-01 14:34:00,null,null,null,null,2025-06-01,2025-06-01 20:25:00,8:25 PM,2025-06-01 12:25:00,False,MNL,AK,2025-06-01,KUL,"""AK 584  """,Departed,null,null,null,null,null,null,null,null,2025-06-01 15:21:19,KUL,2025-06-01T13:44:00,2025-06-01T10:56:00,AK,DPS,2025-06-01T14:07:00,2025-06-01T10:30:00,"""9368 ""","""  """,2025-06-01T12:50:00,2025-06-01T09:45:00,null,9M-AGK,2025-06-01 04:35:00,2025-06-01 12:25:00
AK820_2026-02-15_KUL_HKT,""" """,4,L12,"""U,V,W,X,Y""",2,2025-06-02,2025-06-02 18:16:00,6:16 PM,2025-06-02 11:16:00,null,null,null,null,2025-06-02,2025-06-02 16:35:00,4:35 PM,2025-06-02 09:35:00,2025-06-02,2025-06-02 17:18:00,5:18 PM,2025-06-02 09:18:00,null,null,null,null,2025-06-02,2025-06-02 16:05:00,4:05 PM,2025-06-02 08:05:00,False,HKT,AK,2025-06-02,KUL,"""AK 820  """,Landed,null,null,null,null,null,null,null,null,2025-06-02 13:51:11,KUL,2025-06-02T08:08:00,2025-06-02T05:12:00,AK,SDK,2025-06-02T07:55:00,null,"""5199 ""","""  """,2025-06-02T07:30:00,2025-06-02T04:50:00,null,9M-AQI,2025-06-02 09:35:00,2025-06-02 08:05:00
AK6413_2025-08-24_PEN_JHB,""" """,,B1,24-36,""" """,2025-06-01,2025-06-01 09:33:00,9:33 AM,2025-06-01 01:33:00,null,null,null,null,2025-06-01,2025-06-01 09:45:00,9:45 AM,2025-06-01 01:45:00,2025-06-01,2025-06-01 08:22:00,8:22 AM,2025-06-01 00:22:00,null,null,null,null,2025-06-01,2025-06-01 08:35:00,8:35 AM,2025-06-01 00:35:00,False,JHB,AK,2025-06-01,PEN,"""AK 6413 """,Landed,null,null,null,null,null,null,null,null,2025-06-01 01:41:10,PEN,2025-05-31T23:54:00,2025-05-31T22:48:00,AK,JHB,2025-05-31T23:58:00,null,"""6412 ""","""  """,2025-06-01T00:10:00,2025-05-31T23:00:00,null,9M-DAG,2025-06-01 01:45:00,2025-06-01 00:35:00
AK6269_2026-02-05_TWU_BKI,1,F,4,6-9,""" """,2025-06-05,2025-06-05 08:24:00,8:24 AM,2025-06-05 00:24:00,null,null,null,null,2025-06-05,2025-06-05 08:30:00,8:30 AM,2025-06-05 00:30:00,2025-06-05,2025-06-05 07:36:00,7:36 AM,2025-06-04 23:36:00,null,null,null,null,2025-06-05,2025-06-05 07:40:00,7:40 AM,2025-06-04 23:40:00,False,BKI,AK,2025-06-04,TWU,"""AK 6269 """,Landed,null,null,null,null,null,null,null,null,2025-06-05 00:41:16,TWU,2025-06-04T23:07:00,2025-06-04T22:15:00,AK,BKI,2025-06-04T23:09:00,null,"""6268 ""","""  """,2025-06-04T23:15:00,2025-06-04T22:25:00,null,9M-AGF,2025-06-05 12:30:00,2025-06-04 23:40:00
AK1720_2026-03-01_SIN_PEN,""" """,C,G5,"""4,5""",4,2025-06-04,2025-06-04 12:52:00,12:52 PM,2025-06-04 04:52:00,null,null,null,null,2025-06-04,2025-06-04 13:00:00,1:00 PM,2025-06-04 05:00:00,2025-06-04,2025-06-04 11:45:00,11:45 AM,2025-06-04 03:45:00,null,null,null,null,2025-06-04,2025-06-04 11:45:00,11:45 AM,2025-06-04 03:45:00,False,PEN,AK,2025-06-04,SIN,"""AK 1720 """,Landed,null,null,null,null,null,null,null,null,2025-06-04 05:31:09,SIN,2025-06-04T03:03:00,2025-06-04T01:40:00,AK,PEN,2025-06-04T03:06:00,null,"""1721 ""","""  """,2025-06-04T03:20:00,2025-06-04T01:55:00,null,9M-AHE,2025-06-04 05:00:00,2025-06-04 03:45:00
AK116_2025-12-14_KUL_CAN,1,1,L16,"""U,V,W,X,Y""",2,null,null,null,null,2025-06-02,2025-06-02 22:55:00,10:55 PM,2025-06-02 14:55:00,2025-06-02,2025-06-02 20:20:00,8:20 PM,2025-06-02 12:20:00,2025-06-02,2025-06-02 18:11:00,6:11 PM,2025-06-02 10:11:00,null,null,null,null,2025-06-02,2025-06-02 16:10:00,4:10 PM,2025-06-02 08:10:00,False,CAN,AK,2025-06-02,KUL,"""AK 116  """,Departed,null,null,null,null,null,null,null,null,2025-06-02 11:11:18,KUL,2025-06-02T08:50:00,2025-06-02T05:45:00,AK,BKI,2025-06-02T08:17:00,2025-06-02T05:40:00,"""5113 ""","""  """,2025-06-02T07:35:00,2025-06-02T05:05:00,null,9M-VAB,2025-06-02 12:20:00,2025-06-02 08:10:00
AK44_2026-03-06_CMB_KUL,2,6,10,,""" """,2025-06-02,2025-06-02 16:15:00,4:15 PM,2025-06-02 08:15:00,null,null,null,null,2025-06-02,2025-06-02 16:35:00,4:35 PM,2025-06-02 08:35:00,2025-06-02,2025-06-02 10:18:00,10:18 AM,2025-06-02 04:48:00,null,null,null,null,2025-06-02,2025-06-02 10:25:00,10:25 AM,2025-06-02 04:55:00,False,KUL,AK,2025-06-02,CMB,"""AK 44   """,Landed,null,null,null,null,null,null,null,null,2025-06-02 08:31:11,CMB,2025-06-02T03:56:00,2025-06-02T00:24:00,AK,KUL,2025-06-02T04:06:00,null,"""45   ""","""  """,2025-06-02T03:55:00,2025-06-02T00:25:00,null,9M-AGJ,2025-06-02 08:35:00,2025-06-02 04:55:00
AK5210_2024-11-27,,C,J3,"""S,T""",,2025-06-01,2025-06-01 15:33:00,3:33 PM,2025-06-01 07:33:00,null,null,null,null,2025-06-01,2025-06-01 15:35:00,3:35 PM,2025-06-01 07:35:00,2025-06-01,2025-06-01 13:47:00,1:47 PM,2025-06-01 05:47:00,null,null,null,null,2025-06-01,2025-06-01 13:55:00,1:55 PM,2025-06-01 05:55:00,False,KCH,AK,2025-06-01,KUL,"""AK 5210 """,Landed,null,null,null,null,null,null,null,null,2025-06-01 07:41:12,KUL,2025-06-01T05:07:00,2025-06-01T03:29:00,AK,KCH,2025-06-01T05:25:00,null,"""5233 ""","""  """,2025-06-01T05:20:00,2025-06-01T03:35:00,null,9M-AHZ,2025-06-01 07:35:00,2025-06-01 05:55:00
AK1583_2025-11-01_PEN_KNO,""" """,,A3,24-36,""" """,2025-06-02,2025-06-02 13:30:00,1:30 PM,2025-06-02 06:30:00,null,null,null,null,2025-06-02,2025-06-02 13:40:00,1:40 PM,2025-06-02 06:40:00,2025-06-02,2025-06-02 13:42:00,1:42 PM,2025-06-02 05:42:00,null,null,null,null,2025-06-02,2025-06-02 13:50:00,1:50 PM,2025-06-02 05:50:00,False,KNO,AK,2025-06-02,PEN,"""AK 1583 """,Landed,null,null,null,null,null,null,null,null,2025-06-02 06:41:14,PEN,2025-06-02T04:29:00,2025-06-02T03:52:00,AK,LGK,2025-06-02T04:28:00,null,"""6243 ""","""  """,2025-06-02T04:45:00,2025-06-02T04:10:00,null,9M-AHZ,2025-06-02 06:40:00,2025-06-02 05:50:00
AK429_2025-06-08_KUL_PKU,""" """,5,L18,"""U,V,W,X,Y""",2,2025-06-01,2025-06-01 15:40:00,3:40 PM,2025-06-01 08:40:00,null,null,null,null,2025-06-01,2025-06-01 15:35:00,3:35 PM,2025-06-01 08:35:00,2025-06-01,2025-06-01 15:47:00,3:47 PM,2025-06-01 07:47:00,null,null,null,null,2025-06-01,2025-06-01 15:40:00,3:40 PM,2025-06-01 07:40:00,False,PKU,AK,2025-06-01,KUL,"""AK 429  """,Landed,null,null,null,null,null,null,null,null,2025-06-01 09:21:25,KUL,2025-06-01T07:15:00,2025-06-01T05:11:00,AK,BTU,2025-06-01T07:20:00,null,"""5245 ""","""  """,2025-06-01T07:10:00,2025-06-01T05:05:00,null,9M-AJT,2025-06-01 08:35:00,2025-06-01 07:40:00
AK6192_2025-05-19_KCH_MYY,""" """,,8,,""" """,2025-06-01,2025-06-01 10:42:00,10:42 AM,2025-06-01 02:42:00,null,null,null,null,2025-06-01,2025-06-01 11:00:00,11:00 AM,2025-06-01 03:00:00,2025-06-01,2025-06-01 09:45:00,9:45 AM,2025-06-01 01:45:00,null,null,null,null,2025-06-01,2025-06-01 10:00:00,10:00 AM,2025-06-01 02:00:00,False,MYY,AK,2025-06-01,KCH,"""AK 6192 """,Landed,null,null,null,null,null,null,null,null,2025-06-01 03:01:58,"""   """,null,null,"""  ""","""   """,null,null,"""     ""","""  """,null,null,null,9M-AQS,2025-06-01 03:00:00,2025-06-01 02:00:00
AK6078_2025-07-20_MYY_BKI,1,D,,12-15,""" """,2025-06-01,2025-06-01 13:56:00,1:56 PM,2025-06-01 05:56:00,null,null,null,null,2025-06-01,2025-06-01 13:50:00,1:50 PM,2025-06-01 05:50:00,2025-06-01,2025-06-01 13:07:00,1:07 PM,2025-06-01 05:07:00,null,null,null,null,2025-06-01,2025-06-01 13:00:00,1:00 PM,2025-06-01 05:00:00,False,BKI,AK,2025-06-01,MYY,"""AK 6078 """,Landed,null,null,null,null,null,null,null,null,2025-06-01 06:51:09,MYY,2025-06-01T04:42:00,2025-06-01T03:55:00,AK,BKI,2025-06-01T04:49:00,null,"""6077 ""","""  """,2025-06-01T04:35:00,2025-06-01T03:45:00,null,9M-RAG,2025-06-01 05:50:00,2025-06-01 05:00:00
AK6015_2026-03-23_AOR_KUL,2,1,2,9-10,""" """,2025-06-03,2025-06-03 20:14:00,8:14 PM,2025-06-03 12:14:00,null,null,null,null,2025-06-03,2025-06-03 20:00:00,8:00 PM,2025-06-03 12:00:00,2025-06-03,2025-06-03 19:02:00,7:02 PM,2025-06-03 11:02:00,null,null,null,null,2025-06-03,2025-06-03 18:55:00,6:55 PM,2025-06-03 10:55:00,False,KUL,AK,2025-06-03,AOR,"""AK 6015 """,Landed,null,null,null,null,null,null,null,null,2025-06-03 12:21:10,AOR,2025-06-03T10:40:00,2025-06-03T09:30:00,AK,KUL,2025-06-03T10:41:00,null,"""6014 ""","""  """,2025-06-03T10:30:00,2025-06-03T09:25:00,null,9M-AQF,2025-06-03 12:00:00,2025-06-03 10:55:00
AK36_2024-11-30,,9,T4A,A6-A9,,2025-06-02,2025-06-02 07:31:00,7:31 AM,2025-06-01 23:31:00,null,null,null,null,2025-06-02,2025-06-02 07:15:00,7:15 AM,2025-06-01 23:15:00,2025-06-02,2025-06-02 00:48:00,12:48 AM,2025-06-01 19:18:00,null,null,null,null,2025-06-02,2025-06-02 00:30:00,12:30 AM,2025-06-01 19:00:00,False,KUL,AK,2025-06-01,COK,"""AK 36   """,Landed,null,null,null,null,null,null,null,null,2025-06-02 00:11:23,"""   """,null,null,"""  ""","""   """,null,null,"""     ""","""  """,null,null,null,9M-AJT,2025-06-01 11:15:00,2025-06-01 19:00:00
AK6275_2025-07-11_TWU_BKI,1,,,,""" """,2025-06-01,2025-06-01 21:40:00,9:40 PM,2025-06-01 13:40:00,null,null,null,null,2025-06-01,2025-06-01 21:40:00,9:40 PM,2025-06-01 13:40:00,2025-06-01,2025-06-01 20:50:00,8:50 PM,2025-06-01 12:50:00,null,null,null,null,2025-06-01,2025-06-01 20:50:00,8:50 PM,2025-06-01 12:50:00,False,BKI,AK,2025-06-01,TWU,"""AK 6275 """,Landed,null,null,null,null,null,null,null,null,2025-06-01 13:51:10,TWU,2025-06-01T12:22:00,2025-06-01T11:33:00,AK,BKI,2025-06-01T12:28:00,null,"""6274 ""","""  """,2025-06-01T12:25:00,2025-06-01T11:35:00,null,9M-AGF,2025-06-01 01:40:00,2025-06-01 12:50:00
AK1618_2026-03-22_TWU_CAN,3,74,4,,""" """,2025-06-03,2025-06-03 01:28:00,1:28 AM,2025-06-02 17:28:00,null,null,null,null,2025-06-03,2025-06-03 01:30:00,1:30 AM,2025-06-02 17:30:00,2025-06-02,2025-06-02 22:05:00,10:05 PM,2025-06-02 14:05:00,null,null,null,null,2025-06-02,2025-06-02 22:00:00,10:00 PM,2025-06-02 14:00:00,False,CAN,AK,2025-06-02,TWU,"""AK 1618 """,Landed,null,null,null,null,null,null,null,null,2025-06-02 19:51:55,TWU,2025-06-02T13:33:00,2025-06-02T12:45:00,AK,BKI,2025-06-02T13:38:00,null,"""6262 ""","""  """,2025-06-02T13:35:00,2025-06-02T12:45:00,null,9M-RAD,2025-06-02 05:30:00,2025-06-02 14:00:00
AK6468_2024-11-25,,,3,,,null,null,null,null,null,null,null,null,2025-06-01,2025-06-01 16:25:00,4:25 PM,2025-06-01 08:25:00,null,null,null,null,null,null,null,null,2025-06-01,2025-06-01 15:45:00,3:45 PM,2025-06-01 07:45:00,False,SBW,AK,2025-06-01,KCH,"""AK 6468 """,Landed,null,null,null,null,null,null,null,null,2025-06-01 12:51:13,KCH,null,null,AK,BTU,null,null,"""6064 ""","""  """,2025-06-01T07:20:00,2025-06-01T06:30:00,null,9M-AQI,2025-06-01 08:25:00,2025-06-01 07:45:00
AK18_2025-07-04_JAI_KUL,2,9,G2,C1-C4,1,2025-06-03,2025-06-03 06:39:00,6:39 AM,2025-06-02 22:39:00,null,null,null,null,2025-06-03,2025-06-03 06:15:00,6:15 AM,2025-06-02 22:15:00,2025-06-02,2025-06-02 22:50:00,10:50 PM,2025-06-02 17:20:00,null,null,null,null,2025-06-02,2025-06-02 22:20:00,10:20 PM,2025-06-02 16:50:00,False,KUL,AK,2025-06-02,JAI,"""AK 18   """,Landed,null,null,null,null,null,null,null,null,2025-06-02 23:01:32,JAI,2025-06-02T16:27:00,2025-06-02T11:21:00,AK,KUL,2025-06-02T16:25:00,2025-06-02T11:10:00,"""19   ""","""  """,2025-06-02T15:50:00,2025-06-02T10:30:00,null,9M-AGE,2025-06-02 10:15:00,2025-06-02 16:50:00
AK5231_2025-09-27_KCH_KUL,2,3,2,,""" """,2025-06-02,2025-06-02 08:32:00,8:32 AM,2025-06-02 00:32:00,null,null,null,null,2025-06-02,2025-06-02 08:40:00,8:40 AM,2025-06-02 00:40:00,2025-06-02,2025-06-02 06:46:00,6:46 AM,2025-06-01 22:46:00,null,null,null,null,2025-06-02,2025-06-02 07:00:00,7:00 AM,2025-06-01 23:00:00,False,KUL,AK,2025-06-01,KCH,"""AK 5231 """,Landed,null,null,null,null,null,null,null,null,2025-06-02 00:41:09,"""   """,null,null,"""  ""","""   """,null,null,"""     ""","""  """,null,null,null,9M-AHZ,2025-06-02 12:40:00,2025-06-01 23:00:00
AK582_2025-11-29_KUL_MNL,3,,Q19,"""U,V,W,X,Y""",2,2025-06-02,2025-06-02 12:16:00,12:16 PM,2025-06-02 04:16:00,null,null,null,null,2025-06-02,2025-06-02 12:15:00,12:15 PM,2025-06-02 04:15:00,2025-06-02,2025-06-02 08:24:00,8:24 AM,2025-06-02 00:24:00,null,null,null,null,2025-06-02,2025-06-02 08:20:00,8:20 AM,2025-06-02 00:20:00,False,MNL,AK,2025-06-02,KUL,"""AK 582  """,Landed,null,null,null,null,null,null,null,null,2025-06-02 05:11:13,"""   """,null,null,"""  ""","""   """,null,null,"""     ""","""  """,null,null,null,9M-VAF,2025-06-02 04:15:00,2025-06-02 00:20:00
AK6240_2025-12-17_LGK_PEN,""" """,F,3,1-9,""" """,2025-06-04,2025-06-04 11:13:00,11:13 AM,2025-06-04 03:13:00,null,null,null,null,2025-06-04,2025-06-04 11:20:00,11:20 AM,2025-06-04 03:20:00,2025-06-04,2025-06-04 10:40:00,10:40 AM,2025-06-04 02:40:00,null,null,null,null,2025-06-04,2025-06-04 10:45:00,10:45 AM,2025-06-04 02:45:00,False,PEN,AK,2025-06-04,LGK,"""AK 6240 """,Landed,null,null,null,null,null,null,null,null,2025-06-04 04:11:17,LGK,2025-06-04T02:17:00,2025-06-04T01:47:00,AK,PEN,2025-06-04T02:21:00,null,"""6241 ""","""  """,2025-06-04T02:20:00,2025-06-04T01:45:00,null,9M-AQB,2025-06-04 03:20:00,2025-06-04 02:45:00
AK896_2025-09-08_KUL_DMK,1,6,L8,"""U,V,W,X,Y""",2,2025-06-02,2025-06-02 22:47:00,10:47 PM,2025-06-02 15:47:00,null,null,null,null,2025-06-02,2025-06-02 20:50:00,8:50 PM,2025-06-02 13:50:00,2025-06-02,2025-06-02 21:20:00,9:20 PM,2025-06-02 13:20:00,null,null,null,null,2025-06-02,2025-06-02 19:35:00,7:35 PM,2025-06-02 11:35:00,False,DMK,AK,2025-06-02,KUL,"""AK 896  """,Landed,null,null,null,null,null,null,null,null,2025-06-02 16:51:13,KUL,2025-06-02T11:42:00,2025-06-02T09:10:00,AK,LBU,2025-06-02T11:36:00,null,"""5173 ""","""  """,2025-06-02T11:35:00,2025-06-02T09:10:00,null,9M-AGH,2025-06-02 01:50:00,2025-06-02 11:35:00
AK5741_2026-04-10_TWU_KUL,2,1,4,6-9,""" """,2025-06-04,2025-06-04 16:36:00,4:36 PM,2025-06-04 08:36:00,null,null,null,null,2025-06-04,2025-06-04 16:15:00,4:15 PM,2025-06-04 08:15:00,2025-06-04,2025-06-04 13:43:00,1:43 PM,2025-06-04 05:43:00,null,null,null,null,2025-06-04,2025-06-04 13:30:00,1:30 PM,2025-06-04 05:30:00,False,KUL,AK,2025-06-04,TWU,"""AK 5741 """,Landed,null,null,null,null,null,null,null,null,2025-06-04 09:51:14,TWU,2025-06-04T05:14:00,2025-06-04T02:11:00,AK,KUL,2025-06-04T05:09:00,null,"""5740 ""","""  """,2025-06-04T04:55:00,2025-06-04T02:00:00,null,9M-VAB,2025-06-04 08:15:00,2025-06-04 05:30:00
AK521_2026-01-02_SGN_KUL,2,6,16,"""I,J""",2,2025-06-03,2025-06-03 12:20:00,12:20 PM,2025-06-03 04:20:00,null,null,null,null,2025-06-03,2025-06-03 12:25:00,12:25 PM,2025-06-03 04:25:00,2025-06-03,2025-06-03 09:19:00,9:19 AM,2025-06-03 02:19:00,null,null,null,null,2025-06-03,2025-06-03 09:25:00,9:25 AM,2025-06-03 02:25:00,False,KUL,AK,2025-06-03,SGN,"""AK 521  """,Landed,null,null,null,null,null,null,null,null,2025-06-03 04:41:14,SGN,2025-06-03T01:47:00,2025-06-02T23:52:00,AK,KUL,2025-06-03T01:55:00,null,"""520  ""","""  """,2025-06-03T01:55:00,2025-06-02T23:50:00,null,9M-AJS,2025-06-03 04:25:00,2025-06-03 02:25:00
AK11_2025-06-08_KUL_MAA,2,7,L14,"""U,V,W,X,Y""",2,2025-06-02,2025-06-02 07:22:00,7:22 AM,2025-06-02 01:52:00,null,null,null,null,2025-06-02,2025-06-02 07:45:00,7:45 AM,2025-06-02 02:15:00,2025-06-02,2025-06-02 06:17:00,6:17 AM,2025-06-01 22:17:00,null,null,null,null,2025-06-02,2025-06-02 06:30:00,6:30 AM,2025-06-01 22:30:00,False,MAA,AK,2025-06-01,KUL,"""AK 11   """,Landed,null,null,null,null,null,null,null,null,2025-06-02 02:11:14,"""   """,null,null,"""  ""","""   """,null,null,"""     ""","""  """,null,null,null,9M-AJP,2025-06-02 02:15:00,2025-06-01 22:30:00
AK6485_2025-12-19_SDK_BKI,1,E,C,1-5,""" """,2025-06-02,2025-06-02 00:18:00,12:18 AM,2025-06-01 16:18:00,null,null,null,null,2025-06-01,2025-06-01 22:05:00,10:05 PM,2025-06-01 14:05:00,2025-06-01,2025-06-01 23:30:00,11:30 PM,2025-06-01 15:30:00,null,null,null,null,2025-06-01,2025-06-01 21:15:00,9:15 PM,2025-06-01 13:15:00,False,BKI,AK,2025-06-01,SDK,"""AK 6485 """,Landed,null,null,null,null,null,null,null,null,2025-06-01 16:51:12,SDK,2025-06-01T15:05:00,2025-06-01T14:22:00,AK,BKI,2025-06-01T15:08:00,2025-06-01T13:15:00,"""6484 ""","""  """,2025-06-01T12:50:00,2025-06-01T12:00:00,null,9M-RAP,2025-06-01 02:05:00,2025-06-01 13:15:00
AK825_2025-05-25_HKT_KUL,2,4,15,D2-D5,""" """,2025-06-01,2025-06-01 16:00:00,4:00 PM,2025-06-01 08:00:00,null,null,null,null,2025-06-01,2025-06-01 16:10:00,4:10 PM,2025-06-01 08:10:00,2025-06-01,2025-06-01 13:28:00,1:28 PM,2025-06-01 06:28:00,null,null,null,null,2025-06-01,2025-06-01 13:35:00,1:35 PM,2025-06-01 06:35:00,False,KUL,AK,2025-06-01,HKT,"""AK 825  """,Landed,null,null,null,null,null,null,null,null,2025-06-01 08:11:11,HKT,2025-06-01T05:58:00,2025-06-01T04:18:00,AK,KUL,2025-06-01T05:55:00,null,"""824  ""","""  """,2025-06-01T06:00:00,2025-06-01T04:30:00,null,9M-AGU,2025-06-01 08:10:00,2025-06-01 06:35:00
AK1516_2025-05-04_BKI_PVG,""" """,29,B6,D,""" """,2025-06-03,2025-06-03 01:59:00,1:59 AM,2025-06-02 17:59:00,null,null,null,null,2025-06-03,2025-06-03 02:20:00,2:20 AM,2025-06-02 18:20:00,2025-06-02,2025-06-02 21:34:00,9:34 PM,2025-06-02 13:34:00,null,null,null,null,2025-06-02,2025-06-02 21:40:00,9:40 PM,2025-06-02 13:40:00,False,PVG,AK,2025-06-02,BKI,"""AK 1516 """,Landed,null,null,null,null,null,null,null,null,2025-06-02 19:41:10,BKI,2025-06-02T12:12:00,2025-06-02T10:58:00,AK,SBW,2025-06-02T12:15:00,null,"""6093 ""","""  """,2025-06-02T12:00:00,2025-06-02T10:45:00,null,9M-AGY,2025-06-02 06:20:00,2025-06-02 13:40:00
AK857_2026-04-12_CNX_KUL,2,7,8,18-20,2,2025-06-02,2025-06-02 19:55:00,7:55 PM,2025-06-02 11:55:00,null,null,null,null,2025-06-02,2025-06-02 19:35:00,7:35 PM,2025-06-02 11:35:00,2025-06-02,2025-06-02 16:00:00,4:00 PM,2025-06-02 09:00:00,null,null,null,null,2025-06-02,2025-06-02 15:40:00,3:40 PM,2025-06-02 08:40:00,False,KUL,AK,2025-06-02,CNX,"""AK 857  """,Landed,null,null,null,null,null,null,null,null,2025-06-02 12:01:18,CNX,2025-06-02T08:25:00,2025-06-02T05:34:00,AK,KUL,2025-06-02T08:28:00,null,"""856  ""","""  """,2025-06-02T08:10:00,2025-06-02T05:30:00,null,9M-AJD,2025-06-02 11:35:00,2025-06-02 08:40:00
AK5742_2025-04-12_KUL_TWU,""" """,,K14,"""S,T""",2,2025-06-01,2025-06-01 11:06:00,11:06 AM,2025-06-01 03:06:00,null,null,null,null,2025-06-01,2025-06-01 11:15:00,11:15 AM,2025-06-01 03:15:00,2025-06-01,2025-06-01 08:09:00,8:09 AM,2025-06-01 00:09:00,null,null,null,null,2025-06-01,2025-06-01 08:20:00,8:20 AM,2025-06-01 00:20:00,False,TWU,AK,2025-06-01,KUL,"""AK 5742 """,Landed,null,null,null,null,null,null,null,null,2025-06-01 04:01:26,"""   """,null,null,"""  ""","""   """,null,null,"""     ""","""  """,null,null,null,9M-VAF,2025-06-01 03:15:00,2025-06-01 00:20:00
AK1781_2025-11-19_KCH_PNK,""" """,,9,"""C,D""",""" """,2025-06-01,2025-06-01 08:43:00,8:43 AM,2025-06-01 01:43:00,null,null,null,null,2025-06-01,2025-06-01 08:50:00,8:50 AM,2025-06-01 01:50:00,2025-06-01,2025-06-01 09:04:00,9:04 AM,2025-06-01 01:04:00,null,null,null,null,2025-06-01,2025-06-01 09:05:00,9:05 AM,2025-06-01 01:05:00,False,PNK,AK,2025-06-01,KCH,"""AK 1781 """,Landed,null,null,null,null,null,null,null,null,2025-06-01 02:11:16,"""   """,null,null,"""  ""","""   """,null,null,"""     ""","""  """,null,null,null,9M-AGM,2025-06-01 01:50:00,2025-06-01 01:05:00
