route_id,airline_icao,dep_airport_iata,arr_airport_iata,cabin_class,base_price_usd,taxes_usd,total_price_usd,currency,effective_from,effective_to,fare_code
R11231,DAL,LAX,NRT,Economy,1185.66,160.63,1346.29,USD,2025-05-01,2025-08-31,Y257
R10578,VOI,ZCL,TIJ,Economy,190.15,29.09,219.24,USD,2025-05-01,2025-08-31,Y696
R11164,LNI,KNO,PEN,Economy,37.09,5.68,42.77,USD,2025-05-01,2025-08-31,Y384
R10722,VOI,MIA,GDL,Economy,304.49,66.32,370.81,USD,2025-05-01,2025-08-31,Y685
R10561,VOI,MEX,TAP,Business,374.25,62.5,436.75,USD,2025-05-01,2025-08-31,J137
R10629,VOI,BJX,CUN,Business,475.86,63.33,539.19,USD,2025-05-01,2025-08-31,J381
R10899,VOI,CUL,TIJ,Business,461.79,67.48,529.27,USD,2025-05-01,2025-08-31,J178
R11007,LNI,DPS,BDJ,Business,218.1,27.39,245.49,USD,2025-05-01,2025-08-31,J844
R10346,AXM,KCH,KUL,Economy,98.49,15.96,114.45,USD,2025-05-01,2025-08-31,Y216
R10828,VOI,BJX,MDW,Economy,252.22,43.27,295.49,USD,2025-05-01,2025-08-31,Y384
R10999,LNI,MKQ,UPG,Business,587.45,98.88,686.33,USD,2025-05-01,2025-08-31,J135
R10115,AXM,KUL,KNO,Business,192.99,27.76,220.75,USD,2025-05-01,2025-08-31,J262
R10756,VOI,GDL,SJD,Economy,101.83,19.88,121.71,USD,2025-05-01,2025-08-31,Y915
R11114,LNI,PGK,PLM,Economy,36.95,6.85,43.8,USD,2025-05-01,2025-08-31,Y120
R10818,VOI,MLM,IAH,Economy,181.89,27.15,209.04,USD,2025-05-01,2025-08-31,Y686
R10771,VOI,MDW,BJX,Business,677.73,77.23,754.96,USD,2025-05-01,2025-08-31,J263
R10538,VOI,CTM,MEX,Economy,147.65,21.04,168.69,USD,2025-05-01,2025-08-31,Y404
R10892,VOI,NLU,SJD,Economy,130.07,24.82,154.89,USD,2025-05-01,2025-08-31,Y818
R11218,LNI,UPG,YIA,Economy,110.41,14.38,124.79,USD,2025-05-01,2025-08-31,Y988
R10618,VOI,GUA,MEX,Economy,116.49,21.67,138.16,USD,2025-05-01,2025-08-31,Y729
R10875,VOI,HUX,GDL,Business,396.42,66.25,462.67,USD,2025-05-01,2025-08-31,J530
R11194,LNI,CGK,PGK,Economy,58.83,12.41,71.24,USD,2025-05-01,2025-08-31,Y808
R11052,LNI,JED,KNO,Economy,518.72,111.16,629.88,USD,2025-05-01,2025-08-31,Y829
R10844,VOI,MEX,DEN,Economy,297.12,43.8,340.92,USD,2025-05-01,2025-08-31,Y770
R10365,VOI,PDX,GDL,Business,904.56,114.83,1019.39,USD,2025-05-01,2025-08-31,J884
R10044,AXM,PEN,BKI,Economy,166.62,27.3,193.92,USD,2025-05-01,2025-08-31,Y656
R10532,VOI,GDL,OAX,Economy,105.9,19.72,125.62,USD,2025-05-01,2025-08-31,Y638
R11181,LNI,PDG,JED,Business,1353.71,191.9,1545.61,USD,2025-05-01,2025-08-31,J818
R10533,VOI,GDL,OAX,Business,292.68,51.67,344.35,USD,2025-05-01,2025-08-31,J570
R11189,LNI,BKS,CGK,Business,150.73,24.38,175.11,USD,2025-05-01,2025-08-31,J561
R11258,EVA,TPE,LAX,Economy,1651.57,212.48,1864.05,USD,2025-05-01,2025-08-31,Y883
R10820,VOI,TIJ,LMM,Economy,154.0,20.57,174.57,USD,2025-05-01,2025-08-31,Y868
R10881,VOI,MLM,MTY,Business,274.9,36.63,311.53,USD,2025-05-01,2025-08-31,J818
R10398,VOI,TLC,SJD,Economy,149.46,18.18,167.64,USD,2025-05-01,2025-08-31,Y627
R10101,AXM,KBR,KUL,Business,159.18,18.78,177.96,USD,2025-05-01,2025-08-31,J303
R10513,VOI,GDL,TRC,Business,216.76,32.31,249.07,USD,2025-05-01,2025-08-31,J266
R10244,AXM,KUL,MFM,Economy,284.2,60.05,344.25,USD,2025-05-01,2025-08-31,Y572
R10667,VOI,GDL,CUN,Business,469.9,80.42,550.32,USD,2025-05-01,2025-08-31,J757
R10602,VOI,TIJ,GDL,Economy,186.59,28.82,215.41,USD,2025-05-01,2025-08-31,Y165
R10394,VOI,MEX,LAS,Economy,279.18,45.32,324.5,USD,2025-05-01,2025-08-31,Y894
R10962,LNI,DJJ,BIK,Economy,53.27,10.08,63.35,USD,2025-05-01,2025-08-31,Y458
R10076,AXM,YIA,KUL,Economy,146.76,27.03,173.79,USD,2025-05-01,2025-08-31,Y509
R10296,AXM,KUL,CCU,Economy,276.19,56.14,332.33,USD,2025-05-01,2025-08-31,Y393
R10997,LNI,SUB,PNK,Business,280.78,49.11,329.89,USD,2025-05-01,2025-08-31,J686
R10715,VOI,MTY,CUL,Business,289.26,46.54,335.8,USD,2025-05-01,2025-08-31,J204
R10220,AXM,KUL,HYD,Economy,282.22,50.74,332.96,USD,2025-05-01,2025-08-31,Y542
R10065,AXM,KUL,SIN,Business,164.8,19.6,184.4,USD,2025-05-01,2025-08-31,J266
R11225,DAL,SEA,DFW,Economy,417.47,79.51,496.98,USD,2025-05-01,2025-08-31,Y763
R11295,VOI,LAS,GDL,First,1535.33,214.95,1750.28,USD,2025-05-01,2025-08-31,F662
R11054,LNI,PNK,BTH,Economy,73.67,15.11,88.78,USD,2025-05-01,2025-08-31,Y570
R10558,VOI,MID,NLU,Economy,111.76,22.0,133.76,USD,2025-05-01,2025-08-31,Y767
R10425,VOI,ONT,GDL,Business,685.56,108.43,793.99,USD,2025-05-01,2025-08-31,J180
R11283,LNI,PGK,CGK,Economy,51.35,7.18,58.53,USD,2025-09-01,2025-12-31,Y916
R10812,VOI,TIJ,BJX,Economy,251.44,35.45,286.89,USD,2025-05-01,2025-08-31,Y855
R10622,VOI,GDL,NLU,Economy,89.22,12.89,102.11,USD,2025-05-01,2025-08-31,Y145
R10432,VOI,LAX,MEX,Economy,256.32,55.88,312.2,USD,2025-05-01,2025-08-31,Y158
R11033,LNI,DJB,CGK,Business,151.14,21.24,172.38,USD,2025-05-01,2025-08-31,J238
R10023,AXM,KOS,KUL,Business,253.12,41.19,294.31,USD,2025-05-01,2025-08-31,J565
R10063,AXM,KNO,PEN,Business,122.29,17.71,140.0,USD,2025-05-01,2025-08-31,J995
R11275,VOI,LAS,MEX,Economy,306.7,64.92,371.62,USD,2025-09-01,2025-12-31,Y417
R10668,VOI,CUN,MEX,Economy,183.06,31.56,214.62,USD,2025-05-01,2025-08-31,Y959
R10051,AXM,PEN,SGN,Business,276.19,42.81,319.0,USD,2025-05-01,2025-08-31,J973
R11068,LNI,BDJ,DPS,Economy,72.89,11.7,84.59,USD,2025-05-01,2025-08-31,Y854
R10043,AXM,KUL,SRG,Business,478.43,81.5,559.93,USD,2025-05-01,2025-08-31,J478
R10479,VOI,OAK,GDL,Business,795.14,136.06,931.2,USD,2025-05-01,2025-08-31,J658
R10938,LNI,KDI,UPG,Economy,38.97,6.54,45.51,USD,2025-05-01,2025-08-31,Y439
R10739,VOI,CUN,OAX,Business,403.29,52.11,455.4,USD,2025-05-01,2025-08-31,J677
R10585,VOI,ORD,MLM,Business,907.05,160.17,1067.22,USD,2025-05-01,2025-08-31,J589
R11036,LNI,CGK,BPN,Economy,100.81,12.68,113.49,USD,2025-05-01,2025-08-31,Y133
R10554,VOI,GDL,TQO,Economy,47.31,10.24,57.55,USD,2025-05-01,2025-08-31,Y261
R10644,VOI,SAT,MEX,Economy,148.86,18.45,167.31,USD,2025-05-01,2025-08-31,Y174
R10631,VOI,IAH,MEX,Business,415.08,62.29,477.37,USD,2025-05-01,2025-08-31,J537
R10078,AXM,BKI,KCH,Economy,111.7,14.69,126.39,USD,2025-05-01,2025-08-31,Y367
R10847,VOI,SLP,IAH,Business,446.36,70.56,516.92,USD,2025-05-01,2025-08-31,J873
R10374,VOI,TGZ,MEX,Economy,99.97,21.46,121.43,USD,2025-05-01,2025-08-31,Y551
R10261,AXM,KCH,BKI,Business,284.1,46.85,330.95,USD,2025-05-01,2025-08-31,J495
R10361,VOI,MID,GDL,Business,511.67,71.07,582.74,USD,2025-05-01,2025-08-31,J331
R10701,VOI,TLC,MTY,Business,317.48,50.94,368.42,USD,2025-05-01,2025-08-31,J243
R11093,LNI,KDI,SUB,Business,316.93,51.05,367.98,USD,2025-05-01,2025-08-31,J190
R10239,AXM,NGB,BKI,Business,734.82,81.18,816.0,USD,2025-05-01,2025-08-31,J394
R10243,AXM,KUL,AOR,Business,146.46,19.43,165.89,USD,2025-05-01,2025-08-31,J330
R10626,VOI,LAP,TIJ,Economy,165.33,29.36,194.69,USD,2025-05-01,2025-08-31,Y691
R10350,VOI,OAK,MEX,Economy,350.91,65.15,416.06,USD,2025-05-01,2025-08-31,Y717
R11161,LNI,BDJ,SUB,Business,160.24,24.27,184.51,USD,2025-05-01,2025-08-31,J260
R10254,AXM,TWU,BKI,Economy,50.1,8.95,59.05,USD,2025-05-01,2025-08-31,Y775
R10032,AXM,KUL,KBR,Economy,53.07,10.94,64.01,USD,2025-05-01,2025-08-31,Y513
R10312,AXM,BKI,KUL,Economy,194.63,39.02,233.65,USD,2025-05-01,2025-08-31,Y474
R10727,VOI,PBC,CUN,Business,410.3,72.02,482.32,USD,2025-05-01,2025-08-31,J838
R10184,AXM,CGK,PEN,Economy,144.65,28.1,172.75,USD,2025-05-01,2025-08-31,Y880
R10081,AXM,BKI,MYY,Business,136.86,17.12,153.98,USD,2025-05-01,2025-08-31,J720
R10506,VOI,DGO,GDL,Economy,78.74,10.46,89.2,USD,2025-05-01,2025-08-31,Y199
R10282,AXM,SIN,PEN,Economy,71.79,12.99,84.78,USD,2025-05-01,2025-08-31,Y491
R10308,AXM,KUL,TWU,Economy,214.66,32.09,246.75,USD,2025-05-01,2025-08-31,Y991
R11206,LNI,DJJ,UPG,Economy,166.18,31.75,197.93,USD,2025-05-01,2025-08-31,Y282
R10390,VOI,TIJ,UPN,Economy,234.4,47.61,282.01,USD,2025-05-01,2025-08-31,Y877
R10231,AXM,SBW,BKI,Business,210.54,25.91,236.45,USD,2025-05-01,2025-08-31,J510
R10731,VOI,TIJ,CJS,Business,417.54,70.55,488.09,USD,2025-05-01,2025-08-31,J550
R10846,VOI,SLP,IAH,Economy,151.93,20.75,172.68,USD,2025-05-01,2025-08-31,Y505
R10864,VOI,MLM,MDW,Economy,288.53,62.42,350.95,USD,2025-05-01,2025-08-31,Y422
R10590,VOI,MDW,ZCL,Economy,286.94,57.03,343.97,USD,2025-05-01,2025-08-31,Y638
R10759,VOI,CUN,PBC,Business,404.42,59.05,463.47,USD,2025-05-01,2025-08-31,J556
R11255,EVA,SEA,DFW,Economy,423.12,51.02,474.14,USD,2025-05-01,2025-08-31,Y837
R10788,VOI,PVR,BJX,Economy,64.34,10.12,74.46,USD,2025-05-01,2025-08-31,Y244
R10858,VOI,TIJ,ZIH,Economy,225.26,38.98,264.24,USD,2025-05-01,2025-08-31,Y108
R11192,LNI,KNO,BTH,Economy,73.43,12.87,86.3,USD,2025-05-01,2025-08-31,Y543
R10832,VOI,TQO,GDL,Economy,57.65,9.56,67.21,USD,2025-05-01,2025-08-31,Y780
R10724,VOI,IAH,SLP,Economy,118.53,17.79,136.32,USD,2025-05-01,2025-08-31,Y604
R10983,LNI,SUB,PLM,Business,279.49,41.93,321.42,USD,2025-05-01,2025-08-31,J591
R11261,EVA,LAX,NRT,Economy,1521.8,227.51,1749.31,USD,2025-05-01,2025-08-31,Y749
R10536,VOI,TGZ,GDL,Economy,155.27,29.4,184.67,USD,2025-05-01,2025-08-31,Y724
R10218,AXM,BKI,CAN,Economy,195.78,29.45,225.23,USD,2025-05-01,2025-08-31,Y512
R11157,LNI,LUV,AMQ,Business,207.89,22.37,230.26,USD,2025-05-01,2025-08-31,J777
R10573,VOI,DEN,CUU,Business,465.73,70.37,536.1,USD,2025-05-01,2025-08-31,J515
R11081,LNI,SUB,DPS,Business,130.12,17.91,148.03,USD,2025-05-01,2025-08-31,J987
R10058,AXM,SBW,KCH,Economy,51.82,9.05,60.87,USD,2025-05-01,2025-08-31,Y954
R11108,LNI,BPN,YIA,Economy,94.4,13.48,107.88,USD,2025-05-01,2025-08-31,Y844
R10198,AXM,PER,KUL,Economy,341.63,60.22,401.85,USD,2025-05-01,2025-08-31,Y411
R11163,LNI,YIA,UPG,Business,311.98,33.07,345.05,USD,2025-05-01,2025-08-31,J603
R10464,VOI,AGU,MDW,Economy,292.47,52.29,344.76,USD,2025-05-01,2025-08-31,Y886
R10529,VOI,MLM,SMF,Business,849.78,137.66,987.44,USD,2025-05-01,2025-08-31,J582
R10614,VOI,PVR,TIJ,Economy,202.47,38.86,241.33,USD,2025-05-01,2025-08-31,Y534
R10196,AXM,KUL,BDJ,Economy,184.34,29.51,213.85,USD,2025-05-01,2025-08-31,Y175
R10528,VOI,MLM,SMF,Economy,304.88,49.18,354.06,USD,2025-05-01,2025-08-31,Y308
R10477,VOI,CUN,TLC,Business,559.09,67.75,626.84,USD,2025-05-01,2025-08-31,J315
R10049,AXM,KUL,MNL,Business,867.95,138.35,1006.3,USD,2025-05-01,2025-08-31,J259
R10233,AXM,KUL,SZX,Business,705.71,84.82,790.53,USD,2025-05-01,2025-08-31,J218
R10275,AXM,PEN,SIN,Business,220.71,35.26,255.97,USD,2025-05-01,2025-08-31,J544
R10270,AXM,KUL,CGK,Economy,121.63,15.57,137.2,USD,2025-05-01,2025-08-31,Y436
R10086,AXM,HKG,KUL,Economy,261.58,40.92,302.5,USD,2025-05-01,2025-08-31,Y171
R10123,AXM,KUL,TRZ,Business,629.85,83.89,713.74,USD,2025-05-01,2025-08-31,J438
R10210,AXM,KUL,PEN,Economy,60.28,11.47,71.75,USD,2025-05-01,2025-08-31,Y564
R11146,LNI,PLM,CGK,Economy,46.35,7.49,53.84,USD,2025-05-01,2025-08-31,Y704
R10610,VOI,MIA,MEX,Economy,236.24,43.79,280.03,USD,2025-05-01,2025-08-31,Y456
R11285,LNI,PNK,CGK,Economy,81.35,9.93,91.28,USD,2025-09-01,2025-12-31,Y491
R10596,VOI,SLP,CUN,Economy,188.56,31.84,220.4,USD,2025-05-01,2025-08-31,Y622
R11006,LNI,DPS,BDJ,Economy,74.78,13.66,88.44,USD,2025-05-01,2025-08-31,Y954
R10806,VOI,SAT,GDL,Economy,154.89,30.36,185.25,USD,2025-05-01,2025-08-31,Y551
R10128,AXM,MAA,KUL,Economy,214.21,33.24,247.45,USD,2025-05-01,2025-08-31,Y871
R10316,AXM,SGN,BKI,Economy,142.68,30.54,173.22,USD,2025-05-01,2025-08-31,Y210
R11257,EVA,SIN,LAX,Economy,2147.14,365.62,2512.76,USD,2025-05-01,2025-08-31,Y396
R10462,VOI,AGU,TIJ,Economy,186.93,31.14,218.07,USD,2025-05-01,2025-08-31,Y629
R10534,VOI,GDL,SJC,Economy,324.09,49.99,374.08,USD,2025-05-01,2025-08-31,Y462
R11167,LNI,BDJ,YIA,Business,198.85,32.63,231.48,USD,2025-05-01,2025-08-31,J558
R10411,VOI,MEX,IAH,Business,387.71,64.53,452.24,USD,2025-05-01,2025-08-31,J801
R10523,VOI,CUN,BJX,Business,629.6,92.35,721.95,USD,2025-05-01,2025-08-31,J274
R11024,LNI,SUB,KDI,Economy,112.16,16.95,129.11,USD,2025-05-01,2025-08-31,Y963
R11284,LNI,PGK,CGK,Business,147.29,22.16,169.45,USD,2025-09-01,2025-12-31,J921
R10745,VOI,MEX,LMM,Business,508.53,56.52,565.05,USD,2025-05-01,2025-08-31,J410
R10029,AXM,CXR,KUL,Business,354.89,49.77,404.66,USD,2025-05-01,2025-08-31,J973
R11040,LNI,UPG,TIM,Economy,168.21,24.25,192.46,USD,2025-05-01,2025-08-31,Y600
R10583,VOI,MTY,BJX,Business,285.47,44.31,329.78,USD,2025-05-01,2025-08-31,J754
R10031,AXM,PVG,BKI,Business,711.89,81.77,793.66,USD,2025-05-01,2025-08-31,J709
R10339,AXM,KUL,BTJ,Business,314.16,37.27,351.43,USD,2025-05-01,2025-08-31,J892
R10778,VOI,MEX,PVR,Economy,105.77,21.11,126.88,USD,2025-05-01,2025-08-31,Y691
R10247,AXM,CMB,KUL,Business,721.86,96.18,818.04,USD,2025-05-01,2025-08-31,J594
R11149,LNI,CGK,KOE,Business,417.67,70.59,488.26,USD,2025-05-01,2025-08-31,J958
R10070,AXM,MYY,JHB,Economy,116.08,22.07,138.15,USD,2025-05-01,2025-08-31,Y491
R10780,VOI,MTY,DEN,Economy,183.54,25.64,209.18,USD,2025-05-01,2025-08-31,Y216
R10240,AXM,NNG,KUL,Economy,223.64,42.45,266.09,USD,2025-05-01,2025-08-31,Y224
R10363,VOI,SJD,TLC,Business,520.7,56.28,576.98,USD,2025-05-01,2025-08-31,J889
R10428,VOI,TIJ,MTY,Economy,197.3,29.51,226.81,USD,2025-05-01,2025-08-31,Y556
R10277,AXM,PEN,JHB,Business,274.0,37.13,311.13,USD,2025-05-01,2025-08-31,J810
R10380,VOI,HMO,MEX,Economy,204.8,35.14,239.94,USD,2025-05-01,2025-08-31,Y227
R10605,VOI,TPQ,TIJ,Business,843.97,136.32,980.29,USD,2025-05-01,2025-08-31,J884
R10351,VOI,OAK,MEX,Business,1091.78,138.29,1230.07,USD,2025-05-01,2025-08-31,J696
R10890,VOI,MLM,MXL,Economy,225.23,40.74,265.97,USD,2025-05-01,2025-08-31,Y416
R10048,AXM,KUL,MNL,Economy,277.94,37.09,315.03,USD,2025-05-01,2025-08-31,Y218
R10113,AXM,BKI,KHH,Business,616.83,105.67,722.5,USD,2025-05-01,2025-08-31,J727
R10155,AXM,LGK,KUL,Business,190.61,31.73,222.34,USD,2025-05-01,2025-08-31,J348
R10192,AXM,SBW,KUL,Economy,132.7,25.91,158.61,USD,2025-05-01,2025-08-31,Y205
R10420,VOI,GDL,TLC,Economy,79.17,11.66,90.83,USD,2025-05-01,2025-08-31,Y918
R10998,LNI,MKQ,UPG,Economy,211.59,35.47,247.06,USD,2025-05-01,2025-08-31,Y180
R10976,LNI,CGK,YIA,Economy,46.76,9.77,56.53,USD,2025-05-01,2025-08-31,Y260
R10680,VOI,MEX,MCO,Economy,266.02,45.87,311.89,USD,2025-05-01,2025-08-31,Y346
R11288,LNI,JED,UPG,Business,2279.46,298.77,2578.23,USD,2025-09-01,2025-12-31,J284
R10893,VOI,NLU,SJD,Business,326.21,45.58,371.79,USD,2025-05-01,2025-08-31,J455
R10409,VOI,TIJ,CUN,Business,1086.59,174.43,1261.02,USD,2025-05-01,2025-08-31,J236
R10107,AXM,KUL,CNX,Business,527.88,89.12,617.0,USD,2025-05-01,2025-08-31,J209
R10471,VOI,RNO,GDL,Business,674.1,83.74,757.84,USD,2025-05-01,2025-08-31,J646
R11240,AAL,SEA,DFW,Economy,333.89,48.09,381.98,USD,2025-05-01,2025-08-31,Y757
R11041,LNI,UPG,TIM,Business,490.47,56.01,546.48,USD,2025-05-01,2025-08-31,J991
R10693,VOI,MXL,GDL,Business,593.01,81.86,674.87,USD,2025-05-01,2025-08-31,J147
R11233,DAL,JFK,LHR,Economy,761.6,128.75,890.35,USD,2025-05-01,2025-08-31,Y686
R11197,LNI,BPN,LOP,Business,221.9,31.14,253.04,USD,2025-05-01,2025-08-31,J493
R10265,AXM,KUL,CAN,Business,693.23,117.8,811.03,USD,2025-05-01,2025-08-31,J550
R10842,VOI,MTY,QRO,Economy,82.07,15.5,97.57,USD,2025-05-01,2025-08-31,Y235
R11118,LNI,BPN,SUB,Economy,83.85,12.59,96.44,USD,2025-05-01,2025-08-31,Y777
R10422,VOI,TIJ,ACA,Economy,267.78,57.75,325.53,USD,2025-05-01,2025-08-31,Y447
R10950,LNI,TKG,CGK,Economy,39.22,5.58,44.8,USD,2025-05-01,2025-08-31,Y703
R10221,AXM,KUL,HYD,Business,850.66,126.15,976.81,USD,2025-05-01,2025-08-31,J126
R10405,VOI,TIJ,LAP,Business,525.01,54.33,579.34,USD,2025-05-01,2025-08-31,J496
R10168,AXM,PEN,KUL,Economy,62.55,8.05,70.6,USD,2025-05-01,2025-08-31,Y561
R10482,VOI,CUN,NLU,Economy,147.86,18.82,166.68,USD,2025-05-01,2025-08-31,Y161
R10670,VOI,DEN,MTY,Economy,163.74,19.75,183.49,USD,2025-05-01,2025-08-31,Y240
R11085,LNI,CGK,PLM,Business,123.74,12.91,136.65,USD,2025-05-01,2025-08-31,J974
R10429,VOI,TIJ,MTY,Business,576.48,77.3,653.78,USD,2025-05-01,2025-08-31,J806
R11099,LNI,YIA,BPN,Business,314.03,47.15,361.18,USD,2025-05-01,2025-08-31,J354
R10542,VOI,MTY,TGZ,Economy,145.46,19.23,164.69,USD,2025-05-01,2025-08-31,Y792
R10174,AXM,LOP,KUL,Economy,209.88,36.03,245.91,USD,2025-05-01,2025-08-31,Y295
R11023,LNI,DPS,ICN,Business,1059.27,107.64,1166.91,USD,2025-05-01,2025-08-31,J937
R10494,VOI,MTY,MLM,Economy,115.82,19.31,135.13,USD,2025-05-01,2025-08-31,Y415
R10969,LNI,MDC,DJJ,Business,401.25,42.49,443.74,USD,2025-05-01,2025-08-31,J966
R10438,VOI,TRC,TIJ,Economy,174.58,37.53,212.11,USD,2025-05-01,2025-08-31,Y133
R10054,AXM,PEN,KNO,Economy,45.57,5.48,51.05,USD,2025-05-01,2025-08-31,Y889
R10208,AXM,SZB,KCH,Economy,95.74,15.8,111.54,USD,2025-05-01,2025-08-31,Y708
R10303,AXM,BKI,TPE,Business,563.73,62.3,626.03,USD,2025-05-01,2025-08-31,J402
R10377,VOI,SJD,OAK,Business,705.41,115.76,821.17,USD,2025-05-01,2025-08-31,J241
R10056,AXM,KUL,PQC,Economy,110.92,19.43,130.35,USD,2025-05-01,2025-08-31,Y537
R10695,VOI,MEX,LIM,Business,1584.13,229.83,1813.96,USD,2025-05-01,2025-08-31,J133
R10163,AXM,KUL,PDG,Business,210.82,23.66,234.48,USD,2025-05-01,2025-08-31,J280
R10109,AXM,AMD,KUL,Business,1250.06,176.8,1426.86,USD,2025-05-01,2025-08-31,J151
R10497,VOI,TRC,GDL,Business,261.17,27.13,288.3,USD,2025-05-01,2025-08-31,J388
R10665,VOI,GDL,MCO,Business,864.39,137.11,1001.5,USD,2025-05-01,2025-08-31,J460
R10348,AXM,MFM,KUL,Economy,234.0,41.97,275.97,USD,2025-05-01,2025-08-31,Y562
R10770,VOI,MDW,BJX,Economy,253.76,50.75,304.51,USD,2025-05-01,2025-08-31,Y858
R11072,LNI,UPG,PLW,Economy,54.75,11.72,66.47,USD,2025-05-01,2025-08-31,Y467
R10746,VOI,MEX,GDL,Economy,73.1,13.59,86.69,USD,2025-05-01,2025-08-31,Y832
R10259,AXM,BKI,SIN,Business,493.48,58.57,552.05,USD,2025-05-01,2025-08-31,J894
R11293,AXM,SBW,KCH,First,247.29,34.62,281.91,USD,2025-05-01,2025-08-31,F918
R11210,LNI,KOE,DPS,Economy,95.66,17.93,113.59,USD,2025-05-01,2025-08-31,Y961
R11062,LNI,BPN,UPG,Economy,54.65,10.14,64.79,USD,2025-05-01,2025-08-31,Y767
R11242,AAL,SIN,LAX,Economy,1588.63,317.12,1905.75,USD,2025-05-01,2025-08-31,Y216
R10714,VOI,MTY,CUL,Economy,102.89,13.29,116.18,USD,2025-05-01,2025-08-31,Y415
R10526,VOI,LAP,GDL,Economy,105.49,18.7,124.19,USD,2025-05-01,2025-08-31,Y817
R10796,VOI,TIJ,NLU,Economy,230.32,36.48,266.8,USD,2025-05-01,2025-08-31,Y675
R11008,LNI,BPN,DPS,Economy,94.14,11.93,106.07,USD,2025-05-01,2025-08-31,Y497
R11084,LNI,CGK,PLM,Economy,45.68,8.59,54.27,USD,2025-05-01,2025-08-31,Y642
R10970,LNI,KNO,SUB,Economy,137.69,16.8,154.49,USD,2025-05-01,2025-08-31,Y367
R10551,VOI,BJX,ONT,Business,776.75,110.67,887.42,USD,2025-05-01,2025-08-31,J753
R10493,VOI,GDL,SAT,Business,428.28,68.97,497.25,USD,2025-05-01,2025-08-31,J610
R10581,VOI,ORD,MEX,Business,733.71,91.38,825.09,USD,2025-05-01,2025-08-31,J515
R10783,VOI,TGZ,TIJ,Business,1092.08,160.49,1252.57,USD,2025-05-01,2025-08-31,J456
R10922,LNI,TIM,DJJ,Economy,46.39,8.34,54.73,USD,2025-05-01,2025-08-31,Y130
R10381,VOI,HMO,MEX,Business,552.87,89.04,641.91,USD,2025-05-01,2025-08-31,J379
R10552,VOI,SJD,GDL,Economy,96.12,12.5,108.62,USD,2025-05-01,2025-08-31,Y438
R10857,VOI,GDL,LAS,Business,647.79,98.03,745.82,USD,2025-05-01,2025-08-31,J793
R10711,VOI,SEA,GDL,Business,1081.72,169.88,1251.6,USD,2025-05-01,2025-08-31,J184
R10873,VOI,GDL,MXL,Business,612.76,64.76,677.52,USD,2025-05-01,2025-08-31,J112
R10170,AXM,JHB,CAN,Economy,269.46,41.4,310.86,USD,2025-05-01,2025-08-31,Y606
R10413,VOI,PVR,MTY,Business,285.91,31.68,317.59,USD,2025-05-01,2025-08-31,J833
R10839,VOI,ZIH,TIJ,Business,612.55,91.94,704.49,USD,2025-05-01,2025-08-31,J956
R10289,AXM,MYY,KCH,Business,251.13,34.29,285.42,USD,2025-05-01,2025-08-31,J409
R10382,VOI,OAK,ZCL,Economy,270.79,46.4,317.19,USD,2025-05-01,2025-08-31,Y950
R10850,VOI,MZT,TIJ,Economy,156.94,22.38,179.32,USD,2025-05-01,2025-08-31,Y796
R10209,AXM,SZB,KCH,Business,270.84,27.79,298.63,USD,2025-05-01,2025-08-31,J395
R10676,VOI,ONT,BJX,Economy,235.63,28.67,264.3,USD,2025-05-01,2025-08-31,Y839
R10297,AXM,KUL,CCU,Business,840.45,99.52,939.97,USD,2025-05-01,2025-08-31,J921
R10140,AXM,LGK,SIN,Economy,86.0,16.87,102.87,USD,2025-05-01,2025-08-31,Y488
R10872,VOI,GDL,MXL,Economy,207.95,27.3,235.25,USD,2025-05-01,2025-08-31,Y611
R10908,VOI,CUU,GDL,Economy,136.9,22.17,159.07,USD,2025-05-01,2025-08-31,Y429
R11245,AAL,NRT,LAX,Economy,981.82,181.79,1163.61,USD,2025-05-01,2025-08-31,Y428
R10723,VOI,MIA,GDL,Business,872.29,135.05,1007.34,USD,2025-05-01,2025-08-31,J273
R11022,LNI,DPS,ICN,Economy,338.65,56.73,395.38,USD,2025-05-01,2025-08-31,Y375
R11185,LNI,SUB,JED,Business,1625.47,283.51,1908.98,USD,2025-05-01,2025-08-31,J502
R10707,VOI,LMM,MXL,Business,368.93,60.02,428.95,USD,2025-05-01,2025-08-31,J561
R10199,AXM,PER,KUL,Business,874.45,104.81,979.26,USD,2025-05-01,2025-08-31,J671
R10671,VOI,DEN,MTY,Business,505.92,59.96,565.88,USD,2025-05-01,2025-08-31,J824
R11202,LNI,DPS,SUB,Economy,44.04,9.0,53.04,USD,2025-05-01,2025-08-31,Y660
R11049,LNI,YIA,TRK,Business,412.3,66.55,478.85,USD,2025-05-01,2025-08-31,J109
R10010,AXM,BKI,HGH,Economy,258.86,42.03,300.89,USD,2025-05-01,2025-08-31,Y578
R10147,AXM,KUL,PNK,Business,258.11,35.59,293.7,USD,2025-05-01,2025-08-31,J217
R10869,VOI,JFK,GDL,Business,872.31,123.36,995.67,USD,2025-05-01,2025-08-31,J621
R10522,VOI,CUN,BJX,Economy,209.52,37.26,246.78,USD,2025-05-01,2025-08-31,Y333
R10809,VOI,SJC,BJX,Business,857.69,154.34,1012.03,USD,2025-05-01,2025-08-31,J560
R10342,AXM,DMK,KUL,Economy,137.84,27.55,165.39,USD,2025-05-01,2025-08-31,Y212
R10352,VOI,LAS,MEX,Economy,283.98,60.11,344.09,USD,2025-05-01,2025-08-31,Y417
R10843,VOI,MTY,QRO,Business,255.85,31.76,287.61,USD,2025-05-01,2025-08-31,J995
R10371,VOI,TIJ,VER,Business,813.83,130.12,943.95,USD,2025-05-01,2025-08-31,J559
R10894,VOI,FAT,GDL,Economy,269.61,53.46,323.07,USD,2025-05-01,2025-08-31,Y838
R11183,LNI,PKY,SUB,Business,145.14,22.84,167.98,USD,2025-05-01,2025-08-31,J838
R10135,AXM,MYY,KUL,Business,447.57,79.87,527.44,USD,2025-05-01,2025-08-31,J646
R10286,AXM,JHB,KUL,Economy,49.43,7.35,56.78,USD,2025-05-01,2025-08-31,Y659
R11018,LNI,KNO,BPN,Economy,173.69,29.06,202.75,USD,2025-05-01,2025-08-31,Y276
R10889,VOI,OAK,SJD,Business,658.62,114.58,773.2,USD,2025-05-01,2025-08-31,J218
R10485,VOI,GDL,LAP,Business,322.93,40.54,363.47,USD,2025-05-01,2025-08-31,J981
R10442,VOI,MXL,MEX,Economy,257.38,37.31,294.69,USD,2025-05-01,2025-08-31,Y216
R10158,AXM,KBR,KCH,Economy,136.14,26.99,163.13,USD,2025-05-01,2025-08-31,Y455
R11128,LNI,DPS,KOE,Economy,75.06,14.05,89.11,USD,2025-05-01,2025-08-31,Y213
R11298,AXM,PEN,SGN,First,483.45,67.68,551.13,USD,2025-05-01,2025-08-31,F694
R10545,VOI,PVR,MXL,Business,560.77,57.96,618.73,USD,2025-05-01,2025-08-31,J831
R10358,VOI,LAX,OAX,Economy,353.77,45.76,399.53,USD,2025-05-01,2025-08-31,Y786
R10774,VOI,CLT,GDL,Economy,268.11,49.8,317.91,USD,2025-05-01,2025-08-31,Y505
R10807,VOI,SAT,GDL,Business,446.46,80.0,526.46,USD,2025-05-01,2025-08-31,J204
R10865,VOI,MLM,MDW,Business,881.1,105.58,986.68,USD,2025-05-01,2025-08-31,J760
R10096,AXM,KMG,JHB,Economy,238.93,39.23,278.16,USD,2025-05-01,2025-08-31,Y791
R10344,AXM,AOR,JHB,Economy,78.34,15.58,93.92,USD,2025-05-01,2025-08-31,Y702
R10859,VOI,TIJ,ZIH,Business,659.39,74.6,733.99,USD,2025-05-01,2025-08-31,J459
R10458,VOI,SJD,TIJ,Economy,176.99,22.4,199.39,USD,2025-05-01,2025-08-31,Y507
R10156,AXM,KUL,UPG,Economy,187.28,36.94,224.22,USD,2025-05-01,2025-08-31,Y970
R10439,VOI,TRC,TIJ,Business,510.4,78.77,589.17,USD,2025-05-01,2025-08-31,J479
R11291,AXM,KUL,BPN,First,1185.83,166.02,1351.85,USD,2025-05-01,2025-08-31,F245
R11070,LNI,UPG,SOQ,Economy,132.95,20.52,153.47,USD,2025-05-01,2025-08-31,Y830
R10306,AXM,CCU,KUL,Economy,258.37,54.61,312.98,USD,2025-05-01,2025-08-31,Y950
R10447,VOI,TGZ,CUN,Business,350.13,38.81,388.94,USD,2025-05-01,2025-08-31,J175
R10718,VOI,LAX,MLM,Economy,219.54,34.11,253.65,USD,2025-05-01,2025-08-31,Y195
R11204,LNI,SUB,KOE,Economy,114.86,16.09,130.95,USD,2025-05-01,2025-08-31,Y739
R10461,VOI,PHX,GDL,Business,487.72,86.71,574.43,USD,2025-05-01,2025-08-31,J757
R10298,AXM,KCH,SBW,Economy,43.61,8.01,51.62,USD,2025-05-01,2025-08-31,Y735
R10309,AXM,KUL,TWU,Business,587.55,64.17,651.72,USD,2025-05-01,2025-08-31,J177
R11272,AXM,KUL,MYY,Business,503.29,85.86,589.15,USD,2025-09-01,2025-12-31,J690
R10453,VOI,GDL,LMM,Business,377.2,61.67,438.87,USD,2025-05-01,2025-08-31,J620
R11075,LNI,BTH,BPN,Business,337.48,37.2,374.68,USD,2025-05-01,2025-08-31,J364
R10651,VOI,TLC,TIJ,Business,763.32,132.21,895.53,USD,2025-05-01,2025-08-31,J665
R11116,LNI,PGK,TJQ,Economy,34.49,6.03,40.52,USD,2025-05-01,2025-08-31,Y585
R10597,VOI,SLP,CUN,Business,530.2,55.38,585.58,USD,2025-05-01,2025-08-31,J235
R10965,LNI,BIK,UPG,Business,424.15,72.43,496.58,USD,2025-05-01,2025-08-31,J604
R10178,AXM,KUL,MLE,Economy,251.74,37.62,289.36,USD,2025-05-01,2025-08-31,Y514
R11013,LNI,TRK,SUB,Business,301.55,43.82,345.37,USD,2025-05-01,2025-08-31,J696
R10481,VOI,PVR,TLC,Business,235.46,38.75,274.21,USD,2025-05-01,2025-08-31,J515
R11002,LNI,PKY,CGK,Economy,76.68,15.01,91.69,USD,2025-05-01,2025-08-31,Y277
R10294,AXM,LKO,KUL,Economy,303.87,53.66,357.53,USD,2025-05-01,2025-08-31,Y802
R11101,LNI,SUB,LOP,Business,122.03,15.95,137.98,USD,2025-05-01,2025-08-31,J702
R10848,VOI,HUX,MEX,Economy,76.88,14.26,91.14,USD,2025-05-01,2025-08-31,Y820
R10433,VOI,LAX,MEX,Business,654.26,98.79,753.05,USD,2025-05-01,2025-08-31,J472
R11092,LNI,KDI,SUB,Economy,111.49,19.8,131.29,USD,2025-05-01,2025-08-31,Y262
R10088,AXM,KUL,BKI,Economy,158.74,32.51,191.25,USD,2025-05-01,2025-08-31,Y837
R10700,VOI,TLC,MTY,Economy,116.2,18.47,134.67,USD,2025-05-01,2025-08-31,Y653
R10943,LNI,UPG,DPS,Business,181.55,30.45,212.0,USD,2025-05-01,2025-08-31,J981
R10486,VOI,DGO,TIJ,Economy,174.2,27.85,202.05,USD,2025-05-01,2025-08-31,Y878
R10949,LNI,JED,SUB,Business,2192.0,317.75,2509.75,USD,2025-05-01,2025-08-31,J728
R10713,VOI,HMO,MXL,Business,243.89,38.82,282.71,USD,2025-05-01,2025-08-31,J424
R10787,VOI,GUA,CUN,Business,336.23,36.79,373.02,USD,2025-05-01,2025-08-31,J412
R10290,AXM,BKI,SDK,Economy,42.94,6.8,49.74,USD,2025-05-01,2025-08-31,Y594
R10285,AXM,KCH,PNK,Business,116.06,17.8,133.86,USD,2025-05-01,2025-08-31,J923
R11026,LNI,PLW,YIA,Economy,135.58,19.36,154.94,USD,2025-05-01,2025-08-31,Y407
R11230,DAL,NRT,LAX,Economy,1034.68,211.7,1246.38,USD,2025-05-01,2025-08-31,Y105
R10705,VOI,CUL,SJD,Business,151.19,24.42,175.61,USD,2025-05-01,2025-08-31,J709
R10266,AXM,KUL,CMB,Economy,209.85,44.29,254.14,USD,2025-05-01,2025-08-31,Y115
R10327,AXM,SIN,BKI,Business,484.77,80.81,565.58,USD,2025-05-01,2025-08-31,J730
R10331,AXM,KUL,BPN,Business,654.09,84.63,738.72,USD,2025-05-01,2025-08-31,J760
R10059,AXM,SBW,KCH,Business,142.94,20.61,163.55,USD,2025-05-01,2025-08-31,J540
R10367,VOI,ACA,MEX,Business,176.63,29.41,206.04,USD,2025-05-01,2025-08-31,J889
R11226,DAL,LAX,SIN,Economy,1824.12,353.6,2177.72,USD,2025-05-01,2025-08-31,Y301
R10467,VOI,HMO,GDL,Business,358.05,40.44,398.49,USD,2025-05-01,2025-08-31,J826
R10816,VOI,GDL,HMO,Economy,169.6,30.02,199.62,USD,2025-05-01,2025-08-31,Y645
R11112,LNI,UPG,SUB,Economy,88.16,12.83,100.99,USD,2025-05-01,2025-08-31,Y647
R11135,LNI,UPG,LUV,Business,310.3,47.83,358.13,USD,2025-05-01,2025-08-31,J536
R10333,AXM,SGN,PEN,Business,330.01,58.06,388.07,USD,2025-05-01,2025-08-31,J943
R10435,VOI,IAH,MLM,Business,500.54,55.77,556.31,USD,2025-05-01,2025-08-31,J722
R10802,VOI,GDL,PDX,Economy,385.73,68.11,453.84,USD,2025-05-01,2025-08-31,Y891
R10543,VOI,MTY,TGZ,Business,418.96,71.92,490.88,USD,2025-05-01,2025-08-31,J504
R11267,AXM,BKI,PEN,Economy,199.02,28.46,227.48,USD,2025-09-01,2025-12-31,Y325
R10410,VOI,MEX,IAH,Economy,131.43,22.95,154.38,USD,2025-05-01,2025-08-31,Y933
R10624,VOI,CJS,MEX,Economy,199.58,39.44,239.02,USD,2025-05-01,2025-08-31,Y243
R10755,VOI,UPN,TIJ,Business,652.28,98.89,751.17,USD,2025-05-01,2025-08-31,J762
R10762,VOI,TIJ,MZT,Economy,207.07,34.85,241.92,USD,2025-05-01,2025-08-31,Y402
R11061,LNI,LOP,BPN,Business,276.41,41.81,318.22,USD,2025-05-01,2025-08-31,J982
R10328,AXM,SZX,PEN,Economy,229.69,49.42,279.11,USD,2025-05-01,2025-08-31,Y133
R11178,LNI,SOQ,AMQ,Economy,53.49,8.84,62.33,USD,2025-05-01,2025-08-31,Y199
R10834,VOI,MID,MEX,Economy,133.08,18.87,151.95,USD,2025-05-01,2025-08-31,Y539
R10979,LNI,DPS,UPG,Business,188.28,28.78,217.06,USD,2025-05-01,2025-08-31,J404
R10083,AXM,DAD,KUL,Business,517.92,53.63,571.55,USD,2025-05-01,2025-08-31,J546
R10129,AXM,MAA,KUL,Business,594.0,101.77,695.77,USD,2025-05-01,2025-08-31,J955
R10720,VOI,SJD,NLU,Economy,142.9,21.32,164.22,USD,2025-05-01,2025-08-31,Y497
R10874,VOI,HUX,GDL,Economy,143.07,30.53,173.6,USD,2025-05-01,2025-08-31,Y235
R10171,AXM,JHB,CAN,Business,834.16,95.55,929.71,USD,2025-05-01,2025-08-31,J317
R10548,VOI,MTY,MID,Economy,166.74,24.53,191.27,USD,2025-05-01,2025-08-31,Y675
R10260,AXM,KCH,BKI,Economy,94.9,14.41,109.31,USD,2025-05-01,2025-08-31,Y584
R10620,VOI,QRO,MTY,Economy,83.21,10.55,93.76,USD,2025-05-01,2025-08-31,Y708
R10634,VOI,TLC,CUN,Economy,165.78,31.44,197.22,USD,2025-05-01,2025-08-31,Y518
R11069,LNI,BDJ,DPS,Business,184.03,28.83,212.86,USD,2025-05-01,2025-08-31,J685
R11259,EVA,LAX,TPE,Economy,1685.46,340.82,2026.28,USD,2025-05-01,2025-08-31,Y131
R10332,AXM,SGN,PEN,Economy,103.85,16.6,120.45,USD,2025-05-01,2025-08-31,Y294
R10355,VOI,GDL,PBC,Business,208.89,27.18,236.07,USD,2025-05-01,2025-08-31,J910
R10138,AXM,KUL,PER,Economy,339.94,56.49,396.43,USD,2025-05-01,2025-08-31,Y151
R10292,AXM,ICN,BKI,Economy,352.55,77.3,429.85,USD,2025-05-01,2025-08-31,Y402
R11063,LNI,BPN,UPG,Business,148.06,16.58,164.64,USD,2025-05-01,2025-08-31,J883
R10427,VOI,OAK,MLM,Business,874.9,109.97,984.87,USD,2025-05-01,2025-08-31,J181
R10141,AXM,LGK,SIN,Business,231.75,40.81,272.56,USD,2025-05-01,2025-08-31,J531
R10636,VOI,CJS,GDL,Economy,160.35,23.11,183.46,USD,2025-05-01,2025-08-31,Y330
R10589,VOI,OAX,TIJ,Business,841.5,100.81,942.31,USD,2025-05-01,2025-08-31,J872
R10514,VOI,MDW,MLM,Economy,289.4,52.57,341.97,USD,2025-05-01,2025-08-31,Y962
R10139,AXM,KUL,PER,Business,911.76,115.05,1026.81,USD,2025-05-01,2025-08-31,J565
R10706,VOI,LMM,MXL,Economy,125.32,24.73,150.05,USD,2025-05-01,2025-08-31,Y130
R11027,LNI,PLW,YIA,Business,431.41,58.43,489.84,USD,2025-05-01,2025-08-31,J945
R10224,AXM,TGG,KUL,Economy,66.27,12.41,78.68,USD,2025-05-01,2025-08-31,Y375
R10451,VOI,LIM,MEX,Business,1311.47,188.03,1499.5,USD,2025-05-01,2025-08-31,J407
R10274,AXM,PEN,SIN,Economy,69.01,12.64,81.65,USD,2025-05-01,2025-08-31,Y394
R10323,AXM,BTU,BKI,Business,169.72,24.27,193.99,USD,2025-05-01,2025-08-31,J497
R11205,LNI,SUB,KOE,Business,344.59,53.39,397.98,USD,2025-05-01,2025-08-31,J788
R10325,AXM,KUL,DAC,Business,754.41,108.04,862.45,USD,2025-05-01,2025-08-31,J701
R10549,VOI,MTY,MID,Business,498.11,55.28,553.39,USD,2025-05-01,2025-08-31,J730
R11140,LNI,UPG,JED,Economy,761.53,98.46,859.99,USD,2025-05-01,2025-08-31,Y934
R10666,VOI,GDL,CUN,Economy,178.75,34.33,213.08,USD,2025-05-01,2025-08-31,Y600
R10503,VOI,LMM,TIJ,Business,313.79,45.27,359.06,USD,2025-05-01,2025-08-31,J175
R10989,LNI,SOQ,MKW,Business,105.64,13.79,119.43,USD,2025-05-01,2025-08-31,J291
R11080,LNI,SUB,DPS,Economy,42.03,7.5,49.53,USD,2025-05-01,2025-08-31,Y574
R10716,VOI,PVR,MEX,Economy,87.35,12.12,99.47,USD,2025-05-01,2025-08-31,Y559
R10813,VOI,TIJ,BJX,Business,732.08,93.74,825.82,USD,2025-05-01,2025-08-31,J827
R10937,LNI,SOQ,MDC,Business,197.9,23.47,221.37,USD,2025-05-01,2025-08-31,J324
R10598,VOI,MXL,HMO,Economy,89.99,14.91,104.9,USD,2025-05-01,2025-08-31,Y159
R11074,LNI,BTH,BPN,Economy,131.4,23.1,154.5,USD,2025-05-01,2025-08-31,Y400
R10925,LNI,UPG,BPN,Business,196.91,35.44,232.35,USD,2025-05-01,2025-08-31,J263
R10553,VOI,SJD,GDL,Business,288.57,31.18,319.75,USD,2025-05-01,2025-08-31,J889
R10415,VOI,PVR,MLM,Business,227.35,37.12,264.47,USD,2025-05-01,2025-08-31,J142
R10566,VOI,TIJ,SJD,Economy,146.31,32.03,178.34,USD,2025-05-01,2025-08-31,Y656
R11264,EVA,LHR,JFK,Economy,920.35,121.78,1042.13,USD,2025-05-01,2025-08-31,Y105
R10321,AXM,KUL,CCJ,Business,788.33,87.65,875.98,USD,2025-05-01,2025-08-31,J138
R10430,VOI,QRO,LAX,Economy,254.99,42.0,296.99,USD,2025-05-01,2025-08-31,Y844
R10737,VOI,TIJ,LTO,Business,417.97,74.16,492.13,USD,2025-05-01,2025-08-31,J900
R10982,LNI,SUB,PLM,Economy,90.84,14.79,105.63,USD,2025-05-01,2025-08-31,Y401
R11160,LNI,BDJ,SUB,Economy,63.13,13.21,76.34,USD,2025-05-01,2025-08-31,Y727
R10039,AXM,TRV,KUL,Business,649.69,104.05,753.74,USD,2025-05-01,2025-08-31,J174
R10030,AXM,PVG,BKI,Economy,278.51,35.01,313.52,USD,2025-05-01,2025-08-31,Y620
R10242,AXM,KUL,AOR,Economy,58.36,7.93,66.29,USD,2025-05-01,2025-08-31,Y664
R10678,VOI,BJX,TIJ,Economy,228.45,43.36,271.81,USD,2025-05-01,2025-08-31,Y540
R10887,VOI,CUL,MEX,Business,420.7,52.51,473.21,USD,2025-05-01,2025-08-31,J547
R10136,AXM,KUL,PKU,Economy,42.72,6.81,49.53,USD,2025-05-01,2025-08-31,Y677
R10310,AXM,KUL,MAA,Economy,225.4,48.83,274.23,USD,2025-05-01,2025-08-31,Y980
R11083,LNI,PDG,BTH,Business,149.55,25.6,175.15,USD,2025-05-01,2025-08-31,J612
R10535,VOI,GDL,SJC,Business,963.55,163.24,1126.79,USD,2025-05-01,2025-08-31,J797
R10650,VOI,TLC,TIJ,Economy,288.79,54.74,343.53,USD,2025-05-01,2025-08-31,Y820
R11147,LNI,PLM,CGK,Business,131.54,19.14,150.68,USD,2025-05-01,2025-08-31,J548
R11289,AXM,SGN,KUL,First,688.85,96.44,785.29,USD,2025-05-01,2025-08-31,F412
R11077,LNI,SUB,MDC,Business,479.3,82.42,561.72,USD,2025-05-01,2025-08-31,J770
R10003,AXM,BKI,PEN,Business,461.63,72.3,533.93,USD,2025-05-01,2025-08-31,J160
R10111,AXM,KUL,KCH,Business,321.96,52.84,374.8,USD,2025-05-01,2025-08-31,J783
R11031,LNI,UPG,SRG,Business,330.18,55.92,386.1,USD,2025-05-01,2025-08-31,J940
R11120,LNI,BTH,PNK,Economy,67.52,9.03,76.55,USD,2025-05-01,2025-08-31,Y950
R10798,VOI,ACA,TIJ,Economy,272.4,52.03,324.43,USD,2025-05-01,2025-08-31,Y554
R11263,EVA,JFK,LHR,Economy,940.92,202.99,1143.91,USD,2025-05-01,2025-08-31,Y111
R10933,LNI,SUB,BTH,Business,327.29,51.07,378.36,USD,2025-05-01,2025-08-31,J681
R10376,VOI,SJD,OAK,Economy,229.64,37.17,266.81,USD,2025-05-01,2025-08-31,Y265
R10567,VOI,TIJ,SJD,Business,419.47,71.79,491.26,USD,2025-05-01,2025-08-31,J237
R11165,LNI,KNO,PEN,Business,94.03,11.08,105.11,USD,2025-05-01,2025-08-31,J758
R10314,AXM,KBV,KUL,Economy,87.01,14.4,101.41,USD,2025-05-01,2025-08-31,Y788
R11260,EVA,NRT,LAX,Economy,1413.72,188.93,1602.65,USD,2025-05-01,2025-08-31,Y500
R10319,AXM,KUL,BTU,Business,408.68,42.93,451.61,USD,2025-05-01,2025-08-31,J943
R10609,VOI,BJX,LAX,Business,708.9,125.57,834.47,USD,2025-05-01,2025-08-31,J995
R10841,VOI,NLU,MID,Business,336.11,45.89,382.0,USD,2025-05-01,2025-08-31,J538
R10005,AXM,TRZ,KUL,Business,648.68,91.55,740.23,USD,2025-05-01,2025-08-31,J385
R10100,AXM,KBR,KUL,Economy,53.58,11.53,65.11,USD,2025-05-01,2025-08-31,Y340
R10424,VOI,ONT,GDL,Economy,223.98,44.74,268.72,USD,2025-05-01,2025-08-31,Y373
R10916,LNI,PGK,CGK,Economy,47.55,6.65,54.2,USD,2025-05-01,2025-08-31,Y916
R10594,VOI,MCO,GDL,Economy,269.08,36.72,305.8,USD,2025-05-01,2025-08-31,Y974
R10572,VOI,DEN,CUU,Economy,159.08,31.14,190.22,USD,2025-05-01,2025-08-31,Y279
R10672,VOI,GDL,MID,Economy,152.9,21.69,174.59,USD,2025-05-01,2025-08-31,Y566
R10423,VOI,TIJ,ACA,Business,851.97,119.02,970.99,USD,2025-05-01,2025-08-31,J609
R10945,LNI,DJJ,MKQ,Business,209.31,27.56,236.87,USD,2025-05-01,2025-08-31,J203
R10851,VOI,MZT,TIJ,Business,441.24,44.41,485.65,USD,2025-05-01,2025-08-31,J451
R10584,VOI,ORD,MLM,Economy,341.69,51.08,392.77,USD,2025-05-01,2025-08-31,Y729
R10947,LNI,MDC,CGK,Business,509.68,68.78,578.46,USD,2025-05-01,2025-08-31,J754
R10227,AXM,KUL,DLI,Business,352.55,51.76,404.31,USD,2025-05-01,2025-08-31,J750
R10599,VOI,MXL,HMO,Business,260.18,40.02,300.2,USD,2025-05-01,2025-08-31,J415
R10613,VOI,ZIH,MEX,Business,207.89,33.37,241.26,USD,2025-05-01,2025-08-31,J405
R11171,LNI,CGK,LOP,Business,244.93,24.5,269.43,USD,2025-05-01,2025-08-31,J193
R11211,LNI,KOE,DPS,Business,274.9,46.79,321.69,USD,2025-05-01,2025-08-31,J532
R10066,AXM,KCH,PEN,Economy,151.91,30.55,182.46,USD,2025-05-01,2025-08-31,Y522
R11155,LNI,BPN,SRG,Business,264.56,47.15,311.71,USD,2025-05-01,2025-08-31,J785
R10067,AXM,KCH,PEN,Business,382.41,60.77,443.18,USD,2025-05-01,2025-08-31,J440
R10964,LNI,BIK,UPG,Economy,133.45,21.86,155.31,USD,2025-05-01,2025-08-31,Y529
R10211,AXM,KUL,PEN,Business,153.7,18.24,171.94,USD,2025-05-01,2025-08-31,J370
R10012,AXM,KBR,JHB,Economy,85.44,11.09,96.53,USD,2025-05-01,2025-08-31,Y512
R11096,LNI,TIM,UPG,Economy,133.27,23.11,156.38,USD,2025-05-01,2025-08-31,Y848
R10904,VOI,CUU,TIJ,Economy,145.44,18.09,163.53,USD,2025-05-01,2025-08-31,Y983
R10299,AXM,KCH,SBW,Business,116.68,18.72,135.4,USD,2025-05-01,2025-08-31,J885
R11050,LNI,UPG,BIK,Economy,155.11,20.67,175.78,USD,2025-05-01,2025-08-31,Y277
R10973,LNI,CGK,KNO,Business,392.45,67.44,459.89,USD,2025-05-01,2025-08-31,J195
R11166,LNI,BDJ,YIA,Economy,70.48,14.22,84.7,USD,2025-05-01,2025-08-31,Y180
R11250,EVA,JFK,LAX,Economy,691.29,147.92,839.21,USD,2025-05-01,2025-08-31,Y864
R10730,VOI,TIJ,CJS,Economy,150.96,23.13,174.09,USD,2025-05-01,2025-08-31,Y735
R10952,LNI,PKU,SUB,Economy,139.09,18.46,157.55,USD,2025-05-01,2025-08-31,Y846
R11232,DAL,HND,LAX,Economy,1162.03,229.35,1391.38,USD,2025-05-01,2025-08-31,Y740
R11107,LNI,SUB,AMQ,Business,446.48,78.51,524.99,USD,2025-05-01,2025-08-31,J931
R10808,VOI,SJC,BJX,Economy,316.68,58.7,375.38,USD,2025-05-01,2025-08-31,Y353
R10793,VOI,CUN,MLM,Business,577.48,64.23,641.71,USD,2025-05-01,2025-08-31,J422
R11213,LNI,PEN,KNO,Business,119.9,12.5,132.4,USD,2025-05-01,2025-08-31,J157
R10478,VOI,OAK,GDL,Economy,315.38,50.98,366.36,USD,2025-05-01,2025-08-31,Y754
R10660,VOI,TAP,TIJ,Economy,366.03,54.73,420.76,USD,2025-05-01,2025-08-31,Y300
R11287,LNI,JED,UPG,Economy,799.34,123.42,922.76,USD,2025-09-01,2025-12-31,Y679
R10273,AXM,KUL,LGK,Business,220.7,31.62,252.32,USD,2025-05-01,2025-08-31,J732
R10977,LNI,CGK,YIA,Business,118.65,15.01,133.66,USD,2025-05-01,2025-08-31,J294
R10362,VOI,SJD,TLC,Economy,168.45,22.82,191.27,USD,2025-05-01,2025-08-31,Y402
R10237,AXM,WUH,BKI,Business,776.02,116.26,892.28,USD,2025-05-01,2025-08-31,J610
R11190,LNI,BTH,PKU,Economy,43.46,7.78,51.24,USD,2025-05-01,2025-08-31,Y616
R11030,LNI,UPG,SRG,Economy,108.91,17.5,126.41,USD,2025-05-01,2025-08-31,Y596
R10002,AXM,BKI,PEN,Economy,184.28,26.35,210.63,USD,2025-05-01,2025-08-31,Y325
R10006,AXM,KUL,MYY,Economy,155.01,21.92,176.93,USD,2025-05-01,2025-08-31,Y235
R10370,VOI,TIJ,VER,Economy,301.48,65.41,366.89,USD,2025-05-01,2025-08-31,Y725
R10311,AXM,KUL,MAA,Business,670.21,103.18,773.39,USD,2025-05-01,2025-08-31,J506
R11115,LNI,PGK,PLM,Business,93.62,10.23,103.85,USD,2025-05-01,2025-08-31,J554
R10490,VOI,MEX,TIJ,Economy,294.68,60.83,355.51,USD,2025-05-01,2025-08-31,Y528
R10579,VOI,ZCL,TIJ,Business,571.59,57.68,629.27,USD,2025-05-01,2025-08-31,J769
R10708,VOI,ZCL,OAK,Economy,274.49,42.71,317.2,USD,2025-05-01,2025-08-31,Y484
R11005,LNI,BPN,BTH,Business,351.37,54.34,405.71,USD,2025-05-01,2025-08-31,J306
R10215,AXM,PKU,KUL,Business,157.66,16.67,174.33,USD,2025-05-01,2025-08-31,J269
R10898,VOI,CUL,TIJ,Economy,154.0,26.55,180.55,USD,2025-05-01,2025-08-31,Y369
R11156,LNI,LUV,AMQ,Economy,69.52,11.95,81.47,USD,2025-05-01,2025-08-31,Y804
R10027,AXM,SWA,KUL,Business,856.5,125.34,981.84,USD,2025-05-01,2025-08-31,J655
R11200,LNI,PLM,BTH,Economy,62.74,10.37,73.11,USD,2025-05-01,2025-08-31,Y236
R11252,EVA,LAX,JFK,Economy,594.87,118.63,713.5,USD,2025-05-01,2025-08-31,Y671
R10888,VOI,OAK,SJD,Economy,246.57,50.46,297.03,USD,2025-05-01,2025-08-31,Y159
R10919,LNI,PNK,CGK,Business,229.53,29.55,259.08,USD,2025-05-01,2025-08-31,J657
R10911,VOI,CUN,TGZ,Business,273.08,42.02,315.1,USD,2025-05-01,2025-08-31,J153
R11246,AAL,LAX,NRT,Economy,1146.06,156.71,1302.77,USD,2025-05-01,2025-08-31,Y891
R10744,VOI,MEX,LMM,Economy,171.16,34.16,205.32,USD,2025-05-01,2025-08-31,Y518
R10855,VOI,MEX,GUA,Business,339.95,43.99,383.94,USD,2025-05-01,2025-08-31,J406
R11282,LNI,MKQ,DJJ,Business,222.34,23.79,246.13,USD,2025-09-01,2025-12-31,J492
R10354,VOI,GDL,PBC,Economy,76.89,14.68,91.57,USD,2025-05-01,2025-08-31,Y186
R11137,LNI,PKY,UPG,Business,242.05,24.39,266.44,USD,2025-05-01,2025-08-31,J241
R11280,VOI,TIJ,PVR,Business,643.71,102.42,746.13,USD,2025-09-01,2025-12-31,J801
R10256,AXM,HAN,KUL,Economy,208.68,31.98,240.66,USD,2025-05-01,2025-08-31,Y881
R10291,AXM,BKI,SDK,Business,110.56,14.43,124.99,USD,2025-05-01,2025-08-31,J467
R10025,AXM,KUL,BWN,Business,465.9,67.3,533.2,USD,2025-05-01,2025-08-31,J835
R10336,AXM,SZX,KUL,Economy,273.31,39.45,312.76,USD,2025-05-01,2025-08-31,Y228
R10527,VOI,LAP,GDL,Business,271.84,27.6,299.44,USD,2025-05-01,2025-08-31,J421
R10047,AXM,DRW,KUL,Business,1037.59,181.1,1218.69,USD,2025-05-01,2025-08-31,J206
R10318,AXM,KUL,BTU,Economy,153.93,27.11,181.04,USD,2025-05-01,2025-08-31,Y724
R10106,AXM,KUL,CNX,Economy,168.93,31.35,200.28,USD,2025-05-01,2025-08-31,Y105
R10935,LNI,KOE,UPG,Business,233.03,38.41,271.44,USD,2025-05-01,2025-08-31,J604
R10055,AXM,PEN,KNO,Business,118.1,21.07,139.17,USD,2025-05-01,2025-08-31,J265
R10767,VOI,GDL,TAP,Business,460.64,71.74,532.38,USD,2025-05-01,2025-08-31,J426
R10213,AXM,IPH,SIN,Business,233.93,27.1,261.03,USD,2025-05-01,2025-08-31,J217
R10120,AXM,BKI,TWU,Economy,49.87,7.34,57.21,USD,2025-05-01,2025-08-31,Y427
R10895,VOI,FAT,GDL,Business,722.95,93.8,816.75,USD,2025-05-01,2025-08-31,J867
R11158,LNI,DPS,CGK,Economy,98.94,16.64,115.58,USD,2025-05-01,2025-08-31,Y779
R10072,AXM,KNO,KUL,Economy,51.26,10.86,62.12,USD,2025-05-01,2025-08-31,Y458
R10591,VOI,MDW,ZCL,Business,807.08,126.15,933.23,USD,2025-05-01,2025-08-31,J179
R10045,AXM,PEN,BKI,Business,498.61,74.26,572.87,USD,2025-05-01,2025-08-31,J926
R10917,LNI,PGK,CGK,Business,136.38,20.52,156.9,USD,2025-05-01,2025-08-31,J921
R10654,VOI,MLM,DFW,Economy,172.31,35.89,208.2,USD,2025-05-01,2025-08-31,Y577
R10649,VOI,GDL,TIJ,Business,512.42,92.22,604.64,USD,2025-05-01,2025-08-31,J590
R10811,VOI,GDL,IAH,Business,422.23,75.8,498.03,USD,2025-05-01,2025-08-31,J894
R10465,VOI,AGU,MDW,Business,929.0,125.05,1054.05,USD,2025-05-01,2025-08-31,J989
R10617,VOI,SLP,SAT,Business,364.86,57.65,422.51,USD,2025-05-01,2025-08-31,J215
R11110,LNI,BPN,CGK,Economy,114.93,15.73,130.66,USD,2025-05-01,2025-08-31,Y475
R10588,VOI,OAX,TIJ,Economy,317.2,63.5,380.7,USD,2025-05-01,2025-08-31,Y945
R10060,AXM,ATQ,KUL,Economy,349.36,52.69,402.05,USD,2025-05-01,2025-08-31,Y915
R10092,AXM,KHH,BKI,Economy,220.56,41.41,261.97,USD,2025-05-01,2025-08-31,Y278
R10741,VOI,BJX,SMF,Business,808.04,116.36,924.4,USD,2025-05-01,2025-08-31,J844
R10194,AXM,JHB,SGN,Economy,120.1,18.5,138.6,USD,2025-05-01,2025-08-31,Y152
R10280,AXM,SGN,KUL,Economy,116.35,16.8,133.15,USD,2025-05-01,2025-08-31,Y521
R10359,VOI,LAX,OAX,Business,989.28,127.56,1116.84,USD,2025-05-01,2025-08-31,J471
R10519,VOI,CLQ,TIJ,Business,624.77,102.3,727.07,USD,2025-05-01,2025-08-31,J842
R10615,VOI,PVR,TIJ,Business,581.57,96.46,678.03,USD,2025-05-01,2025-08-31,J353
R10582,VOI,MTY,BJX,Economy,93.94,19.94,113.88,USD,2025-05-01,2025-08-31,Y820
R10182,AXM,LGK,PEN,Economy,37.71,6.24,43.95,USD,2025-05-01,2025-08-31,Y413
R10110,AXM,KUL,KCH,Economy,114.19,24.18,138.37,USD,2025-05-01,2025-08-31,Y224
R10826,VOI,MEX,MID,Economy,121.71,19.65,141.36,USD,2025-05-01,2025-08-31,Y562
R10968,LNI,MDC,DJJ,Economy,153.51,30.06,183.57,USD,2025-05-01,2025-08-31,Y330
R10204,AXM,KCH,MYY,Economy,75.52,13.67,89.19,USD,2025-05-01,2025-08-31,Y857
R10621,VOI,QRO,MTY,Business,209.98,31.04,241.02,USD,2025-05-01,2025-08-31,J820
R10944,LNI,DJJ,MKQ,Economy,66.25,8.43,74.68,USD,2025-05-01,2025-08-31,Y821
R10990,LNI,UPG,KOE,Economy,72.68,10.64,83.32,USD,2025-05-01,2025-08-31,Y576
R10673,VOI,GDL,MID,Business,422.19,63.09,485.28,USD,2025-05-01,2025-08-31,J782
R10643,VOI,LAX,ZCL,Business,567.27,68.91,636.18,USD,2025-05-01,2025-08-31,J789
R10570,VOI,GDL,FAT,Economy,264.04,38.48,302.52,USD,2025-05-01,2025-08-31,Y290
R10183,AXM,LGK,PEN,Business,100.91,11.07,111.98,USD,2025-05-01,2025-08-31,J297
R10137,AXM,KUL,PKU,Business,126.63,13.51,140.14,USD,2025-05-01,2025-08-31,J538
R11003,LNI,PKY,CGK,Business,242.64,27.51,270.15,USD,2025-05-01,2025-08-31,J316
R10080,AXM,BKI,MYY,Economy,45.47,8.17,53.64,USD,2025-05-01,2025-08-31,Y453
R10926,LNI,SRG,DPS,Economy,54.27,10.08,64.35,USD,2025-05-01,2025-08-31,Y372
R10541,VOI,LAX,TPQ,Business,864.58,151.09,1015.67,USD,2025-05-01,2025-08-31,J838
R10560,VOI,MEX,TAP,Economy,134.02,16.58,150.6,USD,2025-05-01,2025-08-31,Y279
R10480,VOI,PVR,TLC,Economy,88.14,19.01,107.15,USD,2025-05-01,2025-08-31,Y594
R10165,AXM,HKG,PEN,Business,740.9,128.6,869.5,USD,2025-05-01,2025-08-31,J893
R10248,AXM,HYD,KUL,Economy,333.03,48.08,381.11,USD,2025-05-01,2025-08-31,Y664
R10307,AXM,CCU,KUL,Business,675.68,116.98,792.66,USD,2025-05-01,2025-08-31,J593
R11173,LNI,SUB,BPN,Business,238.95,33.61,272.56,USD,2025-05-01,2025-08-31,J311
R10710,VOI,SEA,GDL,Economy,353.66,69.75,423.41,USD,2025-05-01,2025-08-31,Y402
R10334,AXM,DLI,KUL,Economy,133.51,24.87,158.38,USD,2025-05-01,2025-08-31,Y757
R10097,AXM,KMG,JHB,Business,633.07,87.27,720.34,USD,2025-05-01,2025-08-31,J915
R10575,VOI,TPQ,LAX,Business,862.09,92.79,954.88,USD,2025-05-01,2025-08-31,J243
R10712,VOI,HMO,MXL,Economy,82.85,13.09,95.94,USD,2025-05-01,2025-08-31,Y902
R10940,LNI,SRG,BDJ,Economy,63.19,8.7,71.89,USD,2025-05-01,2025-08-31,Y921
R10936,LNI,SOQ,MDC,Economy,77.21,10.62,87.83,USD,2025-05-01,2025-08-31,Y138
R10803,VOI,GDL,PDX,Business,1171.13,168.62,1339.75,USD,2025-05-01,2025-08-31,J215
R10661,VOI,TAP,TIJ,Business,999.59,130.33,1129.92,USD,2025-05-01,2025-08-31,J953
R11175,LNI,BTH,PLM,Business,157.41,16.42,173.83,USD,2025-05-01,2025-08-31,J328
R10302,AXM,BKI,TPE,Economy,204.59,33.57,238.16,USD,2025-05-01,2025-08-31,Y693
R11065,LNI,PLM,SUB,Business,266.7,39.47,306.17,USD,2025-05-01,2025-08-31,J776
R10388,VOI,CUL,MTY,Economy,119.66,22.14,141.8,USD,2025-05-01,2025-08-31,Y910
R10235,AXM,PEN,SZX,Business,839.99,84.08,924.07,USD,2025-05-01,2025-08-31,J990
R10948,LNI,JED,SUB,Economy,731.88,135.34,867.22,USD,2025-05-01,2025-08-31,Y278
R10921,LNI,JED,UPG,Business,2110.61,276.64,2387.25,USD,2025-05-01,2025-08-31,J284
R10305,AXM,KUL,COK,Business,684.35,97.97,782.32,USD,2025-05-01,2025-08-31,J474
R10900,VOI,GDL,CUU,Economy,126.81,21.69,148.5,USD,2025-05-01,2025-08-31,Y156
R11053,LNI,JED,KNO,Business,1647.93,249.53,1897.46,USD,2025-05-01,2025-08-31,J533
R10249,AXM,HYD,KUL,Business,866.29,99.84,966.13,USD,2025-05-01,2025-08-31,J713
R10885,VOI,MEX,HMO,Business,431.49,54.43,485.92,USD,2025-05-01,2025-08-31,J700
R10868,VOI,JFK,GDL,Economy,321.75,65.86,387.61,USD,2025-05-01,2025-08-31,Y996
R10071,AXM,MYY,JHB,Business,361.07,60.91,421.98,USD,2025-05-01,2025-08-31,J327
R10094,AXM,MLE,KUL,Economy,331.01,49.78,380.79,USD,2025-05-01,2025-08-31,Y315
R11296,AXM,WUH,BKI,First,1481.89,207.46,1689.35,USD,2025-05-01,2025-08-31,F174
R10033,AXM,KUL,KBR,Business,137.13,23.48,160.61,USD,2025-05-01,2025-08-31,J352
R11248,AAL,JFK,LHR,Economy,623.84,117.62,741.46,USD,2025-05-01,2025-08-31,Y955
R10448,VOI,NLU,CUN,Economy,155.81,32.7,188.51,USD,2025-05-01,2025-08-31,Y555
R10445,VOI,TAP,GDL,Business,477.7,74.68,552.38,USD,2025-05-01,2025-08-31,J319
R10963,LNI,DJJ,BIK,Business,142.75,15.51,158.26,USD,2025-05-01,2025-08-31,J101
R10679,VOI,BJX,TIJ,Business,700.04,120.95,820.99,USD,2025-05-01,2025-08-31,J209
R11177,LNI,BTH,KNO,Business,222.44,30.66,253.1,USD,2025-05-01,2025-08-31,J772
R10077,AXM,YIA,KUL,Business,436.71,73.15,509.86,USD,2025-05-01,2025-08-31,J439
R10084,AXM,HKT,KUL,Economy,74.79,15.9,90.69,USD,2025-05-01,2025-08-31,Y651
R10630,VOI,IAH,MEX,Economy,132.27,28.42,160.69,USD,2025-05-01,2025-08-31,Y852
R10082,AXM,DAD,KUL,Economy,196.7,25.88,222.58,USD,2025-05-01,2025-08-31,Y690
R10457,VOI,VSA,MEX,Business,294.99,42.52,337.51,USD,2025-05-01,2025-08-31,J726
R11273,VOI,OAK,MEX,Economy,378.98,70.36,449.34,USD,2025-09-01,2025-12-31,Y717
R10862,VOI,MTY,CUN,Economy,195.68,25.18,220.86,USD,2025-05-01,2025-08-31,Y202
R10436,VOI,LAX,GDL,Economy,252.38,41.34,293.72,USD,2025-05-01,2025-08-31,Y229
R10682,VOI,GDL,VER,Economy,103.71,20.69,124.4,USD,2025-05-01,2025-08-31,Y180
R11174,LNI,BTH,PLM,Economy,57.15,9.47,66.62,USD,2025-05-01,2025-08-31,Y449
R10404,VOI,TIJ,LAP,Economy,168.74,29.6,198.34,USD,2025-05-01,2025-08-31,Y499
R11132,LNI,CGK,SUB,Economy,74.79,12.39,87.18,USD,2025-05-01,2025-08-31,Y403
R10704,VOI,CUL,SJD,Economy,55.21,7.91,63.12,USD,2025-05-01,2025-08-31,Y177
R10752,VOI,MLM,TIJ,Economy,242.99,44.67,287.66,USD,2025-05-01,2025-08-31,Y187
R10104,AXM,KUL,SGN,Economy,115.72,21.17,136.89,USD,2025-05-01,2025-08-31,Y299
R10628,VOI,BJX,CUN,Economy,166.1,34.49,200.59,USD,2025-05-01,2025-08-31,Y776
R11236,AAL,ORD,MIA,Economy,266.51,42.73,309.24,USD,2025-05-01,2025-08-31,Y457
R10062,AXM,KNO,PEN,Economy,44.51,6.45,50.96,USD,2025-05-01,2025-08-31,Y205
R10281,AXM,SGN,KUL,Business,336.97,55.06,392.03,USD,2025-05-01,2025-08-31,J274
R10849,VOI,HUX,MEX,Business,197.32,23.1,220.42,USD,2025-05-01,2025-08-31,J179
R10238,AXM,NGB,BKI,Economy,273.48,53.6,327.08,USD,2025-05-01,2025-08-31,Y308
R10223,AXM,CAN,JHB,Business,687.3,101.01,788.31,USD,2025-05-01,2025-08-31,J121
R10145,AXM,KUL,BLR,Business,637.99,65.38,703.37,USD,2025-05-01,2025-08-31,J353
R11212,LNI,PEN,KNO,Economy,43.34,7.47,50.81,USD,2025-05-01,2025-08-31,Y125
R10373,VOI,TIJ,CUU,Business,403.94,69.61,473.55,USD,2025-05-01,2025-08-31,J298
R10118,AXM,KUL,KMG,Economy,264.2,45.48,309.68,USD,2025-05-01,2025-08-31,Y741
R10941,LNI,SRG,BDJ,Business,195.32,24.59,219.91,USD,2025-05-01,2025-08-31,J122
R10250,AXM,KUL,YIA,Economy,158.54,32.97,191.51,USD,2025-05-01,2025-08-31,Y984
R11251,EVA,ORD,MIA,Economy,312.1,59.83,371.93,USD,2025-05-01,2025-08-31,Y138
R10009,AXM,JHB,PEN,Business,210.4,22.63,233.03,USD,2025-05-01,2025-08-31,J774
R10449,VOI,NLU,CUN,Business,498.29,82.14,580.43,USD,2025-05-01,2025-08-31,J965
R10255,AXM,TWU,BKI,Business,142.42,15.94,158.36,USD,2025-05-01,2025-08-31,J651
R10593,VOI,MLM,FAT,Business,941.99,132.29,1074.28,USD,2025-05-01,2025-08-31,J686
R10389,VOI,CUL,MTY,Business,311.38,32.09,343.47,USD,2025-05-01,2025-08-31,J949
R11186,LNI,UPG,BDJ,Economy,56.5,11.44,67.94,USD,2025-05-01,2025-08-31,Y295
R11042,LNI,AMQ,UPG,Economy,89.66,15.7,105.36,USD,2025-05-01,2025-08-31,Y452
R10557,VOI,CUN,SJO,Business,494.75,62.19,556.94,USD,2025-05-01,2025-08-31,J761
R10460,VOI,PHX,GDL,Economy,191.14,30.76,221.9,USD,2025-05-01,2025-08-31,Y688
R11196,LNI,BPN,LOP,Economy,71.17,13.22,84.39,USD,2025-05-01,2025-08-31,Y720
R10144,AXM,KUL,BLR,Economy,252.35,32.01,284.36,USD,2025-05-01,2025-08-31,Y767
R10501,VOI,VER,GDL,Business,364.57,58.74,423.31,USD,2025-05-01,2025-08-31,J474
R11199,LNI,SRG,PKY,Business,204.32,24.9,229.22,USD,2025-05-01,2025-08-31,J451
R10539,VOI,CTM,MEX,Business,448.83,70.19,519.02,USD,2025-05-01,2025-08-31,J806
R10177,AXM,KUL,SDK,Business,564.06,78.55,642.61,USD,2025-05-01,2025-08-31,J911
R11253,EVA,MIA,ORD,Economy,380.82,80.39,461.21,USD,2025-05-01,2025-08-31,Y517
R10814,VOI,BJX,MTY,Economy,91.76,14.94,106.7,USD,2025-05-01,2025-08-31,Y730
R10677,VOI,ONT,BJX,Business,634.39,113.05,747.44,USD,2025-05-01,2025-08-31,J117
R11292,AXM,DAD,KUL,First,939.44,131.52,1070.96,USD,2025-05-01,2025-08-31,F731
R10007,AXM,KUL,MYY,Business,466.01,79.5,545.51,USD,2025-05-01,2025-08-31,J690
R11148,LNI,CGK,KOE,Economy,142.65,22.54,165.19,USD,2025-05-01,2025-08-31,Y467
R10988,LNI,SOQ,MKW,Economy,38.28,6.68,44.96,USD,2025-05-01,2025-08-31,Y289
R10357,VOI,TIJ,PVR,Business,596.03,94.83,690.86,USD,2025-05-01,2025-08-31,J801
R10329,AXM,SZX,PEN,Business,685.21,80.43,765.64,USD,2025-05-01,2025-08-31,J555
R10932,LNI,SUB,BTH,Economy,129.89,24.65,154.54,USD,2025-05-01,2025-08-31,Y705
R11150,LNI,CGK,PKU,Economy,95.17,19.91,115.08,USD,2025-05-01,2025-08-31,Y594
R10258,AXM,BKI,SIN,Economy,170.15,37.11,207.26,USD,2025-05-01,2025-08-31,Y344
R11169,LNI,PKU,BTH,Business,98.6,13.78,112.38,USD,2025-05-01,2025-08-31,J769
R10372,VOI,TIJ,CUU,Economy,132.48,19.07,151.55,USD,2025-05-01,2025-08-31,Y928
R10905,VOI,CUU,TIJ,Business,364.85,37.83,402.68,USD,2025-05-01,2025-08-31,J472
R11009,LNI,BPN,DPS,Business,272.01,39.21,311.22,USD,2025-05-01,2025-08-31,J977
R10974,LNI,TTE,SUB,Economy,146.24,31.96,178.2,USD,2025-05-01,2025-08-31,Y594
R10525,VOI,TIJ,OAX,Business,911.26,101.9,1013.16,USD,2025-05-01,2025-08-31,J797
R10953,LNI,PKU,SUB,Business,347.9,54.33,402.23,USD,2025-05-01,2025-08-31,J686
R10764,VOI,HMO,TIJ,Economy,112.29,21.67,133.96,USD,2025-05-01,2025-08-31,Y456
R11073,LNI,UPG,PLW,Business,156.32,26.2,182.52,USD,2025-05-01,2025-08-31,J960
R11235,AAL,JFK,LAX,Economy,456.12,57.84,513.96,USD,2025-05-01,2025-08-31,Y617
R10440,VOI,MTY,CJS,Economy,116.89,22.95,139.84,USD,2025-05-01,2025-08-31,Y687
R10531,VOI,MTY,TLC,Business,351.8,49.78,401.58,USD,2025-05-01,2025-08-31,J674
R10852,VOI,DFW,MLM,Economy,199.16,43.58,242.74,USD,2025-05-01,2025-08-31,Y532
R10226,AXM,KUL,DLI,Economy,134.2,24.85,159.05,USD,2025-05-01,2025-08-31,Y384
R10228,AXM,KUL,DAD,Economy,187.31,40.63,227.94,USD,2025-05-01,2025-08-31,Y581
R11127,LNI,SUB,BDJ,Business,144.67,20.03,164.7,USD,2025-05-01,2025-08-31,J340
R10212,AXM,IPH,SIN,Economy,76.38,13.94,90.32,USD,2025-05-01,2025-08-31,Y777
R10079,AXM,BKI,KCH,Business,293.21,51.9,345.11,USD,2025-05-01,2025-08-31,J371
R10148,AXM,BKI,SZX,Economy,193.94,27.5,221.44,USD,2025-05-01,2025-08-31,Y816
R10845,VOI,MEX,DEN,Business,817.76,87.17,904.93,USD,2025-05-01,2025-08-31,J780
R10825,VOI,PVR,GDL,Business,169.24,18.85,188.09,USD,2025-05-01,2025-08-31,J747
R11119,LNI,BPN,SUB,Business,215.55,30.53,246.08,USD,2025-05-01,2025-08-31,J737
R10133,AXM,CGK,KUL,Business,317.0,48.66,365.66,USD,2025-05-01,2025-08-31,J917
R10914,LNI,MKQ,DJJ,Economy,72.61,12.34,84.95,USD,2025-05-01,2025-08-31,Y663
R10408,VOI,TIJ,CUN,Economy,373.74,68.33,442.07,USD,2025-05-01,2025-08-31,Y890
R10781,VOI,MTY,DEN,Business,492.56,83.25,575.81,USD,2025-05-01,2025-08-31,J640
R10507,VOI,DGO,GDL,Business,218.56,35.75,254.31,USD,2025-05-01,2025-08-31,J447
R11029,LNI,LOP,SUB,Business,143.76,16.54,160.3,USD,2025-05-01,2025-08-31,J316
R10504,VOI,TIJ,MLM,Economy,231.23,38.16,269.39,USD,2025-05-01,2025-08-31,Y663
R10785,VOI,CEN,TIJ,Business,355.74,55.67,411.41,USD,2025-05-01,2025-08-31,J404
R10347,AXM,KCH,KUL,Business,297.63,41.1,338.73,USD,2025-05-01,2025-08-31,J896
R10386,VOI,SLP,DFW,Economy,142.12,31.19,173.31,USD,2025-05-01,2025-08-31,Y483
R10000,AXM,COK,KUL,Economy,274.1,47.08,321.18,USD,2025-05-01,2025-08-31,Y223
R10360,VOI,MID,GDL,Economy,161.75,34.8,196.55,USD,2025-05-01,2025-08-31,Y449
R11228,DAL,TPE,LAX,Economy,1249.93,270.29,1520.22,USD,2025-05-01,2025-08-31,Y852
R10475,VOI,ONT,SJD,Business,558.94,81.1,640.04,USD,2025-05-01,2025-08-31,J945
R11113,LNI,UPG,SUB,Business,258.85,38.18,297.03,USD,2025-05-01,2025-08-31,J149
R10909,VOI,CUU,GDL,Business,366.04,63.42,429.46,USD,2025-05-01,2025-08-31,J427
R10901,VOI,GDL,CUU,Business,361.37,52.53,413.9,USD,2025-05-01,2025-08-31,J476
R10879,VOI,DEN,MEX,Business,582.03,101.16,683.19,USD,2025-05-01,2025-08-31,J908
R10721,VOI,SJD,NLU,Business,435.19,68.75,503.94,USD,2025-05-01,2025-08-31,J672
R10172,AXM,LBU,KUL,Economy,152.72,22.27,174.99,USD,2025-05-01,2025-08-31,Y386
R10450,VOI,LIM,MEX,Economy,515.22,96.23,611.45,USD,2025-05-01,2025-08-31,Y826
R10125,AXM,TWU,CAN,Business,677.59,88.87,766.46,USD,2025-05-01,2025-08-31,J888
R10743,VOI,CJS,TIJ,Business,397.86,66.24,464.1,USD,2025-05-01,2025-08-31,J170
R10530,VOI,MTY,TLC,Economy,117.5,22.75,140.25,USD,2025-05-01,2025-08-31,Y163
R10090,AXM,KUL,DMK,Economy,132.0,21.15,153.15,USD,2025-05-01,2025-08-31,Y402
R11256,EVA,LAX,SIN,Economy,2363.21,421.98,2785.19,USD,2025-05-01,2025-08-31,Y817
R10181,AXM,MNL,KUL,Business,651.54,104.03,755.57,USD,2025-05-01,2025-08-31,J438
R10765,VOI,HMO,TIJ,Business,305.24,41.64,346.88,USD,2025-05-01,2025-08-31,J311
R10414,VOI,PVR,MLM,Economy,86.08,14.27,100.35,USD,2025-05-01,2025-08-31,Y400
R10251,AXM,KUL,YIA,Business,404.1,65.39,469.49,USD,2025-05-01,2025-08-31,J974
R10069,AXM,KUL,HAN,Business,711.01,117.22,828.23,USD,2025-05-01,2025-08-31,J373
R10131,AXM,PLM,KUL,Business,267.19,45.91,313.1,USD,2025-05-01,2025-08-31,J599
R10300,AXM,LBJ,KUL,Economy,245.05,49.95,295.0,USD,2025-05-01,2025-08-31,Y743
R10777,VOI,TIJ,MEX,Business,757.85,88.26,846.11,USD,2025-05-01,2025-08-31,J870
R10326,AXM,SIN,BKI,Economy,163.86,22.2,186.06,USD,2025-05-01,2025-08-31,Y524
R11269,AXM,TRZ,KUL,Economy,256.5,54.0,310.5,USD,2025-09-01,2025-12-31,Y980
R10923,LNI,TIM,DJJ,Business,145.06,23.54,168.6,USD,2025-05-01,2025-08-31,J159
R10499,VOI,QRO,TIJ,Business,713.52,87.66,801.18,USD,2025-05-01,2025-08-31,J108
R10772,VOI,TIJ,CUL,Economy,148.96,24.23,173.19,USD,2025-05-01,2025-08-31,Y573
R10364,VOI,PDX,GDL,Economy,358.04,69.41,427.45,USD,2025-05-01,2025-08-31,Y639
R10495,VOI,MTY,MLM,Business,329.87,35.36,365.23,USD,2025-05-01,2025-08-31,J502
R11209,LNI,BTH,SUB,Business,357.96,52.14,410.1,USD,2025-05-01,2025-08-31,J783
R10338,AXM,KUL,BTJ,Economy,102.36,14.4,116.76,USD,2025-05-01,2025-08-31,Y321
R10421,VOI,GDL,TLC,Business,218.32,37.37,255.69,USD,2025-05-01,2025-08-31,J861
R10164,AXM,HKG,PEN,Economy,252.77,54.74,307.51,USD,2025-05-01,2025-08-31,Y376
R10028,AXM,CXR,KUL,Economy,122.0,18.47,140.47,USD,2025-05-01,2025-08-31,Y151
R10516,VOI,MEX,ORD,Economy,298.62,50.46,349.08,USD,2025-05-01,2025-08-31,Y676
R10193,AXM,SBW,KUL,Business,412.82,60.24,473.06,USD,2025-05-01,2025-08-31,J580
R10736,VOI,TIJ,LTO,Economy,142.02,21.18,163.2,USD,2025-05-01,2025-08-31,Y811
R10910,VOI,CUN,TGZ,Economy,105.7,13.51,119.21,USD,2025-05-01,2025-08-31,Y481
R10169,AXM,PEN,KUL,Business,167.05,22.92,189.97,USD,2025-05-01,2025-08-31,J724
R10986,LNI,BDJ,CGK,Economy,99.51,15.01,114.52,USD,2025-05-01,2025-08-31,Y507
R10652,VOI,CUN,TIJ,Economy,327.28,48.54,375.82,USD,2025-05-01,2025-08-31,Y577
R10173,AXM,LBU,KUL,Business,475.91,74.29,550.2,USD,2025-05-01,2025-08-31,J382
R10518,VOI,CLQ,TIJ,Economy,214.8,28.13,242.93,USD,2025-05-01,2025-08-31,Y526
R11055,LNI,PNK,BTH,Business,197.17,27.08,224.25,USD,2025-05-01,2025-08-31,J793
R10931,LNI,KNO,DPS,Business,458.78,54.56,513.34,USD,2025-05-01,2025-08-31,J425
R10491,VOI,MEX,TIJ,Business,787.91,133.33,921.24,USD,2025-05-01,2025-08-31,J263
R10073,AXM,KNO,KUL,Business,139.1,22.76,161.86,USD,2025-05-01,2025-08-31,J333
R11087,LNI,PLW,SUB,Business,242.5,35.3,277.8,USD,2025-05-01,2025-08-31,J568
R10587,VOI,OAX,GDL,Business,275.1,42.96,318.06,USD,2025-05-01,2025-08-31,J582
R10657,VOI,LAX,UPN,Business,766.81,102.07,868.88,USD,2025-05-01,2025-08-31,J676
R10234,AXM,PEN,SZX,Economy,272.95,43.79,316.74,USD,2025-05-01,2025-08-31,Y626
R10732,VOI,BJX,SJD,Economy,114.11,23.0,137.11,USD,2025-05-01,2025-08-31,Y980
R10214,AXM,PKU,KUL,Economy,51.21,9.46,60.67,USD,2025-05-01,2025-08-31,Y372
R10162,AXM,KUL,PDG,Economy,74.71,13.71,88.42,USD,2025-05-01,2025-08-31,Y948
R10132,AXM,CGK,KUL,Economy,114.35,18.71,133.06,USD,2025-05-01,2025-08-31,Y129
R10906,VOI,OAX,MID,Economy,114.17,15.41,129.58,USD,2025-05-01,2025-08-31,Y978
R11133,LNI,CGK,SUB,Business,200.8,20.88,221.68,USD,2025-05-01,2025-08-31,J932
R11067,LNI,CGK,BDJ,Business,249.31,44.83,294.14,USD,2025-05-01,2025-08-31,J365
R10185,AXM,CGK,PEN,Business,431.51,49.76,481.27,USD,2025-05-01,2025-08-31,J856
R10041,AXM,AOR,KUL,Business,171.34,18.14,189.48,USD,2025-05-01,2025-08-31,J318
R10692,VOI,MXL,GDL,Economy,189.99,39.92,229.91,USD,2025-05-01,2025-08-31,Y808
R10108,AXM,AMD,KUL,Economy,394.27,55.94,450.21,USD,2025-05-01,2025-08-31,Y923
R10996,LNI,SUB,PNK,Economy,94.19,15.25,109.44,USD,2025-05-01,2025-08-31,Y648
R10568,VOI,MEX,CUU,Economy,173.31,28.91,202.22,USD,2025-05-01,2025-08-31,Y297
R10754,VOI,UPN,TIJ,Economy,225.37,41.63,267.0,USD,2025-05-01,2025-08-31,Y145
R11100,LNI,SUB,LOP,Economy,47.11,9.78,56.89,USD,2025-05-01,2025-08-31,Y419
R11249,AAL,LHR,JFK,Economy,676.94,128.8,805.74,USD,2025-05-01,2025-08-31,Y859
R10483,VOI,CUN,NLU,Business,386.01,51.44,437.45,USD,2025-05-01,2025-08-31,J575
R10468,VOI,MLM,LAX,Economy,236.34,50.75,287.09,USD,2025-05-01,2025-08-31,Y631
R10024,AXM,KUL,BWN,Economy,145.74,27.64,173.38,USD,2025-05-01,2025-08-31,Y848
R11124,LNI,CGK,BTH,Economy,76.58,13.2,89.78,USD,2025-05-01,2025-08-31,Y306
R10912,VOI,CUU,DEN,Economy,139.42,27.94,167.36,USD,2025-05-01,2025-08-31,Y147
R11048,LNI,YIA,TRK,Economy,135.35,23.19,158.54,USD,2025-05-01,2025-08-31,Y985
R11098,LNI,YIA,BPN,Economy,105.6,18.28,123.88,USD,2025-05-01,2025-08-31,Y118
R10366,VOI,ACA,MEX,Economy,67.58,12.15,79.73,USD,2025-05-01,2025-08-31,Y257
R11004,LNI,BPN,BTH,Economy,137.53,18.24,155.77,USD,2025-05-01,2025-08-31,Y533
R11142,LNI,PKU,YIA,Economy,134.62,19.81,154.43,USD,2025-05-01,2025-08-31,Y494
R10383,VOI,OAK,ZCL,Business,759.9,133.52,893.42,USD,2025-05-01,2025-08-31,J327
R11239,AAL,DFW,SEA,Economy,374.31,81.64,455.95,USD,2025-05-01,2025-08-31,Y109
R10717,VOI,PVR,MEX,Business,252.43,35.59,288.02,USD,2025-05-01,2025-08-31,J205
R10454,VOI,EWR,GDL,Economy,343.86,75.14,419.0,USD,2025-05-01,2025-08-31,Y911
R10264,AXM,KUL,CAN,Economy,222.99,48.29,271.28,USD,2025-05-01,2025-08-31,Y439
R10886,VOI,CUL,MEX,Economy,142.6,29.01,171.61,USD,2025-05-01,2025-08-31,Y797
R10232,AXM,KUL,SZX,Economy,275.49,48.21,323.7,USD,2025-05-01,2025-08-31,Y565
R10444,VOI,TAP,GDL,Economy,157.01,27.66,184.67,USD,2025-05-01,2025-08-31,Y368
R10395,VOI,MEX,LAS,Business,754.25,93.6,847.85,USD,2025-05-01,2025-08-31,J148
R10867,VOI,VER,TIJ,Business,731.22,89.79,821.01,USD,2025-05-01,2025-08-31,J807
R10176,AXM,KUL,SDK,Economy,191.07,27.52,218.59,USD,2025-05-01,2025-08-31,Y587
R10018,AXM,KUL,SAI,Economy,165.91,36.49,202.4,USD,2025-05-01,2025-08-31,Y956
R11138,LNI,MDC,SUB,Economy,148.7,20.38,169.08,USD,2025-05-01,2025-08-31,Y466
R10823,VOI,TAP,MEX,Business,349.18,39.0,388.18,USD,2025-05-01,2025-08-31,J429
R11089,LNI,TJQ,CGK,Business,135.67,18.86,154.53,USD,2025-05-01,2025-08-31,J746
R10967,LNI,CGK,TKG,Business,103.69,14.35,118.04,USD,2025-05-01,2025-08-31,J984
R10595,VOI,MCO,GDL,Business,770.71,84.24,854.95,USD,2025-05-01,2025-08-31,J310
R10061,AXM,ATQ,KUL,Business,1111.15,114.66,1225.81,USD,2025-05-01,2025-08-31,J466
R10272,AXM,KUL,LGK,Economy,77.67,14.19,91.86,USD,2025-05-01,2025-08-31,Y877
R11220,DAL,JFK,LAX,Economy,548.16,78.8,626.96,USD,2025-05-01,2025-08-31,Y903
R10278,AXM,BTU,KCH,Economy,54.67,6.72,61.39,USD,2025-05-01,2025-08-31,Y432
R10987,LNI,BDJ,CGK,Business,281.58,48.32,329.9,USD,2025-05-01,2025-08-31,J371
R10694,VOI,MEX,LIM,Economy,506.19,95.39,601.58,USD,2025-05-01,2025-08-31,Y387
R10368,VOI,ZIH,GDL,Economy,74.94,15.76,90.7,USD,2025-05-01,2025-08-31,Y838
R11195,LNI,CGK,PGK,Business,170.9,27.08,197.98,USD,2025-05-01,2025-08-31,J231
R10036,AXM,BKI,PVG,Economy,259.26,37.87,297.13,USD,2025-05-01,2025-08-31,Y785
R10735,VOI,MEX,MZT,Business,314.32,35.9,350.22,USD,2025-05-01,2025-08-31,J507
R11047,LNI,YIA,PKU,Business,377.06,58.15,435.21,USD,2025-05-01,2025-08-31,J375
R11010,LNI,JED,CGK,Economy,545.87,90.51,636.38,USD,2025-05-01,2025-08-31,Y994
R10838,VOI,ZIH,TIJ,Economy,241.91,45.54,287.45,USD,2025-05-01,2025-08-31,Y149
R10984,LNI,UPG,CGK,Economy,111.97,13.72,125.69,USD,2025-05-01,2025-08-31,Y274
R10547,VOI,GDL,OAK,Business,671.14,92.84,763.98,USD,2025-05-01,2025-08-31,J306
R11037,LNI,CGK,BPN,Business,284.24,49.3,333.54,USD,2025-05-01,2025-08-31,J821
R10688,VOI,TIJ,CLQ,Economy,225.5,41.42,266.92,USD,2025-05-01,2025-08-31,Y819
R10738,VOI,CUN,OAX,Economy,132.22,20.84,153.06,USD,2025-05-01,2025-08-31,Y936
R10191,AXM,KUL,ATQ,Business,1008.41,157.1,1165.51,USD,2025-05-01,2025-08-31,J229
R10456,VOI,VSA,MEX,Economy,96.32,17.07,113.39,USD,2025-05-01,2025-08-31,Y578
R10393,VOI,MLM,SJC,Business,1069.33,153.88,1223.21,USD,2025-05-01,2025-08-31,J844
R10675,VOI,DEN,GDL,Business,788.54,79.27,867.81,USD,2025-05-01,2025-08-31,J664
R10760,VOI,GDL,PHX,Economy,188.79,31.4,220.19,USD,2025-05-01,2025-08-31,Y795
R11278,VOI,GDL,PBC,Business,225.6,29.35,254.95,USD,2025-09-01,2025-12-31,J910
R10728,VOI,CJS,MTY,Economy,126.93,22.77,149.7,USD,2025-05-01,2025-08-31,Y300
R10419,VOI,NLU,GDL,Business,185.89,30.2,216.09,USD,2025-05-01,2025-08-31,J986
R10375,VOI,TGZ,MEX,Business,282.23,34.58,316.81,USD,2025-05-01,2025-08-31,J491
R10412,VOI,PVR,MTY,Economy,108.81,20.62,129.43,USD,2025-05-01,2025-08-31,Y746
R10074,AXM,SAI,KUL,Economy,176.8,32.89,209.69,USD,2025-05-01,2025-08-31,Y508
R11216,LNI,MDC,CAN,Economy,240.41,45.45,285.86,USD,2025-05-01,2025-08-31,Y402
R11088,LNI,TJQ,CGK,Economy,44.55,9.19,53.74,USD,2025-05-01,2025-08-31,Y284
R10500,VOI,VER,GDL,Economy,121.15,19.76,140.91,USD,2025-05-01,2025-08-31,Y370
R10939,LNI,KDI,UPG,Business,122.46,14.22,136.68,USD,2025-05-01,2025-08-31,J233
R10616,VOI,SLP,SAT,Economy,115.6,15.67,131.27,USD,2025-05-01,2025-08-31,Y293
R10114,AXM,KUL,KNO,Economy,62.63,13.1,75.73,USD,2025-05-01,2025-08-31,Y536
R10417,VOI,TLC,PVR,Business,283.93,40.73,324.66,USD,2025-05-01,2025-08-31,J359
R10601,VOI,LAX,BJX,Business,664.44,78.03,742.47,USD,2025-05-01,2025-08-31,J174
R10604,VOI,TPQ,TIJ,Economy,302.91,50.65,353.56,USD,2025-05-01,2025-08-31,Y393
R10978,LNI,DPS,UPG,Economy,65.42,11.48,76.9,USD,2025-05-01,2025-08-31,Y847
R10089,AXM,KUL,BKI,Business,496.86,69.84,566.7,USD,2025-05-01,2025-08-31,J782
R10966,LNI,CGK,TKG,Economy,40.33,6.26,46.59,USD,2025-05-01,2025-08-31,Y484
R11243,AAL,TPE,LAX,Economy,1290.14,191.31,1481.45,USD,2025-05-01,2025-08-31,Y629
R10753,VOI,MLM,TIJ,Business,626.08,75.04,701.12,USD,2025-05-01,2025-08-31,J780
R10498,VOI,QRO,TIJ,Economy,240.18,50.01,290.19,USD,2025-05-01,2025-08-31,Y769
R11182,LNI,PKY,SUB,Economy,55.86,11.71,67.57,USD,2025-05-01,2025-08-31,Y604
R11034,LNI,CGK,PDG,Economy,95.96,16.55,112.51,USD,2025-05-01,2025-08-31,Y682
R11032,LNI,DJB,CGK,Economy,55.61,11.07,66.68,USD,2025-05-01,2025-08-31,Y167
R10011,AXM,BKI,HGH,Business,803.68,83.85,887.53,USD,2025-05-01,2025-08-31,J769
R10396,VOI,GDL,SEA,Economy,336.72,61.92,398.64,USD,2025-05-01,2025-08-31,Y737
R11094,LNI,YIA,DPS,Economy,55.25,9.03,64.28,USD,2025-05-01,2025-08-31,Y539
R10555,VOI,GDL,TQO,Business,131.75,23.03,154.78,USD,2025-05-01,2025-08-31,J999
R10042,AXM,KUL,SRG,Economy,153.51,20.45,173.96,USD,2025-05-01,2025-08-31,Y457
R10167,AXM,KUL,JAI,Business,1043.74,131.29,1175.03,USD,2025-05-01,2025-08-31,J351
R10416,VOI,TLC,PVR,Economy,88.94,13.43,102.37,USD,2025-05-01,2025-08-31,Y507
R10576,VOI,LAX,AGU,Economy,234.53,50.09,284.62,USD,2025-05-01,2025-08-31,Y106
R10267,AXM,KUL,CMB,Business,630.75,83.76,714.51,USD,2025-05-01,2025-08-31,J770
R10946,LNI,MDC,CGK,Economy,169.18,25.76,194.94,USD,2025-05-01,2025-08-31,Y261
R10426,VOI,OAK,MLM,Economy,303.59,66.64,370.23,USD,2025-05-01,2025-08-31,Y284
R10690,VOI,MCO,MEX,Economy,245.22,37.55,282.77,USD,2025-05-01,2025-08-31,Y978
R10544,VOI,PVR,MXL,Economy,215.47,46.43,261.9,USD,2025-05-01,2025-08-31,Y923
R11217,LNI,MDC,CAN,Business,635.36,91.04,726.4,USD,2025-05-01,2025-08-31,J467
R10674,VOI,DEN,GDL,Economy,277.51,58.63,336.14,USD,2025-05-01,2025-08-31,Y775
R10689,VOI,TIJ,CLQ,Business,590.8,82.71,673.51,USD,2025-05-01,2025-08-31,J544
R11145,LNI,CGK,PNK,Business,201.87,31.92,233.79,USD,2025-05-01,2025-08-31,J964
R11271,AXM,KUL,MYY,Economy,167.41,23.67,191.08,USD,2025-09-01,2025-12-31,Y235
R10159,AXM,KBR,KCH,Business,391.12,59.81,450.93,USD,2025-05-01,2025-08-31,J170
R11035,LNI,CGK,PDG,Business,241.84,27.91,269.75,USD,2025-05-01,2025-08-31,J952
R10257,AXM,HAN,KUL,Business,601.08,82.0,683.08,USD,2025-05-01,2025-08-31,J429
R10993,LNI,UPG,MDC,Business,197.28,30.27,227.55,USD,2025-05-01,2025-08-31,J927
R10335,AXM,DLI,KUL,Business,393.54,69.93,463.47,USD,2025-05-01,2025-08-31,J151
R11015,LNI,SRG,BPN,Business,284.32,30.73,315.05,USD,2025-05-01,2025-08-31,J392
R10015,AXM,CAN,KUL,Business,605.6,69.45,675.05,USD,2025-05-01,2025-08-31,J573
R10515,VOI,MDW,MLM,Business,784.12,99.51,883.63,USD,2025-05-01,2025-08-31,J948
R10324,AXM,KUL,DAC,Economy,252.52,47.23,299.75,USD,2025-05-01,2025-08-31,Y860
R10768,VOI,TIJ,TLC,Economy,218.68,27.22,245.9,USD,2025-05-01,2025-08-31,Y827
R10607,VOI,MEX,MTY,Business,301.32,51.62,352.94,USD,2025-05-01,2025-08-31,J559
R11143,LNI,PKU,YIA,Business,401.56,55.52,457.08,USD,2025-05-01,2025-08-31,J531
R10924,LNI,UPG,BPN,Economy,64.84,10.84,75.68,USD,2025-05-01,2025-08-31,Y466
R10861,VOI,TIJ,QRO,Business,811.07,121.08,932.15,USD,2025-05-01,2025-08-31,J553
R10222,AXM,CAN,JHB,Economy,221.54,47.89,269.43,USD,2025-05-01,2025-08-31,Y956
R10179,AXM,KUL,MLE,Business,751.26,93.53,844.79,USD,2025-05-01,2025-08-31,J695
R10903,VOI,MTY,GDL,Business,264.41,28.88,293.29,USD,2025-05-01,2025-08-31,J858
R10099,AXM,KCH,BTU,Business,180.15,27.14,207.29,USD,2025-05-01,2025-08-31,J443
R10836,VOI,MEX,MXL,Economy,271.64,41.77,313.41,USD,2025-05-01,2025-08-31,Y691
R10757,VOI,GDL,SJD,Business,285.26,28.77,314.03,USD,2025-05-01,2025-08-31,J364
R10521,VOI,CUL,GDL,Business,307.61,54.56,362.17,USD,2025-05-01,2025-08-31,J901
R10761,VOI,GDL,PHX,Business,549.76,76.99,626.75,USD,2025-05-01,2025-08-31,J453
R10022,AXM,KOS,KUL,Economy,94.25,11.33,105.58,USD,2025-05-01,2025-08-31,Y499
R10356,VOI,TIJ,PVR,Economy,193.5,25.69,219.19,USD,2025-05-01,2025-08-31,Y819
R10733,VOI,BJX,SJD,Business,337.28,49.77,387.05,USD,2025-05-01,2025-08-31,J407
R11078,LNI,MDC,UPG,Economy,77.63,12.07,89.7,USD,2025-05-01,2025-08-31,Y862
R11203,LNI,DPS,SUB,Business,136.63,21.44,158.07,USD,2025-05-01,2025-08-31,J666
R10611,VOI,MIA,MEX,Business,610.22,109.49,719.71,USD,2025-05-01,2025-08-31,J502
R11105,LNI,SUB,CGK,Business,224.47,40.32,264.79,USD,2025-05-01,2025-08-31,J450
R10340,AXM,SIN,LGK,Economy,80.69,16.95,97.64,USD,2025-05-01,2025-08-31,Y102
R10431,VOI,QRO,LAX,Business,792.77,101.64,894.41,USD,2025-05-01,2025-08-31,J545
R10915,LNI,MKQ,DJJ,Business,205.87,22.03,227.9,USD,2025-05-01,2025-08-31,J492
R10217,AXM,KUL,HKG,Business,786.67,96.83,883.5,USD,2025-05-01,2025-08-31,J227
R10203,AXM,PDG,KUL,Business,186.16,25.0,211.16,USD,2025-05-01,2025-08-31,J682
R11046,LNI,YIA,PKU,Economy,127.68,18.06,145.74,USD,2025-05-01,2025-08-31,Y326
R11057,LNI,TTE,UPG,Business,258.06,36.37,294.43,USD,2025-05-01,2025-08-31,J778
R10093,AXM,KHH,BKI,Business,646.43,80.21,726.64,USD,2025-05-01,2025-08-31,J661
R10934,LNI,KOE,UPG,Economy,75.52,13.31,88.83,USD,2025-05-01,2025-08-31,Y292
R10068,AXM,KUL,HAN,Economy,229.0,36.91,265.91,USD,2025-05-01,2025-08-31,Y785
R11134,LNI,UPG,LUV,Economy,112.75,13.97,126.72,USD,2025-05-01,2025-08-31,Y397
R10284,AXM,KCH,PNK,Economy,41.13,6.83,47.96,USD,2025-05-01,2025-08-31,Y360
R10696,VOI,GDL,LAX,Economy,213.69,43.82,257.51,USD,2025-05-01,2025-08-31,Y116
R10085,AXM,HKT,KUL,Business,222.93,39.06,261.99,USD,2025-05-01,2025-08-31,J854
R10434,VOI,IAH,MLM,Economy,158.05,30.82,188.87,USD,2025-05-01,2025-08-31,Y263
R10930,LNI,KNO,DPS,Economy,175.0,35.69,210.69,USD,2025-05-01,2025-08-31,Y965
R10153,AXM,SDK,KUL,Business,475.49,82.09,557.58,USD,2025-05-01,2025-08-31,J484
R10075,AXM,SAI,KUL,Business,482.63,81.64,564.27,USD,2025-05-01,2025-08-31,J891
R11237,AAL,LAX,JFK,Economy,459.68,70.42,530.1,USD,2025-05-01,2025-08-31,Y469
R11297,AXM,BKI,SZX,First,1068.13,149.54,1217.67,USD,2025-05-01,2025-08-31,F356
R10789,VOI,PVR,BJX,Business,183.86,24.54,208.4,USD,2025-05-01,2025-08-31,J241
R10580,VOI,ORD,MEX,Economy,284.08,40.8,324.88,USD,2025-05-01,2025-08-31,Y783
R10446,VOI,TGZ,CUN,Economy,132.62,19.7,152.32,USD,2025-05-01,2025-08-31,Y602
R10703,VOI,GDL,PVR,Business,171.92,30.59,202.51,USD,2025-05-01,2025-08-31,J154
R10188,AXM,SDK,BKI,Economy,52.74,7.89,60.63,USD,2025-05-01,2025-08-31,Y469
R10271,AXM,KUL,CGK,Business,376.64,63.56,440.2,USD,2025-05-01,2025-08-31,J489
R10884,VOI,MEX,HMO,Economy,165.4,35.08,200.48,USD,2025-05-01,2025-08-31,Y927
R10236,AXM,WUH,BKI,Economy,271.06,43.73,314.79,USD,2025-05-01,2025-08-31,Y292
R10487,VOI,DGO,TIJ,Business,480.68,69.67,550.35,USD,2025-05-01,2025-08-31,J426
R11254,EVA,DFW,SEA,Economy,481.37,78.61,559.98,USD,2025-05-01,2025-08-31,Y117
R10559,VOI,MID,NLU,Business,324.32,46.32,370.64,USD,2025-05-01,2025-08-31,J840
R10117,AXM,KUL,TGG,Business,186.2,31.13,217.33,USD,2025-05-01,2025-08-31,J383
R10637,VOI,CJS,GDL,Business,434.63,68.07,502.7,USD,2025-05-01,2025-08-31,J925
R11168,LNI,PKU,BTH,Economy,38.17,6.48,44.65,USD,2025-05-01,2025-08-31,Y423
R10801,VOI,GDL,PXM,Business,342.66,49.0,391.66,USD,2025-05-01,2025-08-31,J272
R10750,VOI,GDL,ONT,Economy,248.67,43.36,292.03,USD,2025-05-01,2025-08-31,Y909
R10512,VOI,GDL,TRC,Economy,79.41,16.62,96.03,USD,2025-05-01,2025-08-31,Y243
R10633,VOI,BJX,ORD,Business,938.38,144.24,1082.62,USD,2025-05-01,2025-08-31,J904
R10918,LNI,PNK,CGK,Economy,75.32,9.19,84.51,USD,2025-05-01,2025-08-31,Y491
R11102,LNI,SUB,TRK,Economy,107.68,13.62,121.3,USD,2025-05-01,2025-08-31,Y146
R10907,VOI,OAX,MID,Business,288.25,47.34,335.59,USD,2025-05-01,2025-08-31,J831
R11000,LNI,UPG,AMQ,Economy,90.47,19.0,109.47,USD,2025-05-01,2025-08-31,Y919
R10126,AXM,KUL,KBV,Economy,88.34,16.75,105.09,USD,2025-05-01,2025-08-31,Y977
R10790,VOI,MEX,DFW,Economy,185.6,30.12,215.72,USD,2025-05-01,2025-08-31,Y598
R10829,VOI,BJX,MDW,Business,753.2,128.18,881.38,USD,2025-05-01,2025-08-31,J565
R10116,AXM,KUL,TGG,Economy,61.53,10.3,71.83,USD,2025-05-01,2025-08-31,Y365
R10473,VOI,MEX,CTM,Business,397.29,44.63,441.92,USD,2025-05-01,2025-08-31,J774
R10740,VOI,BJX,SMF,Economy,271.41,59.64,331.05,USD,2025-05-01,2025-08-31,Y284
R11097,LNI,TIM,UPG,Business,367.98,37.21,405.19,USD,2025-05-01,2025-08-31,J429
R10057,AXM,KUL,PQC,Business,320.85,34.96,355.81,USD,2025-05-01,2025-08-31,J807
R10603,VOI,TIJ,GDL,Business,537.16,56.31,593.47,USD,2025-05-01,2025-08-31,J170
R10786,VOI,GUA,CUN,Economy,129.63,23.21,152.84,USD,2025-05-01,2025-08-31,Y788
R10830,VOI,MEX,CZM,Economy,181.64,27.74,209.38,USD,2025-05-01,2025-08-31,Y102
R10119,AXM,KUL,KMG,Business,704.75,95.28,800.03,USD,2025-05-01,2025-08-31,J830
R10656,VOI,LAX,UPN,Economy,277.88,42.24,320.12,USD,2025-05-01,2025-08-31,Y308
R11043,LNI,AMQ,UPG,Business,234.41,40.22,274.63,USD,2025-05-01,2025-08-31,J866
R10669,VOI,CUN,MEX,Business,566.15,99.42,665.57,USD,2025-05-01,2025-08-31,J784
R10105,AXM,KUL,SGN,Business,347.49,45.42,392.91,USD,2025-05-01,2025-08-31,J509
R10635,VOI,TLC,CUN,Business,431.77,56.18,487.95,USD,2025-05-01,2025-08-31,J872
R10369,VOI,ZIH,GDL,Business,210.31,27.94,238.25,USD,2025-05-01,2025-08-31,J792
R10268,AXM,DPS,KUL,Economy,228.14,29.08,257.22,USD,2025-05-01,2025-08-31,Y900
R10655,VOI,MLM,DFW,Business,442.67,79.02,521.69,USD,2025-05-01,2025-08-31,J580
R10819,VOI,MLM,IAH,Business,488.76,82.43,571.19,USD,2025-05-01,2025-08-31,J795
R10822,VOI,TAP,MEX,Economy,134.67,17.87,152.54,USD,2025-05-01,2025-08-31,Y986
R10991,LNI,UPG,KOE,Business,195.1,32.58,227.68,USD,2025-05-01,2025-08-31,J677
R10046,AXM,DRW,KUL,Economy,359.25,43.39,402.64,USD,2025-05-01,2025-08-31,Y936
R10349,AXM,MFM,KUL,Business,667.53,117.24,784.77,USD,2025-05-01,2025-08-31,J144
R11121,LNI,BTH,PNK,Business,211.27,29.77,241.04,USD,2025-05-01,2025-08-31,J732
R10876,VOI,SJC,MLM,Economy,292.87,55.15,348.02,USD,2025-05-01,2025-08-31,Y881
R10773,VOI,TIJ,CUL,Business,396.58,52.51,449.09,USD,2025-05-01,2025-08-31,J288
R10195,AXM,JHB,SGN,Business,321.48,54.31,375.79,USD,2025-05-01,2025-08-31,J216
R10102,AXM,BKI,SBW,Economy,71.64,8.93,80.57,USD,2025-05-01,2025-08-31,Y586
R10004,AXM,TRZ,KUL,Economy,237.5,50.0,287.5,USD,2025-05-01,2025-08-31,Y980
R10619,VOI,GUA,MEX,Business,353.69,60.38,414.07,USD,2025-05-01,2025-08-31,J116
R10571,VOI,GDL,FAT,Business,662.7,84.14,746.84,USD,2025-05-01,2025-08-31,J402
R10052,AXM,SBW,JHB,Economy,100.05,16.89,116.94,USD,2025-05-01,2025-08-31,Y966
R10263,AXM,JHB,BKI,Business,568.17,79.33,647.5,USD,2025-05-01,2025-08-31,J137
R11277,VOI,GDL,PBC,Economy,83.04,15.85,98.89,USD,2025-09-01,2025-12-31,Y186
R10443,VOI,MXL,MEX,Business,648.12,74.46,722.58,USD,2025-05-01,2025-08-31,J630
R11270,AXM,TRZ,KUL,Business,700.57,98.87,799.44,USD,2025-09-01,2025-12-31,J385
R10782,VOI,TGZ,TIJ,Economy,372.99,56.45,429.44,USD,2025-05-01,2025-08-31,Y497
R10837,VOI,MEX,MXL,Business,703.93,118.4,822.33,USD,2025-05-01,2025-08-31,J907
R10994,LNI,TJQ,PGK,Economy,36.37,7.89,44.26,USD,2025-05-01,2025-08-31,Y703
R10691,VOI,MCO,MEX,Business,780.21,133.87,914.08,USD,2025-05-01,2025-08-31,J143
R10304,AXM,KUL,COK,Economy,263.97,42.64,306.61,USD,2025-05-01,2025-08-31,Y305
R10341,AXM,SIN,LGK,Business,217.39,38.85,256.24,USD,2025-05-01,2025-08-31,J233
R11058,LNI,CGK,DPS,Economy,106.12,21.64,127.76,USD,2025-05-01,2025-08-31,Y674
R10313,AXM,BKI,KUL,Business,498.88,65.64,564.52,USD,2025-05-01,2025-08-31,J370
R10149,AXM,BKI,SZX,Business,519.64,67.3,586.94,USD,2025-05-01,2025-08-31,J720
R10124,AXM,TWU,CAN,Economy,219.78,35.51,255.29,USD,2025-05-01,2025-08-31,Y311
R11153,LNI,CGK,DJJ,Business,774.84,121.16,896.0,USD,2025-05-01,2025-08-31,J794
R10574,VOI,TPQ,LAX,Economy,310.04,53.18,363.22,USD,2025-05-01,2025-08-31,Y188
R10697,VOI,GDL,LAX,Business,678.04,99.65,777.69,USD,2025-05-01,2025-08-31,J870
R10664,VOI,GDL,MCO,Economy,306.24,56.4,362.64,USD,2025-05-01,2025-08-31,Y602
R10050,AXM,PEN,SGN,Economy,100.8,18.19,118.99,USD,2025-05-01,2025-08-31,Y834
R11011,LNI,JED,CGK,Business,1369.4,213.67,1583.07,USD,2025-05-01,2025-08-31,J701
R10958,LNI,SOQ,UPG,Economy,130.18,18.72,148.9,USD,2025-05-01,2025-08-31,Y427
R10726,VOI,PBC,CUN,Economy,149.05,25.1,174.15,USD,2025-05-01,2025-08-31,Y178
R10799,VOI,ACA,TIJ,Business,774.19,82.54,856.73,USD,2025-05-01,2025-08-31,J131
R10833,VOI,TQO,GDL,Business,172.26,28.94,201.2,USD,2025-05-01,2025-08-31,J914
R10353,VOI,LAS,MEX,Business,902.31,140.65,1042.96,USD,2025-05-01,2025-08-31,J501
R11247,AAL,HND,LAX,Economy,914.81,115.77,1030.58,USD,2025-05-01,2025-08-31,Y786
R10142,AXM,KUL,HKT,Economy,82.07,10.52,92.59,USD,2025-05-01,2025-08-31,Y119
R10470,VOI,RNO,GDL,Economy,260.51,56.18,316.69,USD,2025-05-01,2025-08-31,Y381
R10882,VOI,MEX,OAK,Economy,316.73,58.3,375.03,USD,2025-05-01,2025-08-31,Y650
R10971,LNI,KNO,SUB,Business,435.95,46.18,482.13,USD,2025-05-01,2025-08-31,J274
R10653,VOI,CUN,TIJ,Business,940.46,121.08,1061.54,USD,2025-05-01,2025-08-31,J367
R10399,VOI,TLC,SJD,Business,433.81,68.32,502.13,USD,2025-05-01,2025-08-31,J398
R10511,VOI,GDL,ORD,Business,707.83,97.61,805.44,USD,2025-05-01,2025-08-31,J567
R11244,AAL,LAX,TPE,Economy,1238.64,248.08,1486.72,USD,2025-05-01,2025-08-31,Y556
R10320,AXM,KUL,CCJ,Economy,282.98,53.8,336.78,USD,2025-05-01,2025-08-31,Y764
R10019,AXM,KUL,SAI,Business,416.49,44.76,461.25,USD,2025-05-01,2025-08-31,J871
R10684,VOI,DFW,MEX,Economy,166.06,31.51,197.57,USD,2025-05-01,2025-08-31,Y407
R10035,AXM,HKG,BKI,Business,534.95,78.47,613.42,USD,2025-05-01,2025-08-31,J635
R10824,VOI,PVR,GDL,Economy,60.99,11.96,72.95,USD,2025-05-01,2025-08-31,Y792
R10902,VOI,MTY,GDL,Economy,88.97,17.56,106.53,USD,2025-05-01,2025-08-31,Y687
R10505,VOI,TIJ,MLM,Business,623.35,111.66,735.01,USD,2025-05-01,2025-08-31,J796
R10827,VOI,MEX,MID,Business,310.71,50.82,361.53,USD,2025-05-01,2025-08-31,J887
R11207,LNI,DJJ,UPG,Business,474.07,73.74,547.81,USD,2025-05-01,2025-08-31,J430
R10407,VOI,CEN,GDL,Business,422.97,44.58,467.55,USD,2025-05-01,2025-08-31,J346
R10920,LNI,JED,UPG,Economy,740.13,114.28,854.41,USD,2025-05-01,2025-08-31,Y679
R10817,VOI,GDL,HMO,Business,457.37,65.45,522.82,USD,2025-05-01,2025-08-31,J431
R10866,VOI,VER,TIJ,Economy,243.35,42.67,286.02,USD,2025-05-01,2025-08-31,Y714
R10537,VOI,TGZ,GDL,Business,440.8,77.84,518.64,USD,2025-05-01,2025-08-31,J385
R10758,VOI,CUN,PBC,Economy,139.15,27.09,166.24,USD,2025-05-01,2025-08-31,Y671
R11159,LNI,DPS,CGK,Business,294.19,38.48,332.67,USD,2025-05-01,2025-08-31,J959
R11039,LNI,DPS,BPN,Business,213.59,32.22,245.81,USD,2025-05-01,2025-08-31,J226
R10038,AXM,TRV,KUL,Economy,238.74,44.06,282.8,USD,2025-05-01,2025-08-31,Y568
R10175,AXM,LOP,KUL,Business,537.28,84.68,621.96,USD,2025-05-01,2025-08-31,J600
R10245,AXM,KUL,MFM,Business,898.91,136.47,1035.38,USD,2025-05-01,2025-08-31,J257
R10810,VOI,GDL,IAH,Economy,150.4,31.02,181.42,USD,2025-05-01,2025-08-31,Y189
R11176,LNI,BTH,KNO,Economy,75.82,11.62,87.44,USD,2025-05-01,2025-08-31,Y885
R11106,LNI,SUB,AMQ,Economy,169.64,28.67,198.31,USD,2025-05-01,2025-08-31,Y868
R11079,LNI,MDC,UPG,Business,241.43,32.26,273.69,USD,2025-05-01,2025-08-31,J439
R10784,VOI,CEN,TIJ,Economy,115.89,19.21,135.1,USD,2025-05-01,2025-08-31,Y276
R10985,LNI,UPG,CGK,Business,329.95,58.79,388.74,USD,2025-05-01,2025-08-31,J584
R11281,LNI,MKQ,DJJ,Economy,78.42,13.33,91.75,USD,2025-09-01,2025-12-31,Y663
R10489,VOI,BJX,OAK,Business,730.84,78.74,809.58,USD,2025-05-01,2025-08-31,J397
R10154,AXM,LGK,KUL,Economy,65.4,12.52,77.92,USD,2025-05-01,2025-08-31,Y177
R10638,VOI,GDL,RNO,Economy,285.58,35.92,321.5,USD,2025-05-01,2025-08-31,Y522
R10961,LNI,DPS,SOC,Business,200.5,27.21,227.71,USD,2025-05-01,2025-08-31,J371
R10662,VOI,MXL,CUL,Economy,134.87,23.61,158.48,USD,2025-05-01,2025-08-31,Y801
R10853,VOI,DFW,MLM,Business,594.66,82.19,676.85,USD,2025-05-01,2025-08-31,J334
R10942,LNI,UPG,DPS,Economy,59.68,11.37,71.05,USD,2025-05-01,2025-08-31,Y245
R10287,AXM,JHB,KUL,Business,129.04,17.46,146.5,USD,2025-05-01,2025-08-31,J453
R10625,VOI,CJS,MEX,Business,569.35,70.11,639.46,USD,2025-05-01,2025-08-31,J935
R11221,DAL,ORD,MIA,Economy,302.45,57.25,359.7,USD,2025-05-01,2025-08-31,Y148
R10685,VOI,DFW,MEX,Business,494.66,83.02,577.68,USD,2025-05-01,2025-08-31,J769
R11103,LNI,SUB,TRK,Business,291.68,35.95,327.63,USD,2025-05-01,2025-08-31,J845
R10322,AXM,BTU,BKI,Economy,63.7,10.78,74.48,USD,2025-05-01,2025-08-31,Y199
R10569,VOI,MEX,CUU,Business,531.4,67.2,598.6,USD,2025-05-01,2025-08-31,J848
R11290,VOI,AGU,TIJ,First,1044.73,146.26,1190.99,USD,2025-05-01,2025-08-31,F316
R10734,VOI,MEX,MZT,Economy,110.86,23.8,134.66,USD,2025-05-01,2025-08-31,Y305
R11001,LNI,UPG,AMQ,Business,262.37,46.86,309.23,USD,2025-05-01,2025-08-31,J250
R10792,VOI,CUN,MLM,Economy,203.14,27.9,231.04,USD,2025-05-01,2025-08-31,Y270
R10017,AXM,JAI,KUL,Business,1013.92,170.82,1184.74,USD,2025-05-01,2025-08-31,J200
R10127,AXM,KUL,KBV,Business,275.31,40.21,315.52,USD,2025-05-01,2025-08-31,J588
R10927,LNI,SRG,DPS,Business,155.95,25.47,181.42,USD,2025-05-01,2025-08-31,J854
R10980,LNI,UPG,GTO,Economy,67.98,8.5,76.48,USD,2025-05-01,2025-08-31,Y685
R11274,VOI,OAK,MEX,Business,1179.12,149.35,1328.47,USD,2025-09-01,2025-12-31,J696
R10190,AXM,KUL,ATQ,Economy,349.25,43.5,392.75,USD,2025-05-01,2025-08-31,Y155
R10992,LNI,UPG,MDC,Economy,76.83,15.0,91.83,USD,2025-05-01,2025-08-31,Y783
R11268,AXM,BKI,PEN,Business,498.56,78.08,576.64,USD,2025-09-01,2025-12-31,J160
R10606,VOI,MEX,MTY,Economy,109.09,21.05,130.14,USD,2025-05-01,2025-08-31,Y530
R10180,AXM,MNL,KUL,Economy,232.87,40.83,273.7,USD,2025-05-01,2025-08-31,Y452
R10301,AXM,LBJ,KUL,Business,629.29,94.52,723.81,USD,2025-05-01,2025-08-31,J140
R10496,VOI,TRC,GDL,Economy,89.8,19.46,109.26,USD,2025-05-01,2025-08-31,Y320
R11122,LNI,UPG,KDI,Economy,40.44,5.31,45.75,USD,2025-05-01,2025-08-31,Y208
R11131,LNI,PNK,SUB,Business,294.13,31.8,325.93,USD,2025-05-01,2025-08-31,J362
R10517,VOI,MEX,ORD,Business,809.22,133.73,942.95,USD,2025-05-01,2025-08-31,J477
R10476,VOI,CUN,TLC,Economy,183.93,23.57,207.5,USD,2025-05-01,2025-08-31,Y756
R10157,AXM,KUL,UPG,Business,557.9,91.74,649.64,USD,2025-05-01,2025-08-31,J915
R10016,AXM,JAI,KUL,Economy,330.74,70.22,400.96,USD,2025-05-01,2025-08-31,Y553
R10546,VOI,GDL,OAK,Economy,250.47,53.2,303.67,USD,2025-05-01,2025-08-31,Y771
R10658,VOI,MEX,PXM,Economy,88.05,17.09,105.14,USD,2025-05-01,2025-08-31,Y116
R11066,LNI,CGK,BDJ,Economy,84.26,11.29,95.55,USD,2025-05-01,2025-08-31,Y126
R11019,LNI,KNO,BPN,Business,467.71,52.15,519.86,USD,2025-05-01,2025-08-31,J723
R11090,LNI,CGK,UPG,Economy,143.72,21.75,165.47,USD,2025-05-01,2025-08-31,Y159
R10959,LNI,SOQ,UPG,Business,340.75,58.21,398.96,USD,2025-05-01,2025-08-31,J190
R11223,DAL,MIA,ORD,Economy,292.31,35.46,327.77,USD,2025-05-01,2025-08-31,Y357
R10283,AXM,SIN,PEN,Business,210.62,25.12,235.74,USD,2025-05-01,2025-08-31,J697
R10797,VOI,TIJ,NLU,Business,657.29,91.76,749.05,USD,2025-05-01,2025-08-31,J801
R10225,AXM,TGG,KUL,Business,192.41,30.99,223.4,USD,2025-05-01,2025-08-31,J279
R10026,AXM,SWA,KUL,Economy,269.5,37.46,306.96,USD,2025-05-01,2025-08-31,Y322
R10437,VOI,LAX,GDL,Business,642.83,104.32,747.15,USD,2025-05-01,2025-08-31,J475
R11262,EVA,HND,LAX,Economy,1472.34,311.28,1783.62,USD,2025-05-01,2025-08-31,Y914
R10229,AXM,KUL,DAD,Business,513.9,65.09,578.99,USD,2025-05-01,2025-08-31,J786
R10037,AXM,BKI,PVG,Business,778.13,92.67,870.8,USD,2025-05-01,2025-08-31,J505
R10749,VOI,MTY,TIJ,Business,696.47,121.1,817.57,USD,2025-05-01,2025-08-31,J990
R11045,LNI,YIA,KNO,Business,457.59,51.72,509.31,USD,2025-05-01,2025-08-31,J685
R10469,VOI,MLM,LAX,Business,738.9,123.89,862.79,USD,2025-05-01,2025-08-31,J356
R11111,LNI,BPN,CGK,Business,344.53,56.29,400.82,USD,2025-05-01,2025-08-31,J484
R11276,VOI,LAS,MEX,Business,974.49,151.9,1126.39,USD,2025-09-01,2025-12-31,J501
R10687,VOI,BJX,PVR,Business,218.65,28.5,247.15,USD,2025-05-01,2025-08-31,J665
R11193,LNI,KNO,BTH,Business,226.69,31.43,258.12,USD,2025-05-01,2025-08-31,J620
R10639,VOI,GDL,RNO,Business,907.42,131.2,1038.62,USD,2025-05-01,2025-08-31,J237
R11125,LNI,CGK,BTH,Business,210.64,27.97,238.61,USD,2025-05-01,2025-08-31,J264
R11208,LNI,BTH,SUB,Economy,126.21,24.75,150.96,USD,2025-05-01,2025-08-31,Y675
R11179,LNI,SOQ,AMQ,Business,162.16,19.09,181.25,USD,2025-05-01,2025-08-31,J449
R10800,VOI,GDL,PXM,Economy,127.27,18.08,145.35,USD,2025-05-01,2025-08-31,Y133
R10160,AXM,KUL,DPS,Economy,198.28,30.56,228.84,USD,2025-05-01,2025-08-31,Y969
R10956,LNI,CGK,TJQ,Economy,58.06,8.25,66.31,USD,2025-05-01,2025-08-31,Y679
R10821,VOI,TIJ,LMM,Business,469.7,81.49,551.19,USD,2025-05-01,2025-08-31,J383
R11139,LNI,MDC,SUB,Business,464.86,82.0,546.86,USD,2025-05-01,2025-08-31,J374
R10877,VOI,SJC,MLM,Business,828.74,148.34,977.08,USD,2025-05-01,2025-08-31,J174
R10913,VOI,CUU,DEN,Business,441.66,46.6,488.26,USD,2025-05-01,2025-08-31,J576
R10152,AXM,SDK,KUL,Economy,163.79,20.08,183.87,USD,2025-05-01,2025-08-31,Y419
R11188,LNI,BKS,CGK,Economy,51.76,9.49,61.25,USD,2025-05-01,2025-08-31,Y788
R10509,VOI,GDL,CJS,Business,425.91,59.94,485.85,USD,2025-05-01,2025-08-31,J612
R11091,LNI,CGK,UPG,Business,359.77,43.85,403.62,USD,2025-05-01,2025-08-31,J879
R10103,AXM,BKI,SBW,Business,209.75,33.87,243.62,USD,2025-05-01,2025-08-31,J566
R10586,VOI,OAX,GDL,Economy,99.62,19.4,119.02,USD,2025-05-01,2025-08-31,Y720
R11151,LNI,CGK,PKU,Business,299.24,32.63,331.87,USD,2025-05-01,2025-08-31,J521
R10053,AXM,SBW,JHB,Business,253.68,38.24,291.92,USD,2025-05-01,2025-08-31,J949
R10151,AXM,BKI,PKX,Business,1104.31,124.9,1229.21,USD,2025-05-01,2025-08-31,J418
R10403,VOI,QRO,ORD,Business,794.98,114.1,909.08,USD,2025-05-01,2025-08-31,J905
R10207,AXM,BWN,KUL,Business,378.74,54.6,433.34,USD,2025-05-01,2025-08-31,J260
R11229,DAL,LAX,TPE,Economy,1352.91,220.32,1573.23,USD,2025-05-01,2025-08-31,Y669
R10008,AXM,JHB,PEN,Economy,75.55,14.99,90.54,USD,2025-05-01,2025-08-31,Y926
R11014,LNI,SRG,BPN,Economy,98.25,21.02,119.27,USD,2025-05-01,2025-08-31,Y208
R11060,LNI,LOP,BPN,Economy,86.6,14.56,101.16,USD,2025-05-01,2025-08-31,Y444
R10452,VOI,GDL,LMM,Economy,128.02,24.47,152.49,USD,2025-05-01,2025-08-31,Y817
R10253,AXM,PQC,KUL,Business,268.73,26.93,295.66,USD,2025-05-01,2025-08-31,J843
R10896,VOI,MEX,ZIH,Economy,72.88,10.7,83.58,USD,2025-05-01,2025-08-31,Y220
R11141,LNI,UPG,JED,Business,2086.52,227.65,2314.17,USD,2025-05-01,2025-08-31,J509
R10880,VOI,MLM,MTY,Economy,96.43,14.33,110.76,USD,2025-05-01,2025-08-31,Y829
R11227,DAL,SIN,LAX,Economy,1987.83,297.02,2284.85,USD,2025-05-01,2025-08-31,Y281
R10623,VOI,GDL,NLU,Business,248.17,29.47,277.64,USD,2025-05-01,2025-08-31,J322
R10345,AXM,AOR,JHB,Business,213.6,24.34,237.94,USD,2025-05-01,2025-08-31,J153
R11117,LNI,PGK,TJQ,Business,103.17,12.01,115.18,USD,2025-05-01,2025-08-31,J802
R10262,AXM,JHB,BKI,Economy,178.3,35.52,213.82,USD,2025-05-01,2025-08-31,Y767
R10150,AXM,BKI,PKX,Economy,362.73,70.66,433.39,USD,2025-05-01,2025-08-31,Y217
R10472,VOI,MEX,CTM,Economy,125.76,23.15,148.91,USD,2025-05-01,2025-08-31,Y706
R10640,VOI,QRO,CUN,Economy,162.8,23.69,186.49,USD,2025-05-01,2025-08-31,Y438
R11286,LNI,PNK,CGK,Business,247.89,31.91,279.8,USD,2025-09-01,2025-12-31,J657
R11224,DAL,DFW,SEA,Economy,413.52,85.2,498.72,USD,2025-05-01,2025-08-31,Y553
R10550,VOI,BJX,ONT,Economy,261.63,37.66,299.29,USD,2025-05-01,2025-08-31,Y151
R10928,LNI,PLW,UPG,Economy,47.21,10.37,57.58,USD,2025-05-01,2025-08-31,Y324
R10488,VOI,BJX,OAK,Economy,273.36,36.15,309.51,USD,2025-05-01,2025-08-31,Y560
R11172,LNI,SUB,BPN,Economy,88.07,19.05,107.12,USD,2025-05-01,2025-08-31,Y752
R10146,AXM,KUL,PNK,Economy,96.78,11.81,108.59,USD,2025-05-01,2025-08-31,Y256
R10402,VOI,QRO,ORD,Economy,250.99,54.58,305.57,USD,2025-05-01,2025-08-31,Y169
R10954,LNI,CGK,TIM,Economy,251.26,55.13,306.39,USD,2025-05-01,2025-08-31,Y681
R11219,LNI,UPG,YIA,Business,328.23,47.58,375.81,USD,2025-05-01,2025-08-31,J329
R10659,VOI,MEX,PXM,Business,236.2,41.28,277.48,USD,2025-05-01,2025-08-31,J693
R10463,VOI,AGU,TIJ,Business,512.41,87.23,599.64,USD,2025-05-01,2025-08-31,J898
R10186,AXM,SGN,JHB,Economy,120.31,23.15,143.46,USD,2025-05-01,2025-08-31,Y878
R10608,VOI,BJX,LAX,Economy,277.33,58.43,335.76,USD,2025-05-01,2025-08-31,Y484
R10143,AXM,KUL,HKT,Business,248.21,25.86,274.07,USD,2025-05-01,2025-08-31,J458
R10751,VOI,GDL,ONT,Business,790.25,123.38,913.63,USD,2025-05-01,2025-08-31,J931
R10981,LNI,UPG,GTO,Business,196.11,27.31,223.42,USD,2025-05-01,2025-08-31,J155
R10197,AXM,KUL,BDJ,Business,535.31,82.93,618.24,USD,2025-05-01,2025-08-31,J255
R10883,VOI,MEX,OAK,Business,928.41,113.45,1041.86,USD,2025-05-01,2025-08-31,J417
R10279,AXM,BTU,KCH,Business,167.14,20.64,187.78,USD,2025-05-01,2025-08-31,J483
R10293,AXM,ICN,BKI,Business,886.79,147.56,1034.35,USD,2025-05-01,2025-08-31,J505
R11214,LNI,AMQ,CGK,Economy,173.35,33.81,207.16,USD,2025-05-01,2025-08-31,Y264
R10400,VOI,ZIH,QRO,Economy,68.72,12.47,81.19,USD,2025-05-01,2025-08-31,Y346
R10122,AXM,KUL,TRZ,Economy,237.7,45.02,282.72,USD,2025-05-01,2025-08-31,Y823
R10202,AXM,PDG,KUL,Economy,63.93,10.5,74.43,USD,2025-05-01,2025-08-31,Y980
R10835,VOI,MID,MEX,Business,409.54,57.16,466.7,USD,2025-05-01,2025-08-31,J430
R10246,AXM,CMB,KUL,Economy,241.12,46.21,287.33,USD,2025-05-01,2025-08-31,Y621
R11234,DAL,LHR,JFK,Economy,656.35,125.21,781.56,USD,2025-05-01,2025-08-31,Y638
R11222,DAL,LAX,JFK,Economy,525.28,113.29,638.57,USD,2025-05-01,2025-08-31,Y801
R10384,VOI,LAS,GDL,Economy,260.29,54.26,314.55,USD,2025-05-01,2025-08-31,Y127
R10854,VOI,MEX,GUA,Economy,132.16,25.52,157.68,USD,2025-05-01,2025-08-31,Y204
R10219,AXM,BKI,CAN,Business,618.64,86.63,705.27,USD,2025-05-01,2025-08-31,J605
R10641,VOI,QRO,CUN,Business,480.7,83.54,564.24,USD,2025-05-01,2025-08-31,J967
R10001,AXM,COK,KUL,Business,732.82,77.04,809.86,USD,2025-05-01,2025-08-31,J121
R10112,AXM,BKI,KHH,Economy,194.89,34.28,229.17,USD,2025-05-01,2025-08-31,Y424
R10698,VOI,CUL,PHX,Economy,152.06,30.73,182.79,USD,2025-05-01,2025-08-31,Y178
R11241,AAL,LAX,SIN,Economy,1684.3,363.62,2047.92,USD,2025-05-01,2025-08-31,Y798
R10951,LNI,TKG,CGK,Business,120.41,15.69,136.1,USD,2025-05-01,2025-08-31,J851
R11144,LNI,CGK,PNK,Economy,77.86,15.55,93.41,USD,2025-05-01,2025-08-31,Y215
R11170,LNI,CGK,LOP,Economy,84.75,13.59,98.34,USD,2025-05-01,2025-08-31,Y136
R10441,VOI,MTY,CJS,Business,303.49,39.26,342.75,USD,2025-05-01,2025-08-31,J421
R11136,LNI,PKY,UPG,Economy,77.5,10.04,87.54,USD,2025-05-01,2025-08-31,Y876
R10663,VOI,MXL,CUL,Business,369.04,59.44,428.48,USD,2025-05-01,2025-08-31,J600
R11187,LNI,UPG,BDJ,Business,169.6,18.42,188.02,USD,2025-05-01,2025-08-31,J524
R10317,AXM,SGN,BKI,Business,424.1,58.41,482.51,USD,2025-05-01,2025-08-31,J734
R10648,VOI,GDL,TIJ,Economy,198.45,27.59,226.04,USD,2025-05-01,2025-08-31,Y859
R10709,VOI,ZCL,OAK,Business,769.2,118.75,887.95,USD,2025-05-01,2025-08-31,J776
R10972,LNI,CGK,KNO,Economy,136.13,18.53,154.66,USD,2025-05-01,2025-08-31,Y176
R10627,VOI,LAP,TIJ,Business,482.52,74.21,556.73,USD,2025-05-01,2025-08-31,J428
R10632,VOI,BJX,ORD,Economy,297.04,37.04,334.08,USD,2025-05-01,2025-08-31,Y452
R11266,AXM,COK,KUL,Business,791.45,83.2,874.65,USD,2025-09-01,2025-12-31,J121
R11198,LNI,SRG,PKY,Economy,67.35,12.18,79.53,USD,2025-05-01,2025-08-31,Y809
R10795,VOI,OAX,MTY,Business,414.27,41.74,456.01,USD,2025-05-01,2025-08-31,J239
R10645,VOI,SAT,MEX,Business,391.76,63.05,454.81,USD,2025-05-01,2025-08-31,J841
R11012,LNI,TRK,SUB,Economy,115.77,18.75,134.52,USD,2025-05-01,2025-08-31,Y524
R10556,VOI,CUN,SJO,Economy,155.84,28.84,184.68,USD,2025-05-01,2025-08-31,Y874
R10681,VOI,MEX,MCO,Business,700.79,99.59,800.38,USD,2025-05-01,2025-08-31,J934
R10577,VOI,LAX,AGU,Business,629.14,74.77,703.91,USD,2025-05-01,2025-08-31,J871
R11109,LNI,BPN,YIA,Business,301.08,35.19,336.27,USD,2025-05-01,2025-08-31,J122
R10524,VOI,TIJ,OAX,Economy,295.02,56.68,351.7,USD,2025-05-01,2025-08-31,Y893
R11059,LNI,CGK,DPS,Business,313.39,46.61,360.0,USD,2025-05-01,2025-08-31,J405
R10540,VOI,LAX,TPQ,Economy,298.92,45.35,344.27,USD,2025-05-01,2025-08-31,Y457
R10748,VOI,MTY,TIJ,Economy,242.33,40.69,283.02,USD,2025-05-01,2025-08-31,Y510
R11201,LNI,PLM,BTH,Business,162.92,24.15,187.07,USD,2025-05-01,2025-08-31,J866
R10484,VOI,GDL,LAP,Economy,104.07,18.8,122.87,USD,2025-05-01,2025-08-31,Y420
R10095,AXM,MLE,KUL,Business,927.13,135.73,1062.86,USD,2025-05-01,2025-08-31,J770
R11020,LNI,GTO,UPG,Economy,78.69,12.6,91.29,USD,2025-05-01,2025-08-31,Y505
R10563,VOI,GDL,SMF,Business,896.29,143.33,1039.62,USD,2025-05-01,2025-08-31,J993
R10742,VOI,CJS,TIJ,Economy,130.09,24.83,154.92,USD,2025-05-01,2025-08-31,Y548
R10863,VOI,MTY,CUN,Business,508.38,55.85,564.23,USD,2025-05-01,2025-08-31,J847
R10891,VOI,MLM,MXL,Business,668.09,101.98,770.07,USD,2025-05-01,2025-08-31,J279
R11038,LNI,DPS,BPN,Economy,74.85,11.74,86.59,USD,2025-05-01,2025-08-31,Y575
R10206,AXM,BWN,KUL,Economy,141.96,26.41,168.37,USD,2025-05-01,2025-08-31,Y260
R10392,VOI,MLM,SJC,Economy,346.68,42.26,388.94,USD,2025-05-01,2025-08-31,Y320
R10794,VOI,OAX,MTY,Economy,150.57,27.39,177.96,USD,2025-05-01,2025-08-31,Y986
R10870,VOI,PXM,MEX,Economy,70.76,11.26,82.02,USD,2025-05-01,2025-08-31,Y761
R10397,VOI,GDL,SEA,Business,949.54,103.38,1052.92,USD,2025-05-01,2025-08-31,J611
R10766,VOI,GDL,TAP,Economy,164.12,25.41,189.53,USD,2025-05-01,2025-08-31,Y199
R11191,LNI,BTH,PKU,Business,112.75,15.77,128.52,USD,2025-05-01,2025-08-31,J643
R11028,LNI,LOP,SUB,Economy,48.7,9.39,58.09,USD,2025-05-01,2025-08-31,Y719
R10642,VOI,LAX,ZCL,Economy,215.42,37.39,252.81,USD,2025-05-01,2025-08-31,Y949
R10612,VOI,ZIH,MEX,Economy,67.4,12.99,80.39,USD,2025-05-01,2025-08-31,Y328
R10960,LNI,DPS,SOC,Economy,64.25,12.01,76.26,USD,2025-05-01,2025-08-31,Y846
R10725,VOI,IAH,SLP,Business,308.43,34.97,343.4,USD,2025-05-01,2025-08-31,J382
R10683,VOI,GDL,VER,Business,286.36,37.94,324.3,USD,2025-05-01,2025-08-31,J678
R10098,AXM,KCH,BTU,Economy,62.97,11.71,74.68,USD,2025-05-01,2025-08-31,Y390
R10804,VOI,SJD,MEX,Economy,152.61,22.4,175.01,USD,2025-05-01,2025-08-31,Y656
R10406,VOI,CEN,GDL,Economy,153.81,22.36,176.17,USD,2025-05-01,2025-08-31,Y116
R10502,VOI,LMM,TIJ,Economy,119.03,14.89,133.92,USD,2025-05-01,2025-08-31,Y675
R11071,LNI,UPG,SOQ,Business,353.07,50.41,403.48,USD,2025-05-01,2025-08-31,J903
R11056,LNI,TTE,UPG,Economy,100.35,18.3,118.65,USD,2025-05-01,2025-08-31,Y698
R10929,LNI,PLW,UPG,Business,137.05,24.48,161.53,USD,2025-05-01,2025-08-31,J497
R10779,VOI,MEX,PVR,Business,271.96,46.17,318.13,USD,2025-05-01,2025-08-31,J291
R10200,AXM,KUL,LBU,Economy,174.06,31.44,205.5,USD,2025-05-01,2025-08-31,Y909
R10134,AXM,MYY,KUL,Economy,142.37,19.43,161.8,USD,2025-05-01,2025-08-31,Y578
R11051,LNI,UPG,BIK,Business,453.05,45.61,498.66,USD,2025-05-01,2025-08-31,J358
R10040,AXM,AOR,KUL,Economy,53.59,9.76,63.35,USD,2025-05-01,2025-08-31,Y676
R11017,LNI,BDJ,UPG,Business,194.27,25.38,219.65,USD,2025-05-01,2025-08-31,J597
R10230,AXM,SBW,BKI,Economy,70.52,9.6,80.12,USD,2025-05-01,2025-08-31,Y521
R10378,VOI,GDL,MEX,Economy,89.48,11.2,100.68,USD,2025-05-01,2025-08-31,Y592
R10288,AXM,MYY,KCH,Economy,84.18,12.62,96.8,USD,2025-05-01,2025-08-31,Y534
R10418,VOI,NLU,GDL,Economy,67.6,12.49,80.09,USD,2025-05-01,2025-08-31,Y392
R10391,VOI,TIJ,UPN,Business,701.76,95.36,797.12,USD,2025-05-01,2025-08-31,J105
R10592,VOI,MLM,FAT,Economy,326.7,42.87,369.57,USD,2025-05-01,2025-08-31,Y948
R11162,LNI,YIA,UPG,Economy,100.36,16.75,117.11,USD,2025-05-01,2025-08-31,Y607
R11086,LNI,PLW,SUB,Economy,87.03,19.08,106.11,USD,2025-05-01,2025-08-31,Y450
R10647,VOI,MDW,GDL,Business,996.22,126.16,1122.38,USD,2025-05-01,2025-08-31,J115
R11152,LNI,CGK,DJJ,Economy,284.87,35.99,320.86,USD,2025-05-01,2025-08-31,Y770
R10520,VOI,CUL,GDL,Economy,108.61,19.87,128.48,USD,2025-05-01,2025-08-31,Y711
R10064,AXM,KUL,SIN,Economy,52.35,9.53,61.88,USD,2025-05-01,2025-08-31,Y258
R10014,AXM,CAN,KUL,Economy,233.09,32.4,265.49,USD,2025-05-01,2025-08-31,Y559
R11180,LNI,PDG,JED,Economy,500.56,91.79,592.35,USD,2025-05-01,2025-08-31,Y919
R11064,LNI,PLM,SUB,Economy,87.11,10.95,98.06,USD,2025-05-01,2025-08-31,Y977
R10492,VOI,GDL,SAT,Economy,157.52,33.61,191.13,USD,2025-05-01,2025-08-31,Y838
R10379,VOI,GDL,MEX,Business,278.45,40.2,318.65,USD,2025-05-01,2025-08-31,J205
R10187,AXM,SGN,JHB,Business,344.96,42.31,387.27,USD,2025-05-01,2025-08-31,J202
R10763,VOI,TIJ,MZT,Business,577.97,102.26,680.23,USD,2025-05-01,2025-08-31,J218
R10216,AXM,KUL,HKG,Economy,271.41,48.72,320.13,USD,2025-05-01,2025-08-31,Y944
R10791,VOI,MEX,DFW,Business,546.56,84.98,631.54,USD,2025-05-01,2025-08-31,J760
R11076,LNI,SUB,MDC,Economy,151.54,26.66,178.2,USD,2025-05-01,2025-08-31,Y287
R10878,VOI,DEN,MEX,Economy,219.55,27.83,247.38,USD,2025-05-01,2025-08-31,Y368
R10337,AXM,SZX,KUL,Business,833.84,97.07,930.91,USD,2025-05-01,2025-08-31,J949
R10719,VOI,LAX,MLM,Business,640.58,104.26,744.84,USD,2025-05-01,2025-08-31,J984
R10295,AXM,LKO,KUL,Business,925.23,164.59,1089.82,USD,2025-05-01,2025-08-31,J720
R11016,LNI,BDJ,UPG,Economy,69.69,14.5,84.19,USD,2025-05-01,2025-08-31,Y998
R10455,VOI,EWR,GDL,Business,893.08,145.78,1038.86,USD,2025-05-01,2025-08-31,J126
R10815,VOI,BJX,MTY,Business,238.34,27.77,266.11,USD,2025-05-01,2025-08-31,J311
R10269,AXM,DPS,KUL,Business,725.13,92.15,817.28,USD,2025-05-01,2025-08-31,J809
R10995,LNI,TJQ,PGK,Business,96.72,10.14,106.86,USD,2025-05-01,2025-08-31,J496
R10201,AXM,KUL,LBU,Business,510.5,82.73,593.23,USD,2025-05-01,2025-08-31,J489
R10161,AXM,KUL,DPS,Business,554.0,77.13,631.13,USD,2025-05-01,2025-08-31,J543
R10729,VOI,CJS,MTY,Business,358.01,39.68,397.69,USD,2025-05-01,2025-08-31,J106
R10401,VOI,ZIH,QRO,Business,199.25,22.91,222.16,USD,2025-05-01,2025-08-31,J784
R10702,VOI,GDL,PVR,Economy,60.31,11.39,71.7,USD,2025-05-01,2025-08-31,Y180
R11129,LNI,DPS,KOE,Business,231.53,35.54,267.07,USD,2025-05-01,2025-08-31,J252
R10565,VOI,MTY,OAX,Business,417.9,61.94,479.84,USD,2025-05-01,2025-08-31,J443
R11021,LNI,GTO,UPG,Business,245.73,31.09,276.82,USD,2025-05-01,2025-08-31,J343
R11025,LNI,SUB,KDI,Business,319.0,49.67,368.67,USD,2025-05-01,2025-08-31,J200
R11104,LNI,SUB,CGK,Economy,71.91,12.4,84.31,USD,2025-05-01,2025-08-31,Y544
R10205,AXM,KCH,MYY,Business,194.05,31.25,225.3,USD,2025-05-01,2025-08-31,J740
R10034,AXM,HKG,BKI,Economy,191.5,23.74,215.24,USD,2025-05-01,2025-08-31,Y183
R10775,VOI,CLT,GDL,Business,675.75,100.77,776.52,USD,2025-05-01,2025-08-31,J302
R10508,VOI,GDL,CJS,Economy,161.37,25.26,186.63,USD,2025-05-01,2025-08-31,Y247
R11279,VOI,TIJ,PVR,Economy,208.98,27.75,236.73,USD,2025-09-01,2025-12-31,Y819
R10091,AXM,KUL,DMK,Business,381.23,43.97,425.2,USD,2025-05-01,2025-08-31,J780
R10897,VOI,MEX,ZIH,Business,221.56,22.68,244.24,USD,2025-05-01,2025-08-31,J926
R10564,VOI,MTY,OAX,Economy,154.27,32.04,186.31,USD,2025-05-01,2025-08-31,Y109
R10776,VOI,TIJ,MEX,Economy,253.18,41.26,294.44,USD,2025-05-01,2025-08-31,Y104
R10241,AXM,NNG,KUL,Business,563.62,84.77,648.39,USD,2025-05-01,2025-08-31,J918
R10013,AXM,KBR,JHB,Business,257.15,42.18,299.33,USD,2025-05-01,2025-08-31,J211
R10315,AXM,KBV,KUL,Business,263.15,31.83,294.98,USD,2025-05-01,2025-08-31,J490
R10600,VOI,LAX,BJX,Economy,265.55,42.38,307.93,USD,2025-05-01,2025-08-31,Y936
R10387,VOI,SLP,DFW,Business,377.64,47.39,425.03,USD,2025-05-01,2025-08-31,J201
R10166,AXM,KUL,JAI,Economy,358.09,58.57,416.66,USD,2025-05-01,2025-08-31,Y848
R10840,VOI,NLU,MID,Economy,128.75,17.05,145.8,USD,2025-05-01,2025-08-31,Y978
R10020,AXM,JHB,MYY,Economy,145.34,19.86,165.2,USD,2025-05-01,2025-08-31,Y597
R10646,VOI,MDW,GDL,Economy,320.47,45.41,365.88,USD,2025-05-01,2025-08-31,Y313
R11154,LNI,BPN,SRG,Economy,91.37,17.76,109.13,USD,2025-05-01,2025-08-31,Y841
R10831,VOI,MEX,CZM,Business,564.58,94.72,659.3,USD,2025-05-01,2025-08-31,J195
R10562,VOI,GDL,SMF,Economy,340.74,54.42,395.16,USD,2025-05-01,2025-08-31,Y607
R11265,AXM,COK,KUL,Economy,296.03,50.85,346.88,USD,2025-09-01,2025-12-31,Y223
R10686,VOI,BJX,PVR,Economy,85.23,15.77,101.0,USD,2025-05-01,2025-08-31,Y132
R10957,LNI,CGK,TJQ,Business,149.38,20.87,170.25,USD,2025-05-01,2025-08-31,J439
R10189,AXM,SDK,BKI,Business,138.47,14.0,152.47,USD,2025-05-01,2025-08-31,J646
R10975,LNI,TTE,SUB,Business,437.72,58.88,496.6,USD,2025-05-01,2025-08-31,J769
R10699,VOI,CUL,PHX,Business,412.01,59.79,471.8,USD,2025-05-01,2025-08-31,J680
R10510,VOI,GDL,ORD,Economy,258.98,32.09,291.07,USD,2025-05-01,2025-08-31,Y830
R11082,LNI,PDG,BTH,Economy,58.65,10.44,69.09,USD,2025-05-01,2025-08-31,Y735
R10474,VOI,ONT,SJD,Economy,180.9,38.03,218.93,USD,2025-05-01,2025-08-31,Y445
R10856,VOI,GDL,LAS,Economy,208.15,41.08,249.23,USD,2025-05-01,2025-08-31,Y871
R10747,VOI,MEX,GDL,Business,204.4,26.6,231.0,USD,2025-05-01,2025-08-31,J559
R10252,AXM,PQC,KUL,Economy,100.01,21.34,121.35,USD,2025-05-01,2025-08-31,Y619
R10021,AXM,JHB,MYY,Business,412.32,69.75,482.07,USD,2025-05-01,2025-08-31,J160
R10459,VOI,SJD,TIJ,Business,566.32,89.2,655.52,USD,2025-05-01,2025-08-31,J638
R11184,LNI,SUB,JED,Economy,617.75,89.84,707.59,USD,2025-05-01,2025-08-31,Y300
R10276,AXM,PEN,JHB,Economy,88.08,17.27,105.35,USD,2025-05-01,2025-08-31,Y820
R10955,LNI,CGK,TIM,Business,633.85,93.93,727.78,USD,2025-05-01,2025-08-31,J928
R11215,LNI,AMQ,CGK,Business,552.72,85.49,638.21,USD,2025-05-01,2025-08-31,J249
R10385,VOI,LAS,GDL,Business,726.32,95.67,821.99,USD,2025-05-01,2025-08-31,J482
R10805,VOI,SJD,MEX,Business,469.47,60.73,530.2,USD,2025-05-01,2025-08-31,J942
R10343,AXM,DMK,KUL,Business,408.38,41.68,450.06,USD,2025-05-01,2025-08-31,J115
R10769,VOI,TIJ,TLC,Business,564.32,94.77,659.09,USD,2025-05-01,2025-08-31,J763
R10130,AXM,PLM,KUL,Economy,87.32,17.01,104.33,USD,2025-05-01,2025-08-31,Y659
R10871,VOI,PXM,MEX,Business,179.6,30.86,210.46,USD,2025-05-01,2025-08-31,J345
R11123,LNI,UPG,KDI,Business,115.19,17.13,132.32,USD,2025-05-01,2025-08-31,J896
R10087,AXM,HKG,KUL,Business,827.69,143.74,971.43,USD,2025-05-01,2025-08-31,J738
R10330,AXM,KUL,BPN,Economy,205.26,42.19,247.45,USD,2025-05-01,2025-08-31,Y201
R11238,AAL,MIA,ORD,Economy,292.7,53.22,345.92,USD,2025-05-01,2025-08-31,Y586
R10466,VOI,HMO,GDL,Economy,131.98,17.48,149.46,USD,2025-05-01,2025-08-31,Y256
R10121,AXM,BKI,TWU,Business,155.85,16.59,172.44,USD,2025-05-01,2025-08-31,J254
R11044,LNI,YIA,KNO,Economy,165.16,21.31,186.47,USD,2025-05-01,2025-08-31,Y128
R11095,LNI,YIA,DPS,Business,153.73,27.24,180.97,USD,2025-05-01,2025-08-31,J492
R11130,LNI,PNK,SUB,Economy,97.83,19.37,117.2,USD,2025-05-01,2025-08-31,Y176
R11294,AXM,BKI,SDK,First,248.12,34.74,282.86,USD,2025-05-01,2025-08-31,F971
R10860,VOI,TIJ,QRO,Economy,257.98,47.16,305.14,USD,2025-05-01,2025-08-31,Y255
R11126,LNI,SUB,BDJ,Economy,48.52,8.23,56.75,USD,2025-05-01,2025-08-31,Y312
